dataset,policy,axis,stratum,method,macro,pooled,queries,pairs,query_q10,query_q50,query_q90
DAVIS,all_source_molecules,target,all_determinate,boltz_affinity,0.6929698452982433,0.697195074126416,72,3184897,0.5439169681462662,0.720947897528943,0.8173313735158535
DAVIS,all_source_molecules,target,all_determinate,boltz_binder,0.7589580331576459,0.7454705756575487,72,3184897,0.6529289352668283,0.7625487896226018,0.8781080341309023
DAVIS,all_source_molecules,target,all_determinate,affinity_member1,0.680543918200944,0.6800433420609835,72,3184897,0.5473094173179777,0.7062944459084249,0.8074670358414987
DAVIS,all_source_molecules,target,all_determinate,affinity_member2,0.6715775723583829,0.6780866068824204,72,3184897,0.4975183858798414,0.6878005236859503,0.8338297297433723
DAVIS,all_source_molecules,target,all_determinate,binder_member1,0.7369646777951631,0.7257060432409588,72,3184897,0.640323039513578,0.7375385895508495,0.8450826834573385
DAVIS,all_source_molecules,target,all_determinate,binder_member2,0.7571312269260442,0.7404231596814591,72,3184897,0.6399904850766687,0.7491947744027223,0.8670615544778328
DAVIS,all_source_molecules,target,both_exact,boltz_affinity,0.6364016935774266,0.6434600188950264,72,960041,0.5387217576702295,0.6375333885972183,0.7173406746408455
DAVIS,all_source_molecules,target,both_exact,boltz_binder,0.6373407402887904,0.6589072758350946,72,960041,0.5432234888740133,0.6440448345279013,0.7344891724479116
DAVIS,all_source_molecules,target,both_exact,affinity_member1,0.6281010909218314,0.6312969966907663,72,960041,0.5130177418634034,0.6254094147129123,0.7219555724321246
DAVIS,all_source_molecules,target,both_exact,affinity_member2,0.6191625259742958,0.6292293766620384,72,960041,0.5275282186843375,0.6076875959200787,0.7109333120733773
DAVIS,all_source_molecules,target,both_exact,binder_member1,0.6407726494930942,0.652425261004478,72,960041,0.53680667223257,0.6414841450514315,0.7412882655303049
DAVIS,all_source_molecules,target,both_exact,binder_member2,0.6337576545016872,0.6470572610961407,72,960041,0.5408595464347745,0.6241303630311212,0.7258372711163615
DAVIS,all_source_molecules,target,one_bounded,boltz_affinity,0.7139654225182223,0.7203821281017738,72,2224856,0.5251630570015183,0.7436811432787556,0.8559049054723384
DAVIS,all_source_molecules,target,one_bounded,boltz_binder,0.7850281610999427,0.7828232478866048,72,2224856,0.656920374024207,0.8002822109770339,0.8935286090720873
DAVIS,all_source_molecules,target,one_bounded,affinity_member1,0.7002361187543104,0.7010777326712381,72,2224856,0.5427371726981691,0.7287648630196587,0.8426956033044976
DAVIS,all_source_molecules,target,one_bounded,affinity_member2,0.6908834959433178,0.6991688450848055,72,2224856,0.4886415854362326,0.7197310530033616,0.8593585685765518
DAVIS,all_source_molecules,target,one_bounded,binder_member1,0.7589078632754056,0.757327215783853,72,2224856,0.6442927755952711,0.7692974109512204,0.8715014219172625
DAVIS,all_source_molecules,target,one_bounded,binder_member2,0.7855088916680834,0.7807112010844747,72,2224856,0.6638635242118348,0.7958765559366652,0.890814256206836
DAVIS,all_source_molecules,target,both_bounded,boltz_affinity,,,0,0,,,
DAVIS,all_source_molecules,target,both_bounded,boltz_binder,,,0,0,,,
DAVIS,all_source_molecules,target,both_bounded,affinity_member1,,,0,0,,,
DAVIS,all_source_molecules,target,both_bounded,affinity_member2,,,0,0,,,
DAVIS,all_source_molecules,target,both_bounded,binder_member1,,,0,0,,,
DAVIS,all_source_molecules,target,both_bounded,binder_member2,,,0,0,,,
DAVIS,all_source_molecules,ligand,all_determinate,boltz_affinity,0.7385748338994202,0.7352354203437745,442,546172,0.6171836321140318,0.7464033253635913,0.8443432928727047
DAVIS,all_source_molecules,ligand,all_determinate,boltz_binder,0.8191726633751898,0.8086115729110976,442,546172,0.7343268239216018,0.819512413224099,0.9020525147928994
DAVIS,all_source_molecules,ligand,all_determinate,affinity_member1,0.7174703940900327,0.712550258892803,442,546172,0.6077813866608066,0.7248858838297387,0.8205752430171035
DAVIS,all_source_molecules,ligand,all_determinate,affinity_member2,0.7128889510967734,0.7105472268809093,442,546172,0.5935161590421875,0.7203658627455851,0.817557102342541
DAVIS,all_source_molecules,ligand,all_determinate,binder_member1,0.8061578334855451,0.7968515412727126,442,546172,0.7200248166948674,0.805132083971748,0.898056129476584
DAVIS,all_source_molecules,ligand,all_determinate,binder_member2,0.8075938238979791,0.7952586364734918,442,546172,0.716538335391437,0.8122782997968347,0.8905264849541855
DAVIS,all_source_molecules,ligand,both_exact,boltz_affinity,0.6475318419305855,0.6591544892048447,441,121536,0.5111111111111111,0.6541554959785523,0.765379113018598
DAVIS,all_source_molecules,ligand,both_exact,boltz_binder,0.6778850374353655,0.6834271327014217,441,121536,0.5621951219512196,0.6821192052980133,0.7878787878787878
DAVIS,all_source_molecules,ligand,both_exact,affinity_member1,0.6483603979088944,0.654719589257504,441,121536,0.5333333333333333,0.65,0.7623456790123457
DAVIS,all_source_molecules,ligand,both_exact,affinity_member2,0.6213765624264318,0.6362065560821485,441,121536,0.4857142857142857,0.6287625418060201,0.746031746031746
DAVIS,all_source_molecules,ligand,both_exact,binder_member1,0.6749124267585892,0.6805637835703001,441,121536,0.5587392550143266,0.6758893280632411,0.780952380952381
DAVIS,all_source_molecules,ligand,both_exact,binder_member2,0.6616226548673936,0.6649470115850448,441,121536,0.544973544973545,0.6661341853035144,0.7685589519650655
DAVIS,all_source_molecules,ligand,one_bounded,boltz_affinity,0.7577216728999353,0.75701071034957,442,424636,0.6208467741935484,0.7645380029806259,0.8776079479147472
DAVIS,all_source_molecules,ligand,one_bounded,boltz_binder,0.8481609924989172,0.8444408858410497,442,424636,0.75,0.8570343410496863,0.9359764529256055
DAVIS,all_source_molecules,ligand,one_bounded,affinity_member1,0.7318184377316922,0.7291021015646342,442,424636,0.6064069117222468,0.7368702504925415,0.8449915526380273
DAVIS,all_source_molecules,ligand,one_bounded,affinity_member2,0.7319699957674646,0.7318244331615784,442,424636,0.5927083333333333,0.7417992272362761,0.8537288135593221
DAVIS,all_source_molecules,ligand,one_bounded,binder_member1,0.8331898787476708,0.8301345152083196,442,424636,0.7343984962406015,0.8413769271664009,0.9307424162951308
DAVIS,all_source_molecules,ligand,one_bounded,binder_member2,0.8376851568549105,0.8325554121647717,442,424636,0.7295138888888889,0.8488411592707259,0.9285714285714286
DAVIS,all_source_molecules,ligand,both_bounded,boltz_affinity,,,0,0,,,
DAVIS,all_source_molecules,ligand,both_bounded,boltz_binder,,,0,0,,,
DAVIS,all_source_molecules,ligand,both_bounded,affinity_member1,,,0,0,,,
DAVIS,all_source_molecules,ligand,both_bounded,affinity_member2,,,0,0,,,
DAVIS,all_source_molecules,ligand,both_bounded,binder_member1,,,0,0,,,
DAVIS,all_source_molecules,ligand,both_bounded,binder_member2,,,0,0,,,
DAVIS,exact_identity,target,all_determinate,boltz_affinity,0.6951388290517139,0.7022767751962113,47,1850556,0.5354652296323867,0.7282435003170578,0.8361154701412583
DAVIS,exact_identity,target,all_determinate,boltz_binder,0.7742115823390078,0.759651153491167,47,1850556,0.6848724618746523,0.7699885452462772,0.8846405738343989
DAVIS,exact_identity,target,all_determinate,affinity_member1,0.6802901510461644,0.6811979750950525,47,1850556,0.5378323620144815,0.7079294573789313,0.811744536427604
DAVIS,exact_identity,target,all_determinate,affinity_member2,0.677024437848424,0.6872977634829749,47,1850556,0.4853090359545451,0.6966446346660887,0.8401060346171838
DAVIS,exact_identity,target,all_determinate,binder_member1,0.748916152325165,0.7369071781669941,47,1850556,0.6387944490536445,0.7482930734096153,0.8688827758455591
DAVIS,exact_identity,target,all_determinate,binder_member2,0.7747104594272045,0.7565553271557305,47,1850556,0.6859580551666857,0.7641048941970661,0.8755894631268883
DAVIS,exact_identity,target,both_exact,boltz_affinity,0.642970350823289,0.6353695661174584,47,458903,0.5329115961951659,0.6532782043709392,0.7247613219094248
DAVIS,exact_identity,target,both_exact,boltz_binder,0.6313250689820991,0.6443017369683789,47,458903,0.5412833296328442,0.6398896213398743,0.7401449578453713
DAVIS,exact_identity,target,both_exact,affinity_member1,0.6369129197452963,0.6297104181057871,47,458903,0.5097404907638196,0.634112926900871,0.7505488474204172
DAVIS,exact_identity,target,both_exact,affinity_member2,0.6237099216808517,0.618187285766273,47,458903,0.5235091023226617,0.6161717495987159,0.7121643856780523
DAVIS,exact_identity,target,both_exact,binder_member1,0.6397323819239893,0.6387253951270748,47,458903,0.5305638952350195,0.6410186199342826,0.7498300190326179
DAVIS,exact_identity,target,both_exact,binder_member2,0.6320511642685085,0.6362804339914971,47,458903,0.5385015412885776,0.61980683734478,0.7269025227982258
DAVIS,exact_identity,target,one_bounded,boltz_affinity,0.7110510218649173,0.7243396881262786,47,1391653,0.5192485498924607,0.7407160070845794,0.8640542564422359
DAVIS,exact_identity,target,one_bounded,boltz_binder,0.7977560904361948,0.7976880731044305,47,1391653,0.6937746199324586,0.8089569411868832,0.8958498023715415
DAVIS,exact_identity,target,one_bounded,affinity_member1,0.6936050470496429,0.6981761976584681,47,1391653,0.5338291756406677,0.7170681882220343,0.8455387982823815
DAVIS,exact_identity,target,one_bounded,affinity_member2,0.6926826789466564,0.7100872128325093,47,1391653,0.47680064197066835,0.7171305925565341,0.8607771185480465
DAVIS,exact_identity,target,one_bounded,binder_member1,0.7689033503589415,0.7692830037372822,47,1391653,0.6473537917830722,0.7810262407418805,0.8773962065182358
DAVIS,exact_identity,target,one_bounded,binder_member2,0.7993126019400546,0.7962164418860161,47,1391653,0.6989869334233755,0.803944099378882,0.8926737741673781
DAVIS,exact_identity,target,both_bounded,boltz_affinity,,,0,0,,,
DAVIS,exact_identity,target,both_bounded,boltz_binder,,,0,0,,,
DAVIS,exact_identity,target,both_bounded,affinity_member1,,,0,0,,,
DAVIS,exact_identity,target,both_bounded,affinity_member2,,,0,0,,,
DAVIS,exact_identity,target,both_bounded,binder_member1,,,0,0,,,
DAVIS,exact_identity,target,both_bounded,binder_member2,,,0,0,,,
DAVIS,exact_identity,ligand,all_determinate,boltz_affinity,0.7492974445515478,0.7500576643433786,437,199430,0.5855260469867211,0.7592829705505761,0.8888888888888888
DAVIS,exact_identity,ligand,all_determinate,boltz_binder,0.8066138569108875,0.8013638870781727,437,199430,0.6768591841762573,0.8206521739130435,0.9272727272727272
DAVIS,exact_identity,ligand,all_determinate,affinity_member1,0.7166978329907774,0.7178358321215464,437,199430,0.5712425249169435,0.725925925925926,0.8677248677248677
DAVIS,exact_identity,ligand,all_determinate,affinity_member2,0.7397002084893188,0.7387103244246102,437,199430,0.5874266153187848,0.7494456762749445,0.8607610350076105
DAVIS,exact_identity,ligand,all_determinate,binder_member1,0.7869525569063632,0.7842350699493557,437,199430,0.6454996166624074,0.8074074074074075,0.9151070543159793
DAVIS,exact_identity,ligand,all_determinate,binder_member2,0.807090533042218,0.7977786692072406,437,199430,0.688702757916241,0.8172757475083057,0.9269326962559259
DAVIS,exact_identity,ligand,both_exact,boltz_affinity,0.644161308858948,0.6717645361419708,429,41586,0.4204784688995215,0.6666666666666666,0.8333333333333334
DAVIS,exact_identity,ligand,both_exact,boltz_binder,0.6573902558183086,0.6789304092723513,429,41586,0.5,0.6666666666666666,0.8215873015873015
DAVIS,exact_identity,ligand,both_exact,affinity_member1,0.6361792726686519,0.6663781080171212,429,41586,0.42857142857142855,0.66,0.8238095238095237
DAVIS,exact_identity,ligand,both_exact,affinity_member2,0.6332871316621286,0.65743278988121,429,41586,0.4229059829059829,0.6483516483516484,0.8148148148148148
DAVIS,exact_identity,ligand,both_exact,binder_member1,0.6444607839980401,0.6709229067474631,429,41586,0.48643198906356805,0.6666666666666666,0.8055555555555556
DAVIS,exact_identity,ligand,both_exact,binder_member2,0.6517826832018907,0.6665704804501515,429,41586,0.5,0.6666666666666666,0.823068783068783
DAVIS,exact_identity,ligand,one_bounded,boltz_affinity,0.7667452067390075,0.770684980106941,437,157844,0.5920197449609215,0.7796934865900383,0.9144335196966776
DAVIS,exact_identity,ligand,one_bounded,boltz_binder,0.8313314997106888,0.83362053673247,437,157844,0.6844155844155844,0.8557692307692307,0.9490592334494774
DAVIS,exact_identity,ligand,one_bounded,affinity_member1,0.7288526798367945,0.731393020957401,437,157844,0.5638978015448604,0.7424242424242424,0.8853146853146854
DAVIS,exact_identity,ligand,one_bounded,affinity_member2,0.7574332943369543,0.7601239198195687,437,157844,0.5899350061703003,0.7702020202020202,0.8923822402524229
DAVIS,exact_identity,ligand,one_bounded,binder_member1,0.8102130527516457,0.8140885938014749,437,157844,0.6561085972850679,0.8358585858585859,0.9362137049941929
DAVIS,exact_identity,ligand,one_bounded,binder_member2,0.8329459859143665,0.8323471275436507,437,157844,0.6941305753070459,0.8523809523809524,0.9526315789473684
DAVIS,exact_identity,ligand,both_bounded,boltz_affinity,,,0,0,,,
DAVIS,exact_identity,ligand,both_bounded,boltz_binder,,,0,0,,,
DAVIS,exact_identity,ligand,both_bounded,affinity_member1,,,0,0,,,
DAVIS,exact_identity,ligand,both_bounded,affinity_member2,,,0,0,,,
DAVIS,exact_identity,ligand,both_bounded,binder_member1,,,0,0,,,
DAVIS,exact_identity,ligand,both_bounded,binder_member2,,,0,0,,,
SPD,source_representative,target,all_determinate,boltz_affinity,0.5620658891389907,0.5946736453201971,373,6496,0.1111111111111111,0.6,0.939607843137255
SPD,source_representative,target,all_determinate,boltz_binary,0.6588247248321865,0.6816502463054187,373,6496,0.2512820512820513,0.7058823529411765,1.0
SPD,source_representative,target,all_determinate,boltzina_vina_far_affinity,0.5633429089572257,0.5868226600985221,373,6496,0.1492877492877493,0.5909090909090909,0.9933333333333337
SPD,source_representative,target,all_determinate,boltzina_vina_far_binary,0.6701386313571764,0.6919642857142857,373,6496,0.3093117408906883,0.7142857142857143,1.0
SPD,source_representative,target,all_determinate,boltzina_vina_zero_affinity,0.5633429089572257,0.5868226600985221,373,6496,0.1492877492877493,0.5909090909090909,0.9933333333333337
SPD,source_representative,target,all_determinate,boltzina_vina_zero_binary,0.6701386313571764,0.6919642857142857,373,6496,0.3093117408906883,0.7142857142857143,1.0
SPD,source_representative,target,all_determinate,gnina,0.6129066023803486,0.6031403940886699,373,6496,0.3333333333333333,0.6,1.0
SPD,source_representative,target,all_determinate,nesso_affinity,0.55521162589458,0.583128078817734,373,6496,0.1111111111111111,0.5952380952380952,0.9366666666666668
SPD,source_representative,target,all_determinate,nesso_binary,0.6190976568175237,0.6439347290640394,373,6496,0.25,0.6666666666666666,1.0
SPD,source_representative,target,all_determinate,raw_ad4,0.5432162975080075,0.5544950738916257,373,6496,0.13333333333333344,0.5555555555555556,0.9329411764705887
SPD,source_representative,target,all_determinate,raw_gnina_own,0.62776057059596,0.5980603448275862,373,6496,0.3076923076923077,0.65,1.0
SPD,source_representative,target,all_determinate,vina,0.5804399141812819,0.6009082512315271,373,6496,0.2222222222222222,0.6071428571428571,0.8888888888888888
SPD,source_representative,target,both_exact,boltz_affinity,0.5827234210375972,0.603579418344519,261,2235,0.0,0.6666666666666666,1.0
SPD,source_representative,target,both_exact,boltz_binary,0.6193682860349526,0.6563758389261745,261,2235,0.0,0.6666666666666666,1.0
SPD,source_representative,target,both_exact,boltzina_vina_far_affinity,0.5747355879539788,0.6062639821029083,261,2235,0.0,0.6666666666666666,1.0
SPD,source_representative,target,both_exact,boltzina_vina_far_binary,0.6373898628687901,0.6724832214765101,261,2235,0.0,0.6666666666666666,1.0
SPD,source_representative,target,both_exact,boltzina_vina_zero_affinity,0.5747355879539788,0.6062639821029083,261,2235,0.0,0.6666666666666666,1.0
SPD,source_representative,target,both_exact,boltzina_vina_zero_binary,0.6373898628687901,0.6724832214765101,261,2235,0.0,0.6666666666666666,1.0
SPD,source_representative,target,both_exact,gnina,0.5876546895703983,0.5892617449664429,261,2235,0.0,0.6428571428571429,1.0
SPD,source_representative,target,both_exact,nesso_affinity,0.5424660765656935,0.5740492170022371,261,2235,0.0,0.5714285714285714,1.0
SPD,source_representative,target,both_exact,nesso_binary,0.5881406659184437,0.5986577181208054,261,2235,0.0,0.6666666666666666,1.0
SPD,source_representative,target,both_exact,raw_ad4,0.5072764683875794,0.5277404921700224,261,2235,0.0,0.5,1.0
SPD,source_representative,target,both_exact,raw_gnina_own,0.6045267489711934,0.5991051454138703,261,2235,0.0,0.6666666666666666,1.0
SPD,source_representative,target,both_exact,vina,0.4954656490097103,0.5203579418344519,261,2235,0.0,0.5,1.0
SPD,source_representative,target,one_bounded,boltz_affinity,0.5584008730119223,0.5900023468669326,340,4261,0.0,0.6055555555555556,1.0
SPD,source_representative,target,one_bounded,boltz_binary,0.669977022623152,0.6949072987561605,340,4261,0.25,0.75,1.0
SPD,source_representative,target,one_bounded,boltzina_vina_far_affinity,0.5609944838593803,0.5766252053508566,340,4261,0.1111111111111111,0.6,1.0
SPD,source_representative,target,one_bounded,boltzina_vina_far_binary,0.6848865517360594,0.7021825862473597,340,4261,0.24880952380952379,0.75,1.0
SPD,source_representative,target,one_bounded,boltzina_vina_zero_affinity,0.5609944838593803,0.5766252053508566,340,4261,0.1111111111111111,0.6,1.0
SPD,source_representative,target,one_bounded,boltzina_vina_zero_binary,0.6848865517360594,0.7021825862473597,340,4261,0.24880952380952379,0.75,1.0
SPD,source_representative,target,one_bounded,gnina,0.6096930109173158,0.6104200891809435,340,4261,0.25,0.625,1.0
SPD,source_representative,target,one_bounded,nesso_affinity,0.5676277551262378,0.5878901666275522,340,4261,0.06101190476190474,0.5954545454545455,1.0
SPD,source_representative,target,one_bounded,nesso_binary,0.6501608491366812,0.6676836423374795,340,4261,0.21999999999999995,0.7071078431372549,1.0
SPD,source_representative,target,one_bounded,raw_ad4,0.5596458954862389,0.5685285144332316,340,4261,0.1111111111111111,0.5669642857142857,1.0
SPD,source_representative,target,one_bounded,raw_gnina_own,0.620668381156207,0.5975123210513964,340,4261,0.21999999999999995,0.6449579831932774,1.0
SPD,source_representative,target,one_bounded,vina,0.6211274507583027,0.64315888289134,340,4261,0.2222222222222222,0.6666666666666666,1.0
SPD,source_representative,target,both_bounded,boltz_affinity,,,0,0,,,
SPD,source_representative,target,both_bounded,boltz_binary,,,0,0,,,
SPD,source_representative,target,both_bounded,boltzina_vina_far_affinity,,,0,0,,,
SPD,source_representative,target,both_bounded,boltzina_vina_far_binary,,,0,0,,,
SPD,source_representative,target,both_bounded,boltzina_vina_zero_affinity,,,0,0,,,
SPD,source_representative,target,both_bounded,boltzina_vina_zero_binary,,,0,0,,,
SPD,source_representative,target,both_bounded,gnina,,,0,0,,,
SPD,source_representative,target,both_bounded,nesso_affinity,,,0,0,,,
SPD,source_representative,target,both_bounded,nesso_binary,,,0,0,,,
SPD,source_representative,target,both_bounded,raw_ad4,,,0,0,,,
SPD,source_representative,target,both_bounded,raw_gnina_own,,,0,0,,,
SPD,source_representative,target,both_bounded,vina,,,0,0,,,
SPD,source_representative,ligand,all_determinate,boltz_affinity,0.8054462252708985,0.7872047077716265,10,757216,0.7576325113126637,0.8008358220888134,0.8592940668840067
SPD,source_representative,ligand,all_determinate,boltz_binary,0.7901768727715471,0.7498969910831256,10,757216,0.6868997931224566,0.7989687373971253,0.8771159207667517
SPD,source_representative,ligand,all_determinate,boltzina_vina_far_affinity,0.8064966512285032,0.7876563622533068,10,757216,0.7668865560403139,0.7990871958476011,0.8589406403072479
SPD,source_representative,ligand,all_determinate,boltzina_vina_far_binary,0.7957811059980837,0.7577745319697418,10,757216,0.7139765749727719,0.8016891415162718,0.8728556841518003
SPD,source_representative,ligand,all_determinate,boltzina_vina_zero_affinity,0.8065005506787524,0.7876590035075857,10,757216,0.7668865560403139,0.7990871958476011,0.8589586029449615
SPD,source_representative,ligand,all_determinate,boltzina_vina_zero_binary,0.7957792023964696,0.7577732113426023,10,757216,0.7139765749727719,0.8016891415162718,0.8728385517372719
SPD,source_representative,ligand,all_determinate,gnina,0.6920565757381942,0.6807383890461902,10,757216,0.6494349557947529,0.6782795380636826,0.7815549708315135
SPD,source_representative,ligand,all_determinate,nesso_affinity,0.7547723708621848,0.7374210264970629,10,757216,0.6702890688604374,0.7572538045368161,0.8177020597244559
SPD,source_representative,ligand,all_determinate,nesso_binary,0.7780216553325632,0.7462943202467988,10,757216,0.6961284082774944,0.7678238844406595,0.8519708656250962
SPD,source_representative,ligand,all_determinate,raw_ad4,0.6711754964590501,0.670174692558002,10,757216,0.6136276773660919,0.6690459144903653,0.7135753670675613
SPD,source_representative,ligand,all_determinate,raw_gnina_own,0.702930453076853,0.6917907175759624,10,757216,0.6416923072150936,0.7074177409901639,0.7556791348930727
SPD,source_representative,ligand,all_determinate,vina,0.6473385883850643,0.6587215536914169,10,757216,0.6268541823554489,0.6538409653612391,0.6774159472542562
SPD,source_representative,ligand,both_exact,boltz_affinity,0.6337853378436902,0.6025324571245392,10,93585,0.5636933575229967,0.6253547850484569,0.7201595373135897
SPD,source_representative,ligand,both_exact,boltz_binary,0.669044110122284,0.6111876903349895,10,93585,0.5624703197976387,0.6867218945426949,0.7490909571701821
SPD,source_representative,ligand,both_exact,boltzina_vina_far_affinity,0.6361004080922947,0.6120745846022333,10,93585,0.5649820448179649,0.6186720930522125,0.7211108257025717
SPD,source_representative,ligand,both_exact,boltzina_vina_far_binary,0.6734384141005053,0.6250574344179088,10,93585,0.5796501381120803,0.6891825295768703,0.7477351056421828
SPD,source_representative,ligand,both_exact,boltzina_vina_zero_affinity,0.6361004080922947,0.6120745846022333,10,93585,0.5649820448179649,0.6186720930522125,0.7211108257025717
SPD,source_representative,ligand,both_exact,boltzina_vina_zero_binary,0.6734384141005053,0.6250574344179088,10,93585,0.5796501381120803,0.6891825295768703,0.7477351056421828
SPD,source_representative,ligand,both_exact,gnina,0.5561764806998277,0.5464550942993001,10,93585,0.47042008630986787,0.5354944318132557,0.6279249706916764
SPD,source_representative,ligand,both_exact,nesso_affinity,0.6482059813819693,0.5999038307421061,10,93585,0.5701141173085972,0.6338669599772012,0.7189427848636832
SPD,source_representative,ligand,both_exact,nesso_binary,0.6629240615541677,0.6197894961799434,10,93585,0.6065215587335596,0.6800910317593526,0.7225985695947185
SPD,source_representative,ligand,both_exact,raw_ad4,0.5512814489993227,0.550109526099268,10,93585,0.47979718885322287,0.5518346714383481,0.626046345063991
SPD,source_representative,ligand,both_exact,raw_gnina_own,0.5500656830205327,0.5454506598279639,10,93585,0.4921521967224776,0.541050653526768,0.6223383502221957
SPD,source_representative,ligand,both_exact,vina,0.5453736210737832,0.5497462200138911,10,93585,0.46168714006680717,0.5696883657247314,0.6055331340243614
SPD,source_representative,ligand,one_bounded,boltz_affinity,0.8244979216587213,0.8132471207644006,10,663631,0.7813523574600407,0.8197850070262278,0.8749330030190123
SPD,source_representative,ligand,one_bounded,boltz_binary,0.8037171059789096,0.7694577257542219,10,663631,0.7068321491048791,0.8094647383903435,0.8922053196741043
SPD,source_representative,ligand,one_bounded,boltzina_vina_far_affinity,0.8250012039738754,0.8124168400813102,10,663631,0.786103118347015,0.815875464073919,0.8743675762714336
SPD,source_representative,ligand,one_bounded,boltzina_vina_far_binary,0.8093027901635523,0.7764902483458428,10,663631,0.728224651660294,0.8149100878542819,0.8875454709774004
SPD,source_representative,ligand,one_bounded,boltzina_vina_zero_affinity,0.8250055705633346,0.8124198538042978,10,663631,0.786103118347015,0.815875464073919,0.8743869057531887
SPD,source_representative,ligand,one_bounded,boltzina_vina_zero_binary,0.8093006424433573,0.776488741484349,10,663631,0.728224651660294,0.8149100878542819,0.8875261414956453
SPD,source_representative,ligand,one_bounded,gnina,0.7072622468028273,0.6996749699757847,10,663631,0.6552249769330935,0.6909656236377448,0.7958280675422545
SPD,source_representative,ligand,one_bounded,nesso_affinity,0.7675261861958644,0.7568136509596447,10,663631,0.6735455720404164,0.7831345961381466,0.8298343016007091
SPD,source_representative,ligand,one_bounded,nesso_binary,0.7908945525865025,0.7641339840965838,10,663631,0.7195438672297152,0.7744237829372423,0.8690790010112689
SPD,source_representative,ligand,one_bounded,raw_ad4,0.6840477925321674,0.6871062382558982,10,663631,0.6179516241879683,0.6865509974644873,0.7349332515581791
SPD,source_representative,ligand,one_bounded,raw_gnina_own,0.7201111635684844,0.7124275387979163,10,663631,0.6623543338365309,0.7232453207501626,0.7702801870468886
SPD,source_representative,ligand,one_bounded,vina,0.6592220665801447,0.6740892152416026,10,663631,0.6285741734633973,0.6641649975676045,0.6988507171878071
SPD,source_representative,ligand,both_bounded,boltz_affinity,,,0,0,,,
SPD,source_representative,ligand,both_bounded,boltz_binary,,,0,0,,,
SPD,source_representative,ligand,both_bounded,boltzina_vina_far_affinity,,,0,0,,,
SPD,source_representative,ligand,both_bounded,boltzina_vina_far_binary,,,0,0,,,
SPD,source_representative,ligand,both_bounded,boltzina_vina_zero_affinity,,,0,0,,,
SPD,source_representative,ligand,both_bounded,boltzina_vina_zero_binary,,,0,0,,,
SPD,source_representative,ligand,both_bounded,gnina,,,0,0,,,
SPD,source_representative,ligand,both_bounded,nesso_affinity,,,0,0,,,
SPD,source_representative,ligand,both_bounded,nesso_binary,,,0,0,,,
SPD,source_representative,ligand,both_bounded,raw_ad4,,,0,0,,,
SPD,source_representative,ligand,both_bounded,raw_gnina_own,,,0,0,,,
SPD,source_representative,ligand,both_bounded,vina,,,0,0,,,
SPD,assay_envelope,target,all_determinate,boltz_affinity,0.5657790968737226,0.5990254636906633,377,6362,0.1111111111111111,0.6060606060606061,0.9612068965517244
SPD,assay_envelope,target,all_determinate,boltz_binary,0.6687217269754823,0.6887771141150582,377,6362,0.2857142857142857,0.7142857142857143,1.0
SPD,assay_envelope,target,all_determinate,boltzina_vina_far_affinity,0.5679041420989718,0.5913234831813895,377,6362,0.14285714285714285,0.6,1.0
SPD,assay_envelope,target,all_determinate,boltzina_vina_far_binary,0.6768577604394237,0.6978937441056272,377,6362,0.30313390313390315,0.7307692307692307,1.0
SPD,assay_envelope,target,all_determinate,boltzina_vina_zero_affinity,0.5679041420989718,0.5913234831813895,377,6362,0.14285714285714285,0.6,1.0
SPD,assay_envelope,target,all_determinate,boltzina_vina_zero_binary,0.6768577604394237,0.6978937441056272,377,6362,0.30313390313390315,0.7307692307692307,1.0
SPD,assay_envelope,target,all_determinate,gnina,0.6171693297360323,0.6051556114429425,377,6362,0.31164835164835164,0.6111111111111112,1.0
SPD,assay_envelope,target,all_determinate,nesso_affinity,0.5553065569079979,0.5845646023263125,377,6362,0.1111111111111111,0.6,0.9389705882352942
SPD,assay_envelope,target,all_determinate,nesso_binary,0.6241108114447099,0.6453945300220056,377,6362,0.25,0.6666666666666666,1.0
SPD,assay_envelope,target,all_determinate,raw_ad4,0.5446264237695985,0.5537566802892172,377,6362,0.12205882352941178,0.5555555555555556,1.0
SPD,assay_envelope,target,all_determinate,raw_gnina_own,0.631072966096694,0.6016975793775542,377,6362,0.31164835164835164,0.6571428571428571,1.0
SPD,assay_envelope,target,all_determinate,vina,0.5814841965842665,0.5984753222257152,377,6362,0.2222222222222222,0.6071428571428571,0.9025641025641037
SPD,assay_envelope,target,both_exact,boltz_affinity,0.5909877306702703,0.6077935222672065,252,1976,0.0,0.6666666666666666,1.0
SPD,assay_envelope,target,both_exact,boltz_binary,0.611235369568703,0.659919028340081,252,1976,0.0,0.6666666666666666,1.0
SPD,assay_envelope,target,both_exact,boltzina_vina_far_affinity,0.5729262580453057,0.603744939271255,252,1976,0.0,0.6666666666666666,1.0
SPD,assay_envelope,target,both_exact,boltzina_vina_far_binary,0.6294187147361751,0.673582995951417,252,1976,0.0,0.6666666666666666,1.0
SPD,assay_envelope,target,both_exact,boltzina_vina_zero_affinity,0.5729262580453057,0.603744939271255,252,1976,0.0,0.6666666666666666,1.0
SPD,assay_envelope,target,both_exact,boltzina_vina_zero_binary,0.6294187147361751,0.673582995951417,252,1976,0.0,0.6666666666666666,1.0
SPD,assay_envelope,target,both_exact,gnina,0.5852580033135589,0.5850202429149798,252,1976,0.0,0.650974025974026,1.0
SPD,assay_envelope,target,both_exact,nesso_affinity,0.5430473480076655,0.5668016194331984,252,1976,0.0,0.5535714285714286,1.0
SPD,assay_envelope,target,both_exact,nesso_binary,0.5981290608274734,0.604757085020243,252,1976,0.0,0.6666666666666666,1.0
SPD,assay_envelope,target,both_exact,raw_ad4,0.5171640822434473,0.5336538461538461,252,1976,0.0,0.5,1.0
SPD,assay_envelope,target,both_exact,raw_gnina_own,0.6043293860754178,0.5890688259109311,252,1976,0.0,0.6666666666666666,1.0
SPD,assay_envelope,target,both_exact,vina,0.5085217729066935,0.52834008097166,252,1976,0.0,0.5,1.0
SPD,assay_envelope,target,one_bounded,boltz_affinity,0.561792076614662,0.5956782713085234,341,4165,0.0,0.6,1.0
SPD,assay_envelope,target,one_bounded,boltz_binary,0.6791693533149108,0.7034813925570228,341,4165,0.25,0.75,1.0
SPD,assay_envelope,target,one_bounded,boltzina_vina_far_affinity,0.5699969496392506,0.5867947178871549,341,4165,0.1111111111111111,0.6,1.0
SPD,assay_envelope,target,one_bounded,boltzina_vina_far_binary,0.6897882314826562,0.709483793517407,341,4165,0.23809523809523808,0.75,1.0
SPD,assay_envelope,target,one_bounded,boltzina_vina_zero_affinity,0.5699969496392506,0.5867947178871549,341,4165,0.1111111111111111,0.6,1.0
SPD,assay_envelope,target,one_bounded,boltzina_vina_zero_binary,0.6897882314826562,0.709483793517407,341,4165,0.23809523809523808,0.75,1.0
SPD,assay_envelope,target,one_bounded,gnina,0.6193636154074491,0.6151260504201681,341,4165,0.25,0.625,1.0
SPD,assay_envelope,target,one_bounded,nesso_affinity,0.5717197654340219,0.5985594237695078,341,4165,0.0625,0.625,1.0
SPD,assay_envelope,target,one_bounded,nesso_binary,0.6485275481897146,0.6655462184873949,341,4165,0.2,0.7,1.0
SPD,assay_envelope,target,one_bounded,raw_ad4,0.557069880410956,0.5581032412965186,341,4165,0.1111111111111111,0.5714285714285714,1.0
SPD,assay_envelope,target,one_bounded,raw_gnina_own,0.6357324856486293,0.6129651860744297,341,4165,0.25,0.6666666666666666,1.0
SPD,assay_envelope,target,one_bounded,vina,0.608529829001379,0.6240096038415366,341,4165,0.2222222222222222,0.6666666666666666,1.0
SPD,assay_envelope,target,both_bounded,boltz_affinity,0.5785669885669886,0.583710407239819,30,221,0.0,0.6904761904761905,1.0
SPD,assay_envelope,target,both_bounded,boltz_binary,0.6921355496355498,0.669683257918552,30,221,0.2243589743589744,0.8166666666666667,1.0
SPD,assay_envelope,target,both_bounded,boltzina_vina_far_affinity,0.5510397010397009,0.5656108597285068,30,221,0.07500000000000002,0.5714285714285714,1.0
SPD,assay_envelope,target,both_bounded,boltzina_vina_far_binary,0.6863795463795465,0.6968325791855203,30,221,0.27714285714285714,0.7678571428571428,1.0
SPD,assay_envelope,target,both_bounded,boltzina_vina_zero_affinity,0.5510397010397009,0.5656108597285068,30,221,0.07500000000000002,0.5714285714285714,1.0
SPD,assay_envelope,target,both_bounded,boltzina_vina_zero_binary,0.6863795463795465,0.6968325791855203,30,221,0.27714285714285714,0.7678571428571428,1.0
SPD,assay_envelope,target,both_bounded,gnina,0.6253950678950679,0.5972850678733032,30,221,0.19111111111111115,0.6904761904761905,1.0
SPD,assay_envelope,target,both_bounded,nesso_affinity,0.5002080327080327,0.4796380090497738,30,221,0.0,0.5079365079365079,1.0
SPD,assay_envelope,target,both_bounded,nesso_binary,0.6675372775372775,0.6289592760180995,30,221,0.27142857142857146,0.75,1.0
SPD,assay_envelope,target,both_bounded,raw_ad4,0.7042196692196693,0.6515837104072398,30,221,0.31428571428571433,0.7846153846153847,1.0
SPD,assay_envelope,target,both_bounded,raw_gnina_own,0.4795088245088245,0.502262443438914,30,221,0.0,0.4642857142857143,0.8357142857142857
SPD,assay_envelope,target,both_bounded,vina,0.7757657157657157,0.744343891402715,30,221,0.5,0.8107142857142857,1.0
SPD,assay_envelope,ligand,all_determinate,boltz_affinity,0.806727878719915,0.7870059203139205,10,757899,0.7586365946492577,0.8032346066392028,0.861246661763096
SPD,assay_envelope,ligand,all_determinate,boltz_binary,0.792131224037916,0.753424928651443,10,757899,0.6889003406124947,0.803889939632914,0.8778065630352935
SPD,assay_envelope,ligand,all_determinate,boltzina_vina_far_affinity,0.8084657613624987,0.7889230623077745,10,757899,0.768014551096459,0.8002861448852123,0.8604614721593938
SPD,assay_envelope,ligand,all_determinate,boltzina_vina_far_binary,0.7970125174751461,0.7609800250429147,10,757899,0.7099854246953433,0.8073985160170125,0.8733843449560078
SPD,assay_envelope,ligand,all_determinate,boltzina_vina_zero_affinity,0.808469552625781,0.7889257011818197,10,757899,0.768014551096459,0.8002861448852123,0.8604789570543873
SPD,assay_envelope,ligand,all_determinate,boltzina_vina_zero_binary,0.7970106689779743,0.7609787056058921,10,757899,0.7099854246953433,0.8073985160170125,0.8733677084814616
SPD,assay_envelope,ligand,all_determinate,gnina,0.6903633467392876,0.678994166768923,10,757899,0.6438319385805724,0.6776006866470705,0.7811162084813028
SPD,assay_envelope,ligand,all_determinate,nesso_affinity,0.7545720588408651,0.7354278076630263,10,757899,0.6692473977600367,0.7576057856101743,0.8181380080983967
SPD,assay_envelope,ligand,all_determinate,nesso_binary,0.778981986327924,0.7485205812383972,10,757899,0.6921350512978094,0.7707376970330505,0.8526466201822984
SPD,assay_envelope,ligand,all_determinate,raw_ad4,0.6670255257254547,0.663472309634925,10,757899,0.6093325728846052,0.6617761990006621,0.7074818290198194
SPD,assay_envelope,ligand,all_determinate,raw_gnina_own,0.7005484479749547,0.6897172314516842,10,757899,0.639091432337736,0.7053038957625357,0.7529492980770778
SPD,assay_envelope,ligand,all_determinate,vina,0.6448777034470402,0.6532803183537648,10,757899,0.6210894384022083,0.652321137943034,0.6793024843713755
SPD,assay_envelope,ligand,both_exact,boltz_affinity,0.6306017458908617,0.6013730645632486,10,82152,0.5675266867706333,0.6166564489144062,0.7201595373135897
SPD,assay_envelope,ligand,both_exact,boltz_binary,0.6689799177992146,0.6084574934268185,10,82152,0.558488649461729,0.6867218945426949,0.7507471246158233
SPD,assay_envelope,ligand,both_exact,boltzina_vina_far_affinity,0.631837551543311,0.6109650404128931,10,82152,0.5641366092726101,0.6159221497057144,0.7211108257025717
SPD,assay_envelope,ligand,both_exact,boltzina_vina_far_binary,0.6736003250698694,0.6243548544162041,10,82152,0.58430751853966,0.6891825295768703,0.7494217546972529
SPD,assay_envelope,ligand,both_exact,boltzina_vina_zero_affinity,0.631837551543311,0.6109650404128931,10,82152,0.5641366092726101,0.6159221497057144,0.7211108257025717
SPD,assay_envelope,ligand,both_exact,boltzina_vina_zero_binary,0.6736003250698694,0.6243548544162041,10,82152,0.58430751853966,0.6891825295768703,0.7494217546972529
SPD,assay_envelope,ligand,both_exact,gnina,0.5527759181237191,0.5516238192618561,10,82152,0.47040558754393913,0.5306695602647697,0.6267859745526803
SPD,assay_envelope,ligand,both_exact,nesso_affinity,0.6436611937023449,0.5956154445418249,10,82152,0.568871709704511,0.6338669599772012,0.7194111855952419
SPD,assay_envelope,ligand,both_exact,nesso_binary,0.663057421509987,0.620751777193495,10,82152,0.6079442999926077,0.6800910317593526,0.724452867501648
SPD,assay_envelope,ligand,both_exact,raw_ad4,0.5481841948064187,0.552049858798325,10,82152,0.47129604676412423,0.544884837857778,0.6259239105994514
SPD,assay_envelope,ligand,both_exact,raw_gnina_own,0.5454322539531359,0.5501144220469374,10,82152,0.4930385909296759,0.5366038400389079,0.6178245679649444
SPD,assay_envelope,ligand,both_exact,vina,0.5440486205907844,0.5490614957639498,10,82152,0.44965123676435703,0.5636602331111542,0.6238937356657822
SPD,assay_envelope,ligand,one_bounded,boltz_affinity,0.8211152443324015,0.805292628169625,10,640967,0.7799102671488056,0.8144611383812949,0.8773716915686047
SPD,assay_envelope,ligand,one_bounded,boltz_binary,0.8032733245481645,0.7701176503626552,10,640967,0.7052945906109366,0.8114520216960197,0.8925445050112527
SPD,assay_envelope,ligand,one_bounded,boltzina_vina_far_affinity,0.8230417535377692,0.8070774314434285,10,640967,0.786986838599265,0.8132814712923052,0.8760988666912217
SPD,assay_envelope,ligand,one_bounded,boltzina_vina_far_binary,0.8084361666466163,0.7778684394048367,10,640967,0.7353243432711571,0.8152506139777786,0.8877457536190742
SPD,assay_envelope,ligand,one_bounded,boltzina_vina_zero_affinity,0.8230459848287145,0.8070805517288722,10,640967,0.786986838599265,0.8132814712923052,0.8761175672127586
SPD,assay_envelope,ligand,one_bounded,boltzina_vina_zero_binary,0.8084340888108901,0.777866879262115,10,640967,0.7353243432711571,0.8152506139777786,0.8877270530975374
SPD,assay_envelope,ligand,one_bounded,gnina,0.7003513972305762,0.6912711574854867,10,640967,0.6450970784830387,0.6881991334884725,0.7992275744689737
SPD,assay_envelope,ligand,one_bounded,nesso_affinity,0.7647359932912218,0.7494832027233851,10,640967,0.6723418717361375,0.7764437588546449,0.829928639764394
SPD,assay_envelope,ligand,one_bounded,nesso_binary,0.7914226276020072,0.7662266544143458,10,640967,0.7206410583576681,0.7773631153111231,0.869245119255723
SPD,assay_envelope,ligand,one_bounded,raw_ad4,0.6743641694653373,0.6706796137710678,10,640967,0.6131957426132191,0.6683184777350475,0.7155662849861513
SPD,assay_envelope,ligand,one_bounded,raw_gnina_own,0.7127950950597276,0.7047414297459932,10,640967,0.6434916352013752,0.7169862782422565,0.7785469532673334
SPD,assay_envelope,ligand,one_bounded,vina,0.6515996813190218,0.6597773364307367,10,640967,0.6226767964195306,0.6606585121748749,0.6994113146025404
SPD,assay_envelope,ligand,both_bounded,boltz_affinity,0.8948639267768361,0.8884703852788959,3,34780,0.8561244121348722,0.8868207103123663,0.9368207280045878
SPD,assay_envelope,ligand,both_bounded,boltz_binary,0.8004197890804686,0.7882116158711904,3,34780,0.7218642067653899,0.7898302667237199,0.8832111803382466
SPD,assay_envelope,ligand,both_bounded,boltzina_vina_far_affinity,0.8837278611390044,0.8746981023576769,3,34780,0.84933241360397,0.8512337754956497,0.9311209429313804
SPD,assay_envelope,ligand,both_bounded,boltzina_vina_far_binary,0.7878094336667041,0.7724554341575618,3,34780,0.7239023376160711,0.7381971188132934,0.8715614556587012
SPD,assay_envelope,ligand,both_bounded,boltzina_vina_zero_affinity,0.8837278611390044,0.8746981023576769,3,34780,0.84933241360397,0.8512337754956497,0.9311209429313804
SPD,assay_envelope,ligand,both_bounded,boltzina_vina_zero_binary,0.7878094336667041,0.7724554341575618,3,34780,0.7239023376160711,0.7381971188132934,0.8715614556587012
SPD,assay_envelope,ligand,both_bounded,gnina,0.7572943988641082,0.7535940195514663,3,34780,0.7320940791464059,0.774719432959244,0.7755247049437564
SPD,assay_envelope,ligand,both_bounded,nesso_affinity,0.8159788103087543,0.8066417481311098,3,34780,0.7275890591005479,0.8373270574811011,0.8958292626480218
SPD,assay_envelope,ligand,both_bounded,nesso_binary,0.7406680055529328,0.7240080506037953,3,34780,0.6299025576280329,0.729924404507203,0.8557308938961246
SPD,assay_envelope,ligand,both_bounded,raw_ad4,0.7965158457454353,0.7938326624496838,3,34780,0.7825261561815976,0.7980964776702189,0.8098732825393598
SPD,assay_envelope,ligand,both_bounded,raw_gnina_own,0.7529828961397941,0.7425819436457735,3,34780,0.6966330894904166,0.7651508988855447,0.8044655016908715
SPD,assay_envelope,ligand,both_bounded,vina,0.7768353913765035,0.7797153536515239,3,34780,0.76265066356513,0.7720247295208655,0.7929443839301323
