fraction,method,diagnostic,common_query_count,pooled_exact_pair_share,original_all_minus_exact_gain,common_all_minus_exact_gain,query_support_contribution_to_gap,queries,estimate,bootstrap_low,bootstrap_high,query_q10,query_median,query_q90
0.125,plus__boltz_affinity,all_determinate,46,0.24910603308155654,0.0036595167722790964,0.0017596785035090406,0.0018998382687700557,46,0.03656572493760146,0.00505519520639698,0.06655480450842985,-0.0508424072087012,0.03459975275023425,0.16245304988252723
0.125,plus__boltz_affinity,both_exact,46,0.24910603308155654,0.0036595167722790964,0.0017596785035090406,0.0018998382687700557,46,0.03480604643409243,-0.023848271693208963,0.07862420181982824,-0.01835436437584731,0.037811850311850304,0.14626798916046202
0.125,plus__boltz_affinity,one_bounded,46,0.24910603308155654,0.0036595167722790964,0.0017596785035090406,0.0018998382687700557,46,0.03738987158293901,0.0044072489074687025,0.06860830401093466,-0.06278277975086505,0.04447966872279935,0.16531865126019124
0.125,plus__boltz_affinity,fixed_empirical_stratum_mix,46,0.24910603308155654,0.0036595167722790964,0.0017596785035090406,0.0018998382687700557,46,0.03674622514993347,0.014665526584574349,0.059154885319130456,-0.03713543726652077,0.03679637995236515,0.12319472041742599
0.125,plus__boltz_affinity,mixture_weighting_difference,46,0.24910603308155654,0.0036595167722790964,0.0017596785035090406,0.0018998382687700557,46,-0.00018050021233201107,-0.015628855855194895,0.01873186286986712,-0.022805660618353343,-0.0011134280533991528,0.008318113954926674
0.125,plus__boltz_affinity,one_bounded_minus_both_exact,46,0.24910603308155654,0.0036595167722790964,0.0017596785035090406,0.0018998382687700557,46,0.0025838251488465784,-0.06231862539799185,0.0803585779381124,-0.12658842128832692,-0.0012962820809787057,0.08752553495548829
0.125,plus__boltz_binder,all_determinate,46,0.24910603308155654,0.06134592713544797,0.06046913178150547,0.0008767953539425,46,0.08464874193449838,0.0515096932205609,0.1181078605143616,-0.012718850754497635,0.08451194140433432,0.2258953094476247
0.125,plus__boltz_binder,both_exact,46,0.24910603308155654,0.06134592713544797,0.06046913178150547,0.0008767953539425,46,0.024179610152992893,-0.03570479808845726,0.07108623712125106,-0.039867998077345146,0.032520833333333304,0.14931801866475233
0.125,plus__boltz_binder,one_bounded,46,0.24910603308155654,0.06134592713544797,0.06046913178150547,0.0008767953539425,46,0.09126040794773137,0.057084430749407826,0.1254877040821283,-0.006771590936062111,0.09468563134086488,0.23238521727727762
0.125,plus__boltz_binder,fixed_empirical_stratum_mix,46,0.24910603308155654,0.06134592713544797,0.06046913178150547,0.0008767953539425,46,0.07455017651313804,0.05066322950164709,0.10065415292234839,-0.021510353316504784,0.07566928372266125,0.18041757789850532
0.125,plus__boltz_binder,mixture_weighting_difference,46,0.24910603308155654,0.06134592713544797,0.06046913178150547,0.0008767953539425,46,0.01009856542136035,-0.006172996175163222,0.028547653992207732,-0.009126881075014135,0.0024134140369676156,0.02286456784945607
0.125,plus__boltz_binder,one_bounded_minus_both_exact,46,0.24910603308155654,0.06134592713544797,0.06046913178150547,0.0008767953539425,46,0.06708079779473848,-0.0005038177816309412,0.14266629876803513,-0.017091564956317917,0.05271598861904414,0.1303164165017729
0.125,representation_readout,all_determinate,46,0.24910603308155654,0.07035336400661471,0.0684353205365452,0.0019180434700695054,46,0.08834165942389532,0.06127074780129587,0.11654731364240419,0.014888344377540719,0.07085612682893194,0.1997419682281642
0.125,representation_readout,both_exact,46,0.24910603308155654,0.07035336400661471,0.0684353205365452,0.0019180434700695054,46,0.019906338887350116,-0.035782081318361726,0.06200100593539719,-0.05550504519655247,0.040315586615705556,0.135260240106381
0.125,representation_readout,one_bounded,46,0.24910603308155654,0.07035336400661471,0.0684353205365452,0.0019180434700695054,46,0.09349452227704154,0.06570403673732077,0.12254631221452436,0.011394674374237523,0.07721465242522818,0.2026273853471816
0.125,representation_readout,fixed_empirical_stratum_mix,46,0.24910603308155654,0.07035336400661471,0.0684353205365452,0.0019180434700695054,46,0.07516326183115739,0.05438442071951367,0.09700484057599736,-0.00248196113245046,0.06706767733715482,0.16705517616846166
0.125,representation_readout,mixture_weighting_difference,46,0.24910603308155654,0.07035336400661471,0.0684353205365452,0.0019180434700695054,46,0.013178397592737917,0.0001588554768558754,0.030253477397320566,-0.01105796356484037,0.002223160121570141,0.028557917364440893
0.125,representation_readout,one_bounded_minus_both_exact,46,0.24910603308155654,0.07035336400661471,0.0684353205365452,0.0019180434700695054,46,0.0735881833896914,0.018191722557570733,0.14433150250974347,-0.056819542482112906,0.030337024005415603,0.16997652750785486
0.125,representation_plus_chemistry,all_determinate,46,0.24910603308155654,0.07120146255764585,0.06918425334257228,0.002017209215073576,46,0.088257528447605,0.06119467522900323,0.11651354011243925,0.01563133713491255,0.0718973514264325,0.1978970380570742
0.125,representation_plus_chemistry,both_exact,46,0.24910603308155654,0.07120146255764585,0.06918425334257228,0.002017209215073576,46,0.019073275105032716,-0.03659530040104638,0.0614360656657988,-0.06283856988082342,0.04023222695226886,0.139046504877119
0.125,representation_plus_chemistry,one_bounded,46,0.24910603308155654,0.07120146255764585,0.06918425334257228,0.002017209215073576,46,0.09342139494209065,0.06563036807147839,0.12255470551343765,0.011980267643728892,0.07726894810564677,0.20138847779929936
0.125,representation_plus_chemistry,fixed_empirical_stratum_mix,46,0.24910603308155654,0.07120146255764585,0.06918425334257228,0.002017209215073576,46,0.07490082974240898,0.05425085826716653,0.0967013771450473,-0.002166371065098944,0.06738166235941626,0.16521475512609468
0.125,representation_plus_chemistry,mixture_weighting_difference,46,0.24910603308155654,0.07120146255764585,0.06918425334257228,0.002017209215073576,46,0.013356698705196023,0.0001605446667430642,0.03065467598542677,-0.01175465850180699,0.002078592038966147,0.027941366004870336
0.125,representation_plus_chemistry,one_bounded_minus_both_exact,46,0.24910603308155654,0.07120146255764585,0.06918425334257228,0.002017209215073576,46,0.07434811983705793,0.018747716509542895,0.14525427273258484,-0.062225406888621326,0.02837210371961979,0.16944633080600874
0.25,plus__boltz_affinity,all_determinate,46,0.24910603308155654,0.03801525678581662,0.03294460226042001,0.005070654525396609,46,0.040855438679357425,0.01758929824816311,0.06773623362514035,-0.019975080636667697,0.03646836892155486,0.09696988130491785
0.25,plus__boltz_affinity,both_exact,46,0.24910603308155654,0.03801525678581662,0.03294460226042001,0.005070654525396609,46,0.007910836418937419,-0.04972461525897717,0.04989756901676562,-0.017709309590752897,0.03335197774697363,0.09099735755045799
0.25,plus__boltz_affinity,one_bounded,46,0.24910603308155654,0.03801525678581662,0.03294460226042001,0.005070654525396609,46,0.04208285782630337,0.017989094236431,0.06966278559416895,-0.025520706152752204,0.03959988247269064,0.09959835321602045
0.25,plus__boltz_affinity,fixed_empirical_stratum_mix,46,0.24910603308155654,0.03801525678581662,0.03294460226042001,0.005070654525396609,46,0.03357040113113641,0.020703140139426465,0.04647732635224591,-0.01493020261208049,0.03757646934571965,0.0849263465736706
0.25,plus__boltz_affinity,mixture_weighting_difference,46,0.24910603308155654,0.03801525678581662,0.03294460226042001,0.005070654525396609,46,0.007285037548221035,-0.007188756650883861,0.027277264683872312,-0.012147799053207217,9.356756860730633e-05,0.009329283820146757
0.25,plus__boltz_affinity,one_bounded_minus_both_exact,46,0.24910603308155654,0.03801525678581662,0.03294460226042001,0.005070654525396609,46,0.03417202140736594,-0.026932162964521597,0.11565984042775196,-0.07761843213870909,0.003604237262081922,0.08512613557750837
0.25,plus__boltz_binder,all_determinate,46,0.24910603308155654,0.0639712786839397,0.0607773974689596,0.0031938812149801057,46,0.07414387580211389,0.051810173188994675,0.10135686282436411,0.009554528829448794,0.061158885704285904,0.13730100189972533
0.25,plus__boltz_binder,both_exact,46,0.24910603308155654,0.0639712786839397,0.0607773974689596,0.0031938812149801057,46,0.01336647833315429,-0.045054266996852735,0.06226227885248082,-0.0344116601493068,0.034447099210684284,0.09779487499609851
0.25,plus__boltz_binder,one_bounded,46,0.24910603308155654,0.0639712786839397,0.0607773974689596,0.0031938812149801057,46,0.0793645368563621,0.056117955414077665,0.10709556145313189,0.009016212375252297,0.06719039148287348,0.1536937680281969
0.25,plus__boltz_binder,fixed_empirical_stratum_mix,46,0.24910603308155654,0.0639712786839397,0.0607773974689596,0.0031938812149801057,46,0.06292402230656138,0.049264724145886306,0.07748297677708542,0.006638413199955737,0.05854045809038465,0.12993837458290342
0.25,plus__boltz_binder,mixture_weighting_difference,46,0.24910603308155654,0.0639712786839397,0.0607773974689596,0.0031938812149801057,46,0.011219853495552512,-0.004207251214062882,0.03129351735070159,-0.008891277094815075,0.00033639096768440027,0.021419576327336175
0.25,plus__boltz_binder,one_bounded_minus_both_exact,46,0.24910603308155654,0.0639712786839397,0.0607773974689596,0.0031938812149801057,46,0.06599805852320778,0.0011724966456881337,0.14814540737606796,-0.04992428496571352,0.022823371368556444,0.12868427911029784
0.25,representation_readout,all_determinate,46,0.24910603308155654,0.0648467759383131,0.06285352554779232,0.0019932503905207843,46,0.06421196848762858,0.03419818473955479,0.09644771563177755,-0.00663937740481807,0.05360451314121162,0.1613463495856705
0.25,representation_readout,both_exact,46,0.24910603308155654,0.0648467759383131,0.06285352554779232,0.0019932503905207843,46,0.001358442939836281,-0.059061594047071515,0.04991659296458238,-0.07718164658051402,0.038613599788917596,0.10072962153423795
0.25,representation_readout,one_bounded,46,0.24910603308155654,0.0648467759383131,0.06285352554779232,0.0019932503905207843,46,0.06793622969152877,0.036200381644472375,0.10122001844920221,-0.012156442787551736,0.05629884851739164,0.18301093303383104
0.25,representation_readout,fixed_empirical_stratum_mix,46,0.24910603308155654,0.0648467759383131,0.06285352554779232,0.0019932503905207843,46,0.05135130134246485,0.03209980111352333,0.07119295099856378,-0.018347258022620248,0.05632116605417899,0.12711448372137357
0.25,representation_readout,mixture_weighting_difference,46,0.24910603308155654,0.0648467759383131,0.06285352554779232,0.0019932503905207843,46,0.01286066714516374,-0.0037758410618569265,0.03372304433673337,-0.007301998107822477,0.0017424485322231377,0.030021489462665103
0.25,representation_readout,one_bounded_minus_both_exact,46,0.24910603308155654,0.0648467759383131,0.06285352554779232,0.0019932503905207843,46,0.06657778675169249,-0.004298095861141343,0.15039026546932238,-0.040114893800386464,0.02539594918719701,0.16975494282178488
0.25,representation_plus_chemistry,all_determinate,46,0.24910603308155654,0.07143596496144367,0.0692753419690079,0.0021606229924357595,46,0.07236376283377967,0.048528718687935964,0.1004405091310945,0.013315743151576853,0.05848384171085458,0.1563902640934149
0.25,representation_plus_chemistry,both_exact,46,0.24910603308155654,0.07143596496144367,0.0692753419690079,0.0021606229924357595,46,0.003088420864771771,-0.054793473482670045,0.047566569445433055,-0.042618943903973694,0.03645626921358319,0.11548203806180382
0.25,representation_plus_chemistry,one_bounded,46,0.24910603308155654,0.07143596496144367,0.0692753419690079,0.0021606229924357595,46,0.07676782929052135,0.051934325326699136,0.10542665228885137,0.012582778586395171,0.056404527904527935,0.17965004537030593
0.25,representation_plus_chemistry,fixed_empirical_stratum_mix,46,0.24910603308155654,0.07143596496144367,0.0692753419690079,0.0021606229924357595,46,0.05841384413778707,0.04142174717766206,0.07570247679263602,0.011065060980600986,0.057688742291123,0.12224400631619112
0.25,representation_plus_chemistry,mixture_weighting_difference,46,0.24910603308155654,0.07143596496144367,0.0692753419690079,0.0021606229924357595,46,0.01394991869599262,0.000548721096347432,0.033617414016581165,-0.007505732842574124,0.0015680216502082303,0.029658212856229278
0.25,representation_plus_chemistry,one_bounded_minus_both_exact,46,0.24910603308155654,0.07143596496144367,0.0692753419690079,0.0021606229924357595,46,0.0736794084257496,0.01669388969296511,0.15297434105785152,-0.030177027386077637,0.027509417025092853,0.1527283900776506
0.5,plus__boltz_affinity,all_determinate,46,0.24910603308155654,0.036776936411464824,0.03295370258129466,0.003823233830170164,46,0.02168100769367261,0.007412606404677816,0.0372129063239135,-0.014644091617361632,0.01728715938241132,0.05683981695614776
0.5,plus__boltz_affinity,both_exact,46,0.24910603308155654,0.036776936411464824,0.03295370258129466,0.003823233830170164,46,-0.011272694887622047,-0.06338434250387445,0.022417298575394817,-0.038825356953992585,0.01101285415380393,0.05220687465269508
0.5,plus__boltz_affinity,one_bounded,46,0.24910603308155654,0.036776936411464824,0.03295370258129466,0.003823233830170164,46,0.024396968691490897,0.009298882287781527,0.04086596517954639,-0.018808325965993355,0.023506485751914996,0.07137452946460454
0.5,plus__boltz_affinity,fixed_empirical_stratum_mix,46,0.24910603308155654,0.036776936411464824,0.03295370258129466,0.003823233830170164,46,0.0155114402959444,0.0014420209571986578,0.02843628623219479,-0.02595477819802189,0.014651529949847857,0.050941100124963196
0.5,plus__boltz_affinity,mixture_weighting_difference,46,0.24910603308155654,0.036776936411464824,0.03295370258129466,0.003823233830170164,46,0.0061695673977282105,-0.004341505048205393,0.020434577979204508,-0.005577127815200108,0.0006152224686595668,0.007627011565792356
0.5,plus__boltz_affinity,one_bounded_minus_both_exact,46,0.24910603308155654,0.036776936411464824,0.03295370258129466,0.003823233830170164,46,0.03566966357911294,-0.007765620456530772,0.09386932915121889,-0.02516182618181617,0.01076057006766612,0.0710148598269339
0.5,plus__boltz_binder,all_determinate,46,0.24910603308155654,0.040295982760529876,0.03747899850570678,0.0028169842548230947,46,0.03236146542377254,0.018651699369615315,0.04723298648576752,-0.01517877171664056,0.033389929866469326,0.07880622827309408
0.5,plus__boltz_binder,both_exact,46,0.24910603308155654,0.040295982760529876,0.03747899850570678,0.0028169842548230947,46,-0.005117533081934258,-0.060464897525849284,0.03282539717714363,-0.059023474178403756,0.004686444487329744,0.06503447469907675
0.5,plus__boltz_binder,one_bounded,46,0.24910603308155654,0.040295982760529876,0.03747899850570678,0.0028169842548230947,46,0.03712034992649477,0.022500163637573335,0.05266183183463871,-0.015921265677165508,0.04097665440459636,0.08457079432742387
0.5,plus__boltz_binder,fixed_empirical_stratum_mix,46,0.24910603308155654,0.040295982760529876,0.03747899850570678,0.0028169842548230947,46,0.02659863844450213,0.011465162319309783,0.03971927185569758,-0.016848286078080983,0.031983580481405406,0.06912302337581602
0.5,plus__boltz_binder,mixture_weighting_difference,46,0.24910603308155654,0.040295982760529876,0.03747899850570678,0.0028169842548230947,46,0.005762826979270399,-0.005178669911800365,0.020594156629056084,-0.0144052119586324,0.0005150633635990949,0.014563838064831589
0.5,plus__boltz_binder,one_bounded_minus_both_exact,46,0.24910603308155654,0.040295982760529876,0.03747899850570678,0.0028169842548230947,46,0.04223788300842902,-0.0038606128220423225,0.10239651639229433,-0.046029941673653096,0.0233703252579866,0.0953993305547422
0.5,representation_readout,all_determinate,46,0.24910603308155654,0.029658234442944985,0.025854026418992784,0.0038042080239522012,46,0.020286891066465793,-0.0030517768542195223,0.042621372665155276,-0.03959972701589631,0.027350135303606193,0.09043213507961995
0.5,representation_readout,both_exact,46,0.24910603308155654,0.029658234442944985,0.025854026418992784,0.0038042080239522012,46,-0.00556713535252699,-0.02865425327654491,0.01670939877740794,-0.08134905370056933,0.0,0.0676045816733068
0.5,representation_readout,one_bounded,46,0.24910603308155654,0.029658234442944985,0.025854026418992784,0.0038042080239522012,46,0.023690124057055416,-0.0009144241628195196,0.04653404888830342,-0.04293379047815321,0.028711270943925282,0.10068088173060419
0.5,representation_readout,fixed_empirical_stratum_mix,46,0.24910603308155654,0.029658234442944985,0.025854026418992784,0.0038042080239522012,46,0.01640196422669629,-0.0005961710054764492,0.03271632461309642,-0.037754297404424014,0.026435529920288803,0.06713322120054539
0.5,representation_readout,mixture_weighting_difference,46,0.24910603308155654,0.029658234442944985,0.025854026418992784,0.0038042080239522012,46,0.00388492683976949,-0.005161778318147968,0.012736112342384585,-0.00943072200461808,0.002276451643472734,0.018753460684081763
0.5,representation_readout,one_bounded_minus_both_exact,46,0.24910603308155654,0.029658234442944985,0.025854026418992784,0.0038042080239522012,46,0.029257259409582397,-0.009975693708412885,0.06705983330027304,-0.060994402607346454,0.033486614494794564,0.10674333695714244
0.5,representation_plus_chemistry,all_determinate,46,0.24910603308155654,0.01914251385647206,0.015354555033794626,0.003787958822677434,46,0.03935723968198694,0.026038934640894292,0.05346453205867802,-0.0172783321240067,0.036385306026279374,0.08344036092998747
0.5,representation_plus_chemistry,both_exact,46,0.24910603308155654,0.01914251385647206,0.015354555033794626,0.003787958822677434,46,0.024002684648192316,0.00991686951330545,0.03984893888634006,-0.02092786069651742,0.019153070330057753,0.08141311942277979
0.5,representation_plus_chemistry,one_bounded,46,0.24910603308155654,0.01914251385647206,0.015354555033794626,0.003787958822677434,46,0.04258104596577196,0.02870599127364935,0.05735306272350811,-0.021538669009028066,0.03827923931063704,0.09666903677846889
0.5,representation_plus_chemistry,fixed_empirical_stratum_mix,46,0.24910603308155654,0.01914251385647206,0.015354555033794626,0.003787958822677434,46,0.03795306407679385,0.02675336694156293,0.049920024121027994,-0.01113187387943044,0.03897624328312998,0.08280673949787046
0.5,representation_plus_chemistry,mixture_weighting_difference,46,0.24910603308155654,0.01914251385647206,0.015354555033794626,0.003787958822677434,46,0.0014041756051930837,-0.003349583712489821,0.0055374065848250486,-0.009263929940541225,0.0006482819583758445,0.014173595218341382
0.5,representation_plus_chemistry,one_bounded_minus_both_exact,46,0.24910603308155654,0.01914251385647206,0.015354555033794626,0.003787958822677434,46,0.018578361317579655,-0.00280615227295404,0.03712683400457787,-0.043197753314132614,0.02308621451904669,0.08358545844974985
1.0,plus__boltz_affinity,all_determinate,46,0.24910603308155654,0.03534866404143031,0.03445556934029869,0.000893094701131622,46,0.019809446071985107,0.005976766082177348,0.03711385055283015,-0.009969557730572176,0.018788268469886682,0.04402292380675504
1.0,plus__boltz_affinity,both_exact,46,0.24910603308155654,0.03534866404143031,0.03445556934029869,0.000893094701131622,46,-0.014646123268313582,-0.06403983588698293,0.015228519915187934,-0.022017833759431338,0.01164585850449723,0.03186036996360658
1.0,plus__boltz_affinity,one_bounded,46,0.24910603308155654,0.03534866404143031,0.03445556934029869,0.000893094701131622,46,0.021088018189744775,0.006982127178154107,0.03847842609631217,-0.00932289020770738,0.020581794633149575,0.04120181494174813
1.0,plus__boltz_affinity,fixed_empirical_stratum_mix,46,0.24910603308155654,0.03534866404143031,0.03445556934029869,0.000893094701131622,46,0.01218642796555267,-0.0037076980864642925,0.02642227890032936,-0.019037536204219076,0.018419836860570086,0.040693157990654816
1.0,plus__boltz_affinity,mixture_weighting_difference,46,0.24910603308155654,0.03534866404143031,0.03445556934029869,0.000893094701131622,46,0.007623018106432436,-0.0018356471184413448,0.02108303795369909,-0.003493319289054598,0.00013470084359365518,0.009190375234391895
1.0,plus__boltz_affinity,one_bounded_minus_both_exact,46,0.24910603308155654,0.03534866404143031,0.03445556934029869,0.000893094701131622,46,0.03573414145805836,-0.003229808757496247,0.09073905482058849,-0.021920043000639267,0.00990335938273429,0.0543444397743828
1.0,plus__boltz_binder,all_determinate,46,0.24910603308155654,0.047596196812594235,0.04502889584660305,0.0025673009659911844,46,0.03036660288216728,0.017283094837604724,0.04803643766575323,-0.0035876294993309465,0.025488708388322845,0.05814235894856401
1.0,plus__boltz_binder,both_exact,46,0.24910603308155654,0.047596196812594235,0.04502889584660305,0.0025673009659911844,46,-0.014662292964435773,-0.06405624241394155,0.015639783808842365,-0.032527091596140034,0.00795085844291904,0.04344629762523411
1.0,plus__boltz_binder,one_bounded,46,0.24910603308155654,0.047596196812594235,0.04502889584660305,0.0025673009659911844,46,0.03331390598448578,0.01963013400834001,0.05113731501983372,-0.0034856130831892873,0.026627537915549893,0.062004691683836044
1.0,plus__boltz_binder,fixed_empirical_stratum_mix,46,0.24910603308155654,0.047596196812594235,0.04502889584660305,0.0025673009659911844,46,0.021362745381988398,0.003995339487814788,0.03757638895032291,-0.007530808281233708,0.021991043301821382,0.04845237221650611
1.0,plus__boltz_binder,mixture_weighting_difference,46,0.24910603308155654,0.047596196812594235,0.04502889584660305,0.0025673009659911844,46,0.00900385750017889,0.0002589839670606067,0.021876026505544953,-0.004168668028693025,0.001350632161281234,0.01597754986834421
1.0,plus__boltz_binder,one_bounded_minus_both_exact,46,0.24910603308155654,0.047596196812594235,0.04502889584660305,0.0025673009659911844,46,0.047976198948921536,0.012481363877761179,0.09955855877386409,-0.01219548406171217,0.018514399044145535,0.07889709441751469
1.0,representation_readout,all_determinate,46,0.24910603308155654,0.03222139343388786,0.03135692917882178,0.0008644642550660747,46,0.007425099920361241,-0.017729392835677527,0.03261367888447115,-0.03880515794659167,0.017777645947618437,0.07388818389646623
1.0,representation_readout,both_exact,46,0.24910603308155654,0.03222139343388786,0.03135692917882178,0.0008644642550660747,46,-0.023931829258460543,-0.04117074854387682,-0.0080412455769154,-0.08102054952666826,-0.010025514806319413,0.03331510912870256
1.0,representation_readout,one_bounded,46,0.24910603308155654,0.03222139343388786,0.03135692917882178,0.0008644642550660747,46,0.010947658440364761,-0.01500447893231741,0.03694187027416683,-0.0374134200588111,0.02043689359062728,0.08044791480715024
1.0,representation_readout,fixed_empirical_stratum_mix,46,0.24910603308155654,0.03222139343388786,0.03135692917882178,0.0008644642550660747,46,0.002258967623793442,-0.01863855888301078,0.021885655258723664,-0.04153389992934219,0.015755505183248544,0.05059090810178664
1.0,representation_readout,mixture_weighting_difference,46,0.24910603308155654,0.03222139343388786,0.03135692917882178,0.0008644642550660747,46,0.005166132296567801,-0.0009520730823114467,0.012521977509548787,-0.0067465242823142105,0.002127185026243414,0.01920536424793511
1.0,representation_readout,one_bounded_minus_both_exact,46,0.24910603308155654,0.03222139343388786,0.03135692917882178,0.0008644642550660747,46,0.034879487698825304,0.007932504823270821,0.06526830497976784,-0.021247782640047397,0.02202907485927913,0.09371050604133982
1.0,representation_plus_chemistry,all_determinate,46,0.24910603308155654,0.042270706569134016,0.04152431945915917,0.0007463871099748429,46,0.03356969141470638,0.02151090880276619,0.04823780549493401,-0.009375770163687958,0.02530219087790342,0.06633054804299371
1.0,representation_plus_chemistry,both_exact,46,0.24910603308155654,0.042270706569134016,0.04152431945915917,0.0007463871099748429,46,-0.007954628044452792,-0.05966851371942313,0.025084133029195394,-0.02625889245361973,0.01839509587020649,0.062017255414751726
1.0,representation_plus_chemistry,one_bounded,46,0.24910603308155654,0.042270706569134016,0.04152431945915917,0.0007463871099748429,46,0.036290011156446686,0.023751599212857064,0.051447809897870796,-0.009047767873448076,0.02966357637213385,0.06906343804739523
1.0,representation_plus_chemistry,fixed_empirical_stratum_mix,46,0.24910603308155654,0.042270706569134016,0.04152431945915917,0.0007463871099748429,46,0.025268404599985892,0.00854986484447,0.039318267509811405,-0.009658211701342154,0.026029178545604343,0.06580515804784798
1.0,representation_plus_chemistry,mixture_weighting_difference,46,0.24910603308155654,0.042270706569134016,0.04152431945915917,0.0007463871099748429,46,0.008301286814720485,-0.0009052286043116141,0.02176036634766994,-0.005001142163090687,0.0003606976854732581,0.01269244549158211
1.0,representation_plus_chemistry,one_bounded_minus_both_exact,46,0.24910603308155654,0.042270706569134016,0.04152431945915917,0.0007463871099748429,46,0.04424463920089949,0.006759668925018625,0.09846720065116464,-0.020287598754284875,0.010482026708005743,0.07600183563635987
