method,fraction,stage,fits,sum_fit_wall_seconds,median_fit_wall_seconds,maximum_fit_wall_seconds,maximum_gradient_inf
availability__boltz_affinity,0.125,inner,45,0.2969051250001087,0.004020250000010606,0.019345749999999384,6.18794080675146e-06
availability__boltz_affinity,0.125,outer,5,0.06970987599994771,0.0153810419999445,0.027702499999989527,1.4779446749000778e-05
availability__boltz_affinity,0.25,inner,45,0.5149930869998229,0.006159708000041064,0.03601324999999633,1.1759668481385122e-05
availability__boltz_affinity,0.25,outer,5,0.10207937600003447,0.010584834000013643,0.041792499999985466,2.3846109464637985e-06
availability__boltz_affinity,0.5,inner,45,1.0253140039996254,0.011743040999931509,0.07041291699999874,8.008493816955313e-06
availability__boltz_affinity,0.5,outer,5,0.38526499900001454,0.07329595800001698,0.09137395899995227,1.2854667366058597e-05
availability__boltz_affinity,1.0,inner,45,2.253269045000195,0.027385917000060545,0.1322660410000367,1.0651327606164829e-05
availability__boltz_affinity,1.0,outer,5,0.9610066670001629,0.19147912500000075,0.22925062500002014,7.207749377901787e-06
availability__boltz_binder,0.125,inner,45,0.29561620499922014,0.003941708000013477,0.023124332999998387,6.18794080675146e-06
availability__boltz_binder,0.125,outer,5,0.06394408299985344,0.015387082999950508,0.021856124999999338,1.4779446749000778e-05
availability__boltz_binder,0.25,inner,45,0.4932076200001916,0.006077457999936087,0.02773779100002116,1.1759668481385122e-05
availability__boltz_binder,0.25,outer,5,0.100260501000065,0.010344209000010096,0.04206387499999664,2.3846109464637985e-06
availability__boltz_binder,0.5,inner,45,1.257917082999569,0.013385832999915692,0.08955924999997933,8.008493816955313e-06
availability__boltz_binder,0.5,outer,5,0.47187720699983515,0.1041331659998832,0.1178928330000133,1.2854667366058597e-05
availability__boltz_binder,1.0,inner,45,2.243665705000467,0.0272994590000053,0.12370258400005696,1.0651327606164829e-05
availability__boltz_binder,1.0,outer,5,0.987574916999904,0.19922550000001138,0.2326987499999973,7.207749377901787e-06
baseline,0.125,inner,45,0.1804808330000185,0.0024761669999406877,0.00963450000000421,6.187940804733977e-06
baseline,0.125,outer,5,0.04615075100002741,0.011141834000000017,0.015607832999990023,1.477994102197424e-05
baseline,0.25,inner,45,0.3784829970007024,0.004374125000026652,0.029363959000022533,1.1759169369106705e-05
baseline,0.25,outer,5,0.07997412499980783,0.009135458999992352,0.03424312500004589,2.3846075866452987e-06
baseline,0.5,inner,45,0.860071210000342,0.009322750000023916,0.07142425000000685,8.00846933049406e-06
baseline,0.5,outer,5,0.34031270799991375,0.061673499999983505,0.0952440000000081,1.2725207825153568e-05
baseline,1.0,inner,45,1.9755479149998791,0.022855832999994163,0.12277824999995346,1.065132759296445e-05
baseline,1.0,outer,5,0.8598546679998549,0.16102337499989972,0.2113454170000182,7.1491511035729545e-06
calibrated__boltz_affinity,0.125,inner,45,0.23777520900020477,0.004046667000011439,0.015011167000011483,5.561545393249073e-06
calibrated__boltz_affinity,0.125,outer,5,0.026121875000200134,0.0023847499999760657,0.0147717499999942,4.754027615724854e-06
calibrated__boltz_affinity,0.25,inner,45,0.31379332799991744,0.004988082999943799,0.022367541999983587,1.6610331797128203e-05
calibrated__boltz_affinity,0.25,outer,5,0.05532245899976829,0.00711712500003614,0.021568750000000136,6.284491169031292e-06
calibrated__boltz_affinity,0.5,inner,45,0.4914742950001312,0.007694499999956861,0.03676066600002059,9.86796681422264e-06
calibrated__boltz_affinity,0.5,outer,5,0.06692550100004269,0.010824167000009766,0.02394825000001788,1.584652755094772e-06
calibrated__boltz_affinity,1.0,inner,45,0.6926833369998349,0.014022209000017938,0.046758749999980864,1.0248449041516672e-05
calibrated__boltz_affinity,1.0,outer,5,0.10984441599981665,0.021577374999878884,0.023916874999997617,5.445973250382927e-06
calibrated__boltz_binder,0.125,inner,45,0.24868054000019413,0.004011375000004591,0.018210874999994076,1.688749309726456e-05
calibrated__boltz_binder,0.125,outer,5,0.012099001000024145,0.0023309590000053504,0.002752375000000029,1.8170106789172635e-06
calibrated__boltz_binder,0.25,inner,45,0.3732890410002483,0.00537991700002749,0.024308582999992723,1.2398070907040926e-05
calibrated__boltz_binder,0.25,outer,5,0.022274499999952013,0.003412124999954358,0.006196249999987913,9.719180975320822e-07
calibrated__boltz_binder,0.5,inner,45,0.5541902890003598,0.00827100000003611,0.036339666999992914,1.588597447185064e-05
calibrated__boltz_binder,0.5,outer,5,0.02836616599981312,0.005692250000038257,0.005941040999999814,2.6339360295881895e-06
calibrated__boltz_binder,1.0,inner,45,0.834955456998955,0.015397624999991422,0.054714207999950304,6.315669628623177e-06
calibrated__boltz_binder,1.0,outer,5,0.10717379199996913,0.022971708000000035,0.026034292000019832,5.1822655927039225e-06
plus__boltz_affinity,0.125,inner,45,0.5079408760005037,0.006249833000083527,0.04161683299999197,5.563710151929545e-06
plus__boltz_affinity,0.125,outer,5,0.0736617499999852,0.0037282910000158154,0.03679504199999428,6.49128245801286e-06
plus__boltz_affinity,0.25,inner,45,0.8476039619996811,0.010592792000011286,0.05432787500001268,7.179459193910279e-06
plus__boltz_affinity,0.25,outer,5,0.2589584990001299,0.055192832999978236,0.0714131249999923,3.9824685468927215e-06
plus__boltz_affinity,0.5,inner,45,1.8290075820000027,0.02269754200005991,0.13409641699999497,3.746666163491133e-06
plus__boltz_affinity,0.5,outer,5,0.774169541999953,0.1530672499998218,0.1967406250000181,6.354802530845907e-06
plus__boltz_affinity,1.0,inner,45,3.955291786000089,0.04673916700016889,0.34536383299996487,8.661780066029218e-06
plus__boltz_affinity,1.0,outer,5,1.757815791000155,0.32800029200006975,0.4537101249999864,4.272662538905485e-06
plus__boltz_binder,0.125,inner,45,0.5631571629996301,0.006811083000002327,0.04037241599999675,7.216583978842314e-06
plus__boltz_binder,0.125,outer,5,0.025096667999818578,0.003929958000071565,0.009722041999793873,3.7488531919697976e-06
plus__boltz_binder,0.25,inner,45,0.9726804619998859,0.011207750000039596,0.0775862089999464,9.21302816408824e-06
plus__boltz_binder,0.25,outer,5,0.12802195799997662,0.016788249999990512,0.05636041599996133,5.2848096094968875e-06
plus__boltz_binder,0.5,inner,45,2.154052750000062,0.028474374999973406,0.16076308399999562,5.634237761748473e-06
plus__boltz_binder,0.5,outer,5,0.3872315010001728,0.0454688749999832,0.2176518340002076,1.5485355541108576e-06
plus__boltz_binder,1.0,inner,45,4.307686335000085,0.05318208300002425,0.25938945899997634,8.950241677868013e-06
plus__boltz_binder,1.0,outer,5,1.7247626249997552,0.3446689999998398,0.38507075000001123,1.0797183304396755e-06
representation_plus_chemistry,0.125,inner,45,31.227243167999504,0.4325295419999975,2.1533816250000086,3.203607724127436e-05
representation_plus_chemistry,0.125,outer,5,0.9811404580001692,0.18453400000009879,0.25521437500000843,2.335224573545209e-05
representation_plus_chemistry,0.25,inner,45,63.330338001000115,0.9243647079999846,4.9681293749999895,3.563294821845008e-05
representation_plus_chemistry,0.25,outer,5,9.67714345800016,2.465062334000095,3.3569672499999683,2.402459435015454e-05
representation_plus_chemistry,0.5,inner,45,107.21163904600033,1.9662154160000682,6.338404209000004,3.074872378463677e-05
representation_plus_chemistry,0.5,outer,5,43.18836545800016,8.124085959000013,13.11014537500003,3.2861774347188295e-05
representation_plus_chemistry,1.0,inner,45,389.69651887700024,8.25272704200006,16.670769415999985,3.248037008765492e-05
representation_plus_chemistry,1.0,outer,5,138.94516883200015,25.188981832999957,38.67975020799997,2.5174755371205642e-05
representation_readout,0.125,inner,45,25.924739961999848,0.4321637499999724,1.9123022920000068,3.452342335987917e-05
representation_readout,0.125,outer,5,0.9998419589998946,0.18232945799991285,0.2792588750000107,1.025569111452393e-05
representation_readout,0.25,inner,45,46.44227791600045,0.9781817920001004,3.0436080419999882,3.099306718102604e-05
representation_readout,0.25,outer,5,4.8936693330000764,0.46847124999999323,2.5056517910000196,1.6178729080280245e-05
representation_readout,0.5,inner,45,89.27327995600001,1.9422784580000325,6.0238322079999875,2.9989958629246778e-05
representation_readout,0.5,outer,5,22.600306084000124,4.697314375000019,5.705380292000086,2.5758898279630173e-05
representation_readout,1.0,inner,45,278.0279015810001,6.431205750000004,11.406878499999948,3.131882420340811e-05
representation_readout,1.0,outer,5,69.62407479300003,12.602036792000035,19.37232479200003,3.239463798666315e-05
scalar_members_readout,0.125,inner,45,0.16146120699968947,0.003089208000005783,0.010972791999989795,8.680071889946204e-06
scalar_members_readout,0.125,outer,5,0.01714370799993503,0.0030632499999683205,0.00609691599998996,2.9774104047627275e-06
scalar_members_readout,0.25,inner,45,0.19267370800002936,0.003686374999972486,0.011563166000001956,6.151371027833551e-06
scalar_members_readout,0.25,outer,5,0.028834499999959462,0.004405542000029072,0.012643916999991234,3.340283521585663e-06
scalar_members_readout,0.5,inner,45,0.25807720799963363,0.005243625000048269,0.011131624999961787,9.62086720241248e-06
scalar_members_readout,0.5,outer,5,0.035257709000120485,0.007078084000113449,0.009811041000034493,3.7283555741758726e-06
scalar_members_readout,1.0,inner,45,0.36270013000000745,0.007340917000021818,0.019710750000058397,1.2604688720732409e-05
scalar_members_readout,1.0,outer,5,0.057494543000132126,0.011659750000035274,0.012470417000031375,5.566562584231188e-06
target_prior,0.125,inner,45,0.048925790999760466,0.0009282910000365518,0.0034290000000112286,5.622288074606102e-06
target_prior,0.125,outer,5,0.004794873999941274,0.0008225839999909113,0.0013157909999961248,2.159079304377143e-06
target_prior,0.25,inner,45,0.04914391899936277,0.0011040829999728885,0.001992792000010013,2.2855268024646325e-05
target_prior,0.25,outer,5,0.007034168000046748,0.001428667000027417,0.0017893339999943692,6.51964846158648e-07
target_prior,0.5,inner,45,0.06523516800015727,0.0013640409999879921,0.004493040999989262,1.3347853880581184e-05
target_prior,0.5,outer,5,0.010710291999970423,0.002112374999910571,0.0023502910000274824,4.7731560184538155e-06
target_prior,1.0,inner,45,0.10052887600045324,0.0022076659999470394,0.0044048330000237,8.717447700187542e-06
target_prior,1.0,outer,5,0.021411249000152566,0.004364166999948793,0.004519833000131257,1.3386942711236978e-06
