outer_fold,fraction,training_molecules,training_targets,training_sequence_groups,known_training_labels,exact_training_labels,bounded_training_labels,held_out_targets,held_out_sequence_groups
0,0.125,47,45,44,2115,526,1589,89,87
0,0.25,47,90,87,4230,1075,3155,89,87
0,0.5,47,179,174,8413,2191,6222,89,87
0,1.0,47,353,347,16591,4148,12443,89,87
1,0.125,47,45,44,2115,564,1551,89,87
1,0.25,47,89,87,4183,1096,3087,89,87
1,0.5,47,178,174,8366,2205,6161,89,87
1,1.0,47,353,347,16591,4262,12329,89,87
2,0.125,47,44,44,2068,515,1553,88,86
2,0.25,47,87,87,4089,971,3118,88,86
2,0.5,47,176,174,8272,1880,6392,88,86
2,1.0,47,354,348,16638,4029,12609,88,86
3,0.125,47,44,44,2068,521,1547,88,87
3,0.25,47,87,87,4089,1015,3074,88,87
3,0.5,47,177,174,8319,2141,6178,88,87
3,1.0,47,354,347,16638,4291,12347,88,87
4,0.125,47,44,44,2068,616,1452,88,87
4,0.25,47,90,87,4230,1224,3006,88,87
4,0.5,47,179,174,8413,2277,6136,88,87
4,1.0,47,354,347,16638,4266,12372,88,87
