fraction,method,stratum,contrast,pairs,queries,estimate,bootstrap_low,bootstrap_high,query_q10,query_median,query_q90
0.125,baseline,all_determinate,absolute,366502,47,0.696923887812873,0.6680571042933588,0.7243936392272666,0.5876404314116673,0.6963067292644758,0.8175318811064463
0.125,baseline,all_determinate,versus_baseline,366502,47,0.0,0.0,0.0,0.0,0.0,0.0
0.125,plus__boltz_affinity,all_determinate,absolute,366502,47,0.7353894510192447,0.7069456405620829,0.7636679592805402,0.6110516254112898,0.7366548042704626,0.8754350513560325
0.125,plus__boltz_affinity,all_determinate,versus_baseline,366502,47,0.038465563206371525,0.00734503670962023,0.06797897630510308,-0.05032739111349562,0.03799449767574237,0.16164771369655873
0.125,plus__boltz_binder,all_determinate,absolute,366502,47,0.7824494251013141,0.7570651092966147,0.8060892603056711,0.6901808336135662,0.7676079407718011,0.8840386678235252
0.125,plus__boltz_binder,all_determinate,versus_baseline,366502,47,0.08552553728844085,0.053091907413612416,0.11834631309099485,-0.011947760478467746,0.08494060544130799,0.22481174507452337
0.125,representation_readout,all_determinate,absolute,366502,47,0.7871835907068379,0.7671401139224171,0.806546311268995,0.7124400367200343,0.7824207492795389,0.8651819895129255
0.125,representation_readout,all_determinate,versus_baseline,366502,47,0.09025970289396483,0.06336172387346935,0.11841913332759016,0.01579750423434956,0.07476529376135677,0.19834968235129932
0.125,representation_plus_chemistry,all_determinate,absolute,366502,47,0.7871986254755516,0.7673463188402164,0.8065130417916487,0.7109121475777497,0.7816475495307612,0.8663764145156139
0.125,representation_plus_chemistry,all_determinate,versus_baseline,366502,47,0.09027473766267857,0.06335562498411813,0.1185164945902609,0.01655671096599898,0.07529527559055116,0.1962459589834569
0.125,native__boltz_affinity,all_determinate,absolute,366502,47,0.6961182099820106,0.6558729251970361,0.7330976913863488,0.540220533929456,0.7304147465437788,0.838718433068337
0.125,native__boltz_affinity,all_determinate,versus_baseline,366502,47,-0.0008056778308625655,-0.05062285108297457,0.045213406778515916,-0.2078798661457855,0.020823451285456818,0.16285597831641851
0.125,native__boltz_binder,all_determinate,absolute,366502,47,0.7758526576725784,0.7483453028123976,0.8012465652532029,0.6803636687238394,0.7733611611801536,0.8850034517924488
0.125,native__boltz_binder,all_determinate,versus_baseline,366502,47,0.07892876985970565,0.041317151250478384,0.11652855363558527,-0.07457914332586148,0.07784002084418962,0.23171008860656495
0.125,baseline,both_exact,absolute,91189,46,0.5988705608567393,0.561785765801191,0.6348085955013303,0.48003023070803497,0.6132070960297675,0.7211466378918674
0.125,baseline,both_exact,versus_baseline,91189,46,0.0,0.0,0.0,0.0,0.0,0.0
0.125,plus__boltz_affinity,both_exact,absolute,91189,46,0.6336766072908319,0.5926343615488826,0.6680377623742171,0.5246077702570523,0.6517956250645691,0.757818052594172
0.125,plus__boltz_affinity,both_exact,versus_baseline,91189,46,0.03480604643409243,-0.023848271693208963,0.07862420181982824,-0.01835436437584731,0.037811850311850304,0.14626798916046202
0.125,plus__boltz_binder,both_exact,absolute,91189,46,0.6230501710097323,0.5771276862514964,0.6638830724631208,0.5126666666666666,0.6408334235699955,0.7703698536313133
0.125,plus__boltz_binder,both_exact,versus_baseline,91189,46,0.024179610152992893,-0.03570479808845726,0.07108623712125106,-0.039867998077345146,0.032520833333333304,0.14931801866475233
0.125,representation_readout,both_exact,absolute,91189,46,0.6187768997440894,0.5709354831309406,0.6609251356506214,0.5311355311355311,0.6512600480691549,0.7256497517206224
0.125,representation_readout,both_exact,versus_baseline,91189,46,0.019906338887350116,-0.035782081318361726,0.06200100593539719,-0.05550504519655247,0.040315586615705556,0.135260240106381
0.125,representation_plus_chemistry,both_exact,absolute,91189,46,0.617943835961772,0.5697776049104702,0.6595989552801709,0.5157509157509157,0.6523858988943596,0.7240548784470484
0.125,representation_plus_chemistry,both_exact,versus_baseline,91189,46,0.019073275105032716,-0.03659530040104638,0.0614360656657988,-0.06283856988082342,0.04023222695226886,0.139046504877119
0.125,native__boltz_affinity,both_exact,absolute,91189,46,0.6285137512319815,0.5881639338927996,0.6632789023224637,0.5347420546932742,0.6497075025978865,0.7354328587477359
0.125,native__boltz_affinity,both_exact,versus_baseline,91189,46,0.029643190375242174,-0.029896218343472926,0.0779649291137308,-0.05390446849461861,0.02984663359473555,0.16624790619765498
0.125,native__boltz_binder,both_exact,absolute,91189,46,0.6209985406128189,0.5744222106449243,0.662350155903443,0.5214308943089431,0.6307383052967706,0.7489937583853468
0.125,native__boltz_binder,both_exact,versus_baseline,91189,46,0.022127979756079608,-0.03675666304721432,0.06946929790751777,-0.06370423035904732,0.03870645554202193,0.17248367620535676
0.125,baseline,one_bounded,absolute,275313,47,0.7158879499745475,0.6857283565751898,0.7447510306883959,0.5988438974147788,0.7301414581066377,0.8337231685164337
0.125,baseline,one_bounded,versus_baseline,275313,47,0.0,0.0,0.0,0.0,0.0,0.0
0.125,plus__boltz_affinity,one_bounded,absolute,275313,47,0.7551601247912492,0.7253041950390212,0.7844944020407584,0.6120372128346308,0.7509783728115345,0.8943706750454279
0.125,plus__boltz_affinity,one_bounded,versus_baseline,275313,47,0.03927217481670188,0.00667947169184603,0.06999736085482326,-0.062340526886267365,0.047247964055040725,0.1647902855348124
0.125,plus__boltz_binder,one_bounded,absolute,275313,47,0.8078844795312587,0.783320907067187,0.8312860715553714,0.7090024773559718,0.807636439095248,0.8976170372811293
0.125,plus__boltz_binder,one_bounded,versus_baseline,275313,47,0.09199652955671143,0.0588529882434625,0.12548802557274524,-0.005867723199300129,0.1023063276167947,0.23117987459811
0.125,representation_readout,one_bounded,absolute,275313,47,0.8111908803418042,0.7919947686100236,0.8307583748015598,0.7228609309152896,0.8075539568345323,0.8864908110643137
0.125,representation_readout,one_bounded,versus_baseline,275313,47,0.09530293036725689,0.06793979113505114,0.12433504760547676,0.012106016512782074,0.07738577212261422,0.20139550651174085
0.125,representation_plus_chemistry,one_bounded,absolute,275313,47,0.8112166846318289,0.7921268117698572,0.8307370797313226,0.7215875896316445,0.8077203204661325,0.8869632243134965
0.125,representation_plus_chemistry,one_bounded,versus_baseline,275313,47,0.09532873465728156,0.06794349930629232,0.12455027290624157,0.012684562674880388,0.07796414112203587,0.2000700427666562
0.125,native__boltz_affinity,one_bounded,absolute,275313,47,0.7118370386837419,0.6693048711126409,0.7516073943117422,0.5252547003112857,0.7427113702623906,0.8744304798109108
0.125,native__boltz_affinity,one_bounded,versus_baseline,275313,47,-0.004050911290805253,-0.05708933929465504,0.04491647409786196,-0.23811073146193806,0.02490143183233029,0.16613977185106185
0.125,native__boltz_binder,one_bounded,absolute,275313,47,0.7995186033325862,0.7723263539942504,0.8239914946335326,0.6913143883843821,0.8072214152313758,0.8969093221801421
0.125,native__boltz_binder,one_bounded,versus_baseline,275313,47,0.08363065335803906,0.0449756831444514,0.12142856055080709,-0.08823587970719567,0.0822596630327056,0.23561125243452213
0.25,baseline,all_determinate,absolute,366502,47,0.7187437000752751,0.6898476231916134,0.7463716661061163,0.5691008195012225,0.7344649893907245,0.8280394628871097
0.25,baseline,all_determinate,versus_baseline,366502,47,0.0,0.0,0.0,0.0,0.0,0.0
0.25,plus__boltz_affinity,all_determinate,absolute,366502,47,0.764669793280029,0.7402637384060208,0.7890416245307827,0.6491417068313974,0.7564102564102564,0.8934241173177655
0.25,plus__boltz_affinity,all_determinate,versus_baseline,366502,47,0.045926093204754034,0.021338877279236647,0.0737637897979664,-0.017585227507844824,0.03657785738273822,0.10618563948202708
0.25,plus__boltz_binder,all_determinate,absolute,366502,47,0.7960814570923691,0.7745909142668823,0.8174631989314707,0.7148417782441467,0.7759246805648957,0.8922494379260949
0.25,plus__boltz_binder,all_determinate,versus_baseline,366502,47,0.07733775701709399,0.054571706976431704,0.10425006228681725,0.009562642454697401,0.06219715324046027,0.15100567383678493
0.25,representation_readout,all_determinate,absolute,366502,47,0.7849489189534242,0.7626280683327746,0.8063411121972931,0.6975235604005228,0.7737193088814792,0.8618718030539901
0.25,representation_readout,all_determinate,versus_baseline,366502,47,0.06620521887814938,0.03653287238908266,0.09766358396492024,-0.004116611112152743,0.05650013078733984,0.16698661253685176
0.25,representation_plus_chemistry,all_determinate,absolute,366502,47,0.7932680859014904,0.7740083649847821,0.8117277026730969,0.7157796868636161,0.7816234033786568,0.8833236623215801
0.25,representation_plus_chemistry,all_determinate,versus_baseline,366502,47,0.07452438582621543,0.051281872426168974,0.1021891110179989,0.014607583765014594,0.06072912731394031,0.1747610492274524
0.25,native__boltz_affinity,all_determinate,absolute,366502,47,0.6961182099820106,0.6558729251970361,0.7330976913863488,0.540220533929456,0.7304147465437788,0.838718433068337
0.25,native__boltz_affinity,all_determinate,versus_baseline,366502,47,-0.022625490093264613,-0.0731697945420011,0.025597679720713907,-0.23475139992843067,0.003693754197447885,0.12924729044321498
0.25,native__boltz_binder,all_determinate,absolute,366502,47,0.7758526576725784,0.7483453028123976,0.8012465652532029,0.6803636687238394,0.7733611611801536,0.8850034517924488
0.25,native__boltz_binder,all_determinate,versus_baseline,366502,47,0.057108957597303604,0.019650523645246762,0.09510746340033933,-0.07302957901382628,0.047898837654872906,0.18172079006584127
0.25,baseline,both_exact,absolute,91189,46,0.6237866745039822,0.5911473578297369,0.6563782577878395,0.5021815008726003,0.6297375010113567,0.735641142888815
0.25,baseline,both_exact,versus_baseline,91189,46,0.0,0.0,0.0,0.0,0.0,0.0
0.25,plus__boltz_affinity,both_exact,absolute,91189,46,0.6316975109229196,0.5898690214551248,0.6666834261831162,0.5709171496760995,0.6524495287748984,0.7500187504687618
0.25,plus__boltz_affinity,both_exact,versus_baseline,91189,46,0.007910836418937419,-0.04972461525897717,0.04989756901676562,-0.017709309590752897,0.03335197774697363,0.09099735755045799
0.25,plus__boltz_binder,both_exact,absolute,91189,46,0.6371531528371365,0.5928100181684928,0.6736190044886775,0.5269667405764966,0.6617308844540719,0.7632056451612903
0.25,plus__boltz_binder,both_exact,versus_baseline,91189,46,0.01336647833315429,-0.045054266996852735,0.06226227885248082,-0.0344116601493068,0.034447099210684284,0.09779487499609851
0.25,representation_readout,both_exact,absolute,91189,46,0.6251451174438184,0.5800117864363674,0.6642007049544209,0.5375916766160669,0.6610967087466186,0.7328684368153734
0.25,representation_readout,both_exact,versus_baseline,91189,46,0.001358442939836281,-0.059061594047071515,0.04991659296458238,-0.07718164658051402,0.038613599788917596,0.10072962153423795
0.25,representation_plus_chemistry,both_exact,absolute,91189,46,0.6268750953687541,0.5806039253456473,0.6665445896500989,0.4673992673992674,0.6677116542394549,0.7365326982263498
0.25,representation_plus_chemistry,both_exact,versus_baseline,91189,46,0.003088420864771771,-0.054793473482670045,0.047566569445433055,-0.042618943903973694,0.03645626921358319,0.11548203806180382
0.25,native__boltz_affinity,both_exact,absolute,91189,46,0.6285137512319815,0.5881639338927996,0.6632789023224637,0.5347420546932742,0.6497075025978865,0.7354328587477359
0.25,native__boltz_affinity,both_exact,versus_baseline,91189,46,0.00472707672799928,-0.05483908492119109,0.05362150733451248,-0.062154004763289916,0.011862714987715017,0.12294630540751267
0.25,native__boltz_binder,both_exact,absolute,91189,46,0.6209985406128189,0.5744222106449243,0.662350155903443,0.5214308943089431,0.6307383052967706,0.7489937583853468
0.25,native__boltz_binder,both_exact,versus_baseline,91189,46,-0.0027881338911632837,-0.06396617405803527,0.048037383420016184,-0.08875186846038866,0.01986077966869304,0.13509407502629428
0.25,baseline,one_bounded,absolute,275313,47,0.7385191052063537,0.7079089022450727,0.7674090864161851,0.5731687435084851,0.7535584415584415,0.8535417468779599
0.25,baseline,one_bounded,versus_baseline,275313,47,0.0,0.0,0.0,0.0,0.0,0.0
0.25,plus__boltz_affinity,one_bounded,absolute,275313,47,0.7856465022570547,0.760974425969696,0.8101120816640645,0.6647797577444707,0.787181417356705,0.9045122552665159
0.25,plus__boltz_affinity,one_bounded,versus_baseline,275313,47,0.047127397050701104,0.02177243622667578,0.07578175573946702,-0.02326654926294712,0.04003667481662587,0.11638157857575498
0.25,plus__boltz_binder,one_bounded,absolute,275313,47,0.8209664453829247,0.8005267585280722,0.8421890842159121,0.7386003244498994,0.8213214765794644,0.910278245162448
0.25,plus__boltz_binder,one_bounded,versus_baseline,275313,47,0.08244734017657095,0.05882267884173673,0.11007243431314975,0.009128255351398896,0.06867532467532467,0.1618271069222244
0.25,representation_readout,one_bounded,absolute,275313,47,0.8083693456883202,0.7856210393409218,0.8303689095088695,0.7183210307243306,0.8089695309825402,0.8920027561647013
0.25,representation_readout,one_bounded,versus_baseline,275313,47,0.06985024048196657,0.03872356242422465,0.10253742600551485,-0.010920249682470379,0.0563063063063064,0.1821282345136323
0.25,representation_plus_chemistry,one_bounded,absolute,275313,47,0.8173538539476779,0.7988413636310825,0.8359590818168654,0.738452010766869,0.808935064935065,0.8958779740921753
0.25,representation_plus_chemistry,one_bounded,versus_baseline,275313,47,0.07883474874132432,0.054444258451795145,0.1074017585104964,0.014034610291345836,0.057432432432432456,0.1796268097849556
0.25,native__boltz_affinity,one_bounded,absolute,275313,47,0.7118370386837419,0.6693048711126409,0.7516073943117422,0.5252547003112857,0.7427113702623906,0.8744304798109108
0.25,native__boltz_affinity,one_bounded,versus_baseline,275313,47,-0.02668206652261157,-0.07969049785841444,0.024269041558171767,-0.2677045044847825,0.010326214503637687,0.15228456840074533
0.25,native__boltz_binder,one_bounded,absolute,275313,47,0.7995186033325862,0.7723263539942504,0.8239914946335326,0.6913143883843821,0.8072214152313758,0.8969093221801421
0.25,native__boltz_binder,one_bounded,versus_baseline,275313,47,0.06099949812623271,0.022823590779911966,0.09992830472342996,-0.08129997047590685,0.06528835690968449,0.17978760684657857
0.5,baseline,all_determinate,absolute,366502,47,0.7781508811439509,0.749542126977117,0.8045234707131061,0.6909669140489623,0.7946872898453261,0.8993790912432081
0.5,baseline,all_determinate,versus_baseline,366502,47,0.0,0.0,0.0,0.0,0.0,0.0
0.5,plus__boltz_affinity,all_determinate,absolute,366502,47,0.8036551226677935,0.7816966165667157,0.8249589494254936,0.718739126275901,0.8054755043227666,0.8975972366481693
0.5,plus__boltz_affinity,all_determinate,versus_baseline,366502,47,0.025504241523842775,0.009908071671206338,0.042393516066670016,-0.013624351717182787,0.01762128325508605,0.06537231158147508
0.5,plus__boltz_binder,all_determinate,absolute,366502,47,0.8133293308225463,0.793474022595392,0.8333087757174514,0.7381207464557102,0.8107395587623144,0.8919443310194637
0.5,plus__boltz_binder,all_determinate,versus_baseline,366502,47,0.03517844967859562,0.02090883682594134,0.05102094811732361,-0.014801177926209828,0.033546928006030985,0.08141157749918504
0.5,representation_readout,all_determinate,absolute,366502,47,0.8022419802343688,0.7790563840621436,0.8234517985288319,0.7226600129537171,0.8079532604598567,0.8801052443110516
0.5,representation_readout,all_determinate,versus_baseline,366502,47,0.024091099090417994,-0.0004791390970368557,0.04675511763950274,-0.03933231522181737,0.02924694622843471,0.10220711885191648
0.5,representation_plus_chemistry,all_determinate,absolute,366502,47,0.8212960796486154,0.8006233400047922,0.8414260184935293,0.7541172731486299,0.8270562565221516,0.8947680241528134
0.5,representation_plus_chemistry,all_determinate,versus_baseline,366502,47,0.043145198504664375,0.028719610961541703,0.05879706043005261,-0.01727545146954279,0.03822865353037763,0.08894514659913096
0.5,native__boltz_affinity,all_determinate,absolute,366502,47,0.6961182099820106,0.6558729251970361,0.7330976913863488,0.540220533929456,0.7304147465437788,0.838718433068337
0.5,native__boltz_affinity,all_determinate,versus_baseline,366502,47,-0.08203267116194038,-0.13054484304890937,-0.038801699101726386,-0.2843721845074739,-0.03515892979647839,0.06382616254763185
0.5,native__boltz_binder,all_determinate,absolute,366502,47,0.7758526576725784,0.7483453028123976,0.8012465652532029,0.6803636687238394,0.7733611611801536,0.8850034517924488
0.5,native__boltz_binder,all_determinate,versus_baseline,366502,47,-0.002298223471372148,-0.03218379343680259,0.027126281937592464,-0.10939088341841802,0.007609024833434286,0.07735918733049206
0.5,baseline,both_exact,absolute,91189,46,0.6538307494854243,0.6209168923482015,0.6858548768724716,0.5486663491307454,0.6575755359467822,0.7639052620297933
0.5,baseline,both_exact,versus_baseline,91189,46,0.0,0.0,0.0,0.0,0.0,0.0
0.5,plus__boltz_affinity,both_exact,absolute,91189,46,0.6425580545978022,0.5985333579629503,0.6795756513748925,0.5537142857142857,0.6651334027284652,0.7637253431335783
0.5,plus__boltz_affinity,both_exact,versus_baseline,91189,46,-0.011272694887622047,-0.06338434250387445,0.022417298575394817,-0.038825356953992585,0.01101285415380393,0.05220687465269508
0.5,plus__boltz_binder,both_exact,absolute,91189,46,0.64871321640349,0.6050914558244016,0.6849336736049184,0.5596666666666668,0.6710827531653858,0.7742795240387923
0.5,plus__boltz_binder,both_exact,versus_baseline,91189,46,-0.005117533081934258,-0.060464897525849284,0.03282539717714363,-0.059023474178403756,0.004686444487329744,0.06503447469907675
0.5,representation_readout,both_exact,absolute,91189,46,0.6482636141328972,0.6067776042628156,0.6863455659378808,0.5650934431422237,0.6655388579422398,0.7541881862311148
0.5,representation_readout,both_exact,versus_baseline,91189,46,-0.00556713535252699,-0.02865425327654491,0.01670939877740794,-0.08134905370056933,0.0,0.0676045816733068
0.5,representation_plus_chemistry,both_exact,absolute,91189,46,0.6778334341336167,0.6442945777174109,0.7102510389361509,0.5703809523809524,0.6784792964217152,0.7871296029919448
0.5,representation_plus_chemistry,both_exact,versus_baseline,91189,46,0.024002684648192316,0.00991686951330545,0.03984893888634006,-0.02092786069651742,0.019153070330057753,0.08141311942277979
0.5,native__boltz_affinity,both_exact,absolute,91189,46,0.6285137512319815,0.5881639338927996,0.6632789023224637,0.5347420546932742,0.6497075025978865,0.7354328587477359
0.5,native__boltz_affinity,both_exact,versus_baseline,91189,46,-0.025316998253442816,-0.08256100424227568,0.01958381572654868,-0.09249759484153214,-0.025508695137820836,0.08785905143620576
0.5,native__boltz_binder,both_exact,absolute,91189,46,0.6209985406128189,0.5744222106449243,0.662350155903443,0.5214308943089431,0.6307383052967706,0.7489937583853468
0.5,native__boltz_binder,both_exact,versus_baseline,91189,46,-0.03283220887260539,-0.08910609422670643,0.011701338794821218,-0.09959622062505047,-0.009494288416217633,0.06686449349215878
0.5,baseline,one_bounded,absolute,275313,47,0.7992504348093472,0.7709196873282853,0.8247016400554689,0.7134935123258727,0.8157894736842105,0.9111501952312713
0.5,baseline,one_bounded,versus_baseline,275313,47,0.0,0.0,0.0,0.0,0.0,0.0
0.5,plus__boltz_affinity,one_bounded,absolute,275313,47,0.8274128509267994,0.806198717148909,0.8474019534654076,0.7443735691495006,0.8368625756266206,0.9112698009241581
0.5,plus__boltz_affinity,one_bounded,versus_baseline,275313,47,0.028162416117452172,0.011856958892920929,0.04541607126441843,-0.0172661237558771,0.028011794439764093,0.07398082046339471
0.5,plus__boltz_binder,one_bounded,absolute,275313,47,0.8390865161289052,0.8204450233794802,0.8575886414581279,0.7622692583198971,0.8375651589036489,0.9157459110821968
0.5,plus__boltz_binder,one_bounded,versus_baseline,275313,47,0.0398360813195578,0.024783526007295012,0.05559195414297946,-0.01583754495638947,0.04247962459866639,0.08870458743573187
0.5,representation_readout,one_bounded,absolute,275313,47,0.8266723576777891,0.8044156648196165,0.8474296693691903,0.7507962300942477,0.8254545454545454,0.9070206700982282
0.5,representation_readout,one_bounded,versus_baseline,275313,47,0.027421922868441882,0.0024123228512037465,0.0505069937847438,-0.042754434393305014,0.028987012987013006,0.10761870969211186
0.5,representation_plus_chemistry,one_bounded,absolute,275313,47,0.8455508479747373,0.8254797538728611,0.8645682368175599,0.780263016599281,0.8595400140812016,0.9223127413336347
0.5,representation_plus_chemistry,one_bounded,versus_baseline,275313,47,0.04630041316539014,0.03108844366871135,0.06248733331685933,-0.021425195692873666,0.03876552502822739,0.09894785897661866
0.5,native__boltz_affinity,one_bounded,absolute,275313,47,0.7118370386837419,0.6693048711126409,0.7516073943117422,0.5252547003112857,0.7427113702623906,0.8744304798109108
0.5,native__boltz_affinity,one_bounded,versus_baseline,275313,47,-0.08741339612560521,-0.13775434578269855,-0.04168265830624095,-0.3029323542854019,-0.03661480686695284,0.06866952132690209
0.5,native__boltz_binder,one_bounded,absolute,275313,47,0.7995186033325862,0.7723263539942504,0.8239914946335326,0.6913143883843821,0.8072214152313758,0.8969093221801421
0.5,native__boltz_binder,one_bounded,versus_baseline,275313,47,0.00026816852323906324,-0.030869381588347164,0.030293242864891403,-0.11179817805384265,0.008150470219435713,0.0815740435123843
1.0,baseline,all_determinate,absolute,366502,47,0.8111834536058908,0.7826767379608608,0.8374854192950075,0.7305454013556565,0.8244966103409895,0.9120580983960938
1.0,baseline,all_determinate,versus_baseline,366502,47,0.0,0.0,0.0,0.0,0.0,0.0
1.0,plus__boltz_affinity,all_determinate,absolute,366502,47,0.8318859943790078,0.8122349568529124,0.8512772203209763,0.7612546012832327,0.833737496210973,0.9087994835523512
1.0,plus__boltz_affinity,all_determinate,versus_baseline,366502,47,0.02070254077311673,0.007264009101462189,0.03769155763651316,-0.009919803371634561,0.019266309369802226,0.048429469658593904
1.0,plus__boltz_binder,all_determinate,absolute,366502,47,0.8441173574540495,0.8246697729825662,0.8629372830630466,0.7743577357097253,0.8407093058502576,0.9309528381312497
1.0,plus__boltz_binder,all_determinate,versus_baseline,366502,47,0.03293390384815847,0.01917530154469747,0.051070452883657705,-0.0034039114286462434,0.026158388855239245,0.058647681181169566
1.0,representation_readout,all_determinate,absolute,366502,47,0.8194730177813183,0.7987282908669863,0.8383903500747169,0.7449795220635579,0.8204240588489832,0.8939169633196093
1.0,representation_readout,all_determinate,versus_baseline,366502,47,0.008289564175427316,-0.016464015598562556,0.03284914748338027,-0.03838864559770336,0.017813356411365944,0.07239179711717296
1.0,representation_plus_chemistry,all_determinate,absolute,366502,47,0.8454995321305723,0.8265831691479001,0.8640367469059665,0.7850043710539096,0.8568312512393417,0.922605873340143
1.0,representation_plus_chemistry,all_determinate,versus_baseline,366502,47,0.03431607852468122,0.022531603179216056,0.048682156142205446,-0.008197797094878816,0.025964546402502564,0.06788305816599384
1.0,native__boltz_affinity,all_determinate,absolute,366502,47,0.6961182099820106,0.6558729251970361,0.7330976913863488,0.540220533929456,0.7304147465437788,0.838718433068337
1.0,native__boltz_affinity,all_determinate,versus_baseline,366502,47,-0.11506524362388046,-0.16506422637727672,-0.07108986104371885,-0.33678021225186866,-0.0677402357900283,0.016630260190731515
1.0,native__boltz_binder,all_determinate,absolute,366502,47,0.7758526576725784,0.7483453028123976,0.8012465652532029,0.6803636687238394,0.7733611611801536,0.8850034517924488
1.0,native__boltz_binder,all_determinate,versus_baseline,366502,47,-0.03533079593331226,-0.06827269626217167,-0.004774045635621791,-0.14436565941960539,-0.017070685011283393,0.028455079372566347
1.0,baseline,both_exact,absolute,91189,46,0.6957240913860757,0.6716154422561659,0.7207677899439063,0.6199496944795617,0.6780174270955419,0.7793206666497552
1.0,baseline,both_exact,versus_baseline,91189,46,0.0,0.0,0.0,0.0,0.0,0.0
1.0,plus__boltz_affinity,both_exact,absolute,91189,46,0.6810779681177621,0.6378575133010355,0.7151197182508697,0.6128854489164086,0.7023226887364078,0.7869800482125455
1.0,plus__boltz_affinity,both_exact,versus_baseline,91189,46,-0.014646123268313582,-0.06403983588698293,0.015228519915187934,-0.022017833759431338,0.01164585850449723,0.03186036996360658
1.0,plus__boltz_binder,both_exact,absolute,91189,46,0.6810617984216398,0.6374376267201284,0.7156398606906409,0.584974358974359,0.7057202585702725,0.786677408412483
1.0,plus__boltz_binder,both_exact,versus_baseline,91189,46,-0.014662292964435773,-0.06405624241394155,0.015639783808842365,-0.032527091596140034,0.00795085844291904,0.04344629762523411
1.0,representation_readout,both_exact,absolute,91189,46,0.6717922621276152,0.6373200359123695,0.7048824768288883,0.5663809523809524,0.6801502837977296,0.7686006553184688
1.0,representation_readout,both_exact,versus_baseline,91189,46,-0.023931829258460543,-0.04117074854387682,-0.0080412455769154,-0.08102054952666826,-0.010025514806319413,0.03331510912870256
1.0,representation_plus_chemistry,both_exact,absolute,91189,46,0.6877694633416228,0.6445923729162732,0.7208145057823865,0.6088571428571429,0.7097743455712182,0.7781915379879605
1.0,representation_plus_chemistry,both_exact,versus_baseline,91189,46,-0.007954628044452792,-0.05966851371942313,0.025084133029195394,-0.02625889245361973,0.01839509587020649,0.062017255414751726
1.0,native__boltz_affinity,both_exact,absolute,91189,46,0.6285137512319815,0.5881639338927996,0.6632789023224637,0.5347420546932742,0.6497075025978865,0.7354328587477359
1.0,native__boltz_affinity,both_exact,versus_baseline,91189,46,-0.06721034015409418,-0.11857481488444027,-0.030719741666104784,-0.14557978783717107,-0.050012577085088994,0.03385072339003181
1.0,native__boltz_binder,both_exact,absolute,91189,46,0.6209985406128189,0.5744222106449243,0.662350155903443,0.5214308943089431,0.6307383052967706,0.7489937583853468
1.0,native__boltz_binder,both_exact,versus_baseline,91189,46,-0.07472555077325675,-0.12672281478946623,-0.03524601077424587,-0.17354124748490948,-0.04701550387596898,0.04551378387263427
1.0,baseline,one_bounded,absolute,275313,47,0.8320240190058874,0.8036846092114396,0.8572995591157758,0.7446840163079915,0.8465149026050223,0.924620955054427
1.0,baseline,one_bounded,versus_baseline,275313,47,0.0,0.0,0.0,0.0,0.0,0.0
1.0,plus__boltz_affinity,one_bounded,absolute,275313,47,0.8539779282346839,0.8358895852910496,0.871389721631,0.777063803437156,0.8535469107551488,0.9205794375249491
1.0,plus__boltz_affinity,one_bounded,versus_baseline,275313,47,0.021953909228796403,0.00824481530736953,0.03903561751245661,-0.009250531312311905,0.02157197778727038,0.045928913195932314
1.0,plus__boltz_binder,one_bounded,absolute,275313,47,0.8678425173797195,0.8501625544389513,0.8849836670588187,0.8047164867821553,0.8690579083837511,0.9390168002572621
1.0,plus__boltz_binder,one_bounded,versus_baseline,275313,47,0.035818498373831886,0.02178982979220426,0.054004250841098236,-0.0031482026967672534,0.026997123257357813,0.06272563116311226
1.0,representation_readout,one_bounded,absolute,275313,47,0.8437611936477015,0.8242902964102659,0.8620198615316322,0.7754958024392552,0.8413391557496361,0.9124457792172729
1.0,representation_readout,one_bounded,versus_baseline,275313,47,0.011737174641813739,-0.01381671672145046,0.037135060098633633,-0.036154544831776485,0.021609771374882625,0.07861032690023292
1.0,representation_plus_chemistry,one_bounded,absolute,275313,47,0.8690025381288679,0.8508439347259671,0.8860480557051764,0.8047420029333513,0.8742821666925346,0.931799332773754
1.0,representation_plus_chemistry,one_bounded,versus_baseline,275313,47,0.03697851912298024,0.024804013171309033,0.05179666690797877,-0.008045343943957723,0.031161916692765468,0.06957461855833103
1.0,native__boltz_affinity,one_bounded,absolute,275313,47,0.7118370386837419,0.6693048711126409,0.7516073943117422,0.5252547003112857,0.7427113702623906,0.8744304798109108
1.0,native__boltz_affinity,one_bounded,versus_baseline,275313,47,-0.12018698032214548,-0.1715975624242669,-0.07414897989047951,-0.3643821838398804,-0.06718618365627627,0.010633958522313691
1.0,native__boltz_binder,one_bounded,absolute,275313,47,0.7995186033325862,0.7723263539942504,0.8239914946335326,0.6913143883843821,0.8072214152313758,0.8969093221801421
1.0,native__boltz_binder,one_bounded,versus_baseline,275313,47,-0.03250541567330122,-0.0660199222657052,-0.001105519669511935,-0.1453854840048121,-0.013288677614520239,0.043118954687344085
