method,stratum,contrast,queries,estimate,bootstrap_low,bootstrap_high,query_q10,query_median,query_q90
plus__boltz_affinity,all_determinate,full_minus_one_eighth_gain,47,-0.01776302243325478,-0.047867722242658395,0.0138084091213996,-0.10636445339146314,-0.021142066785220348,0.06704581064751647
plus__boltz_affinity,both_exact,full_minus_one_eighth_gain,46,-0.049452169702406,-0.07432150960214264,-0.027252932967130265,-0.14354494988029148,-0.023460399977018875,0.013063868949015317
plus__boltz_affinity,one_bounded,full_minus_one_eighth_gain,47,-0.017318265587905467,-0.04817660092973271,0.015567003901718616,-0.10964281329473091,-0.026920227216596704,0.07835481120550974
plus__boltz_binder,all_determinate,full_minus_one_eighth_gain,47,-0.05259163344028239,-0.088208966478213,-0.018524970398823334,-0.16333478323908945,-0.05071086942278724,0.0309046080811189
plus__boltz_binder,both_exact,full_minus_one_eighth_gain,46,-0.03884190311742865,-0.06955596967078524,-0.009464436867181935,-0.1504169984156472,-0.025810641308971927,0.04719584243224484
plus__boltz_binder,one_bounded,full_minus_one_eighth_gain,47,-0.05617803118287953,-0.09229253779616105,-0.021583585993857738,-0.16794791668037248,-0.05306401917151671,0.02788823114416214
representation_readout,all_determinate,full_minus_one_eighth_gain,47,-0.08197013871853749,-0.11200114212659963,-0.05328599474480737,-0.16698662931993238,-0.06541997229568064,-0.02666910518932617
representation_readout,both_exact,full_minus_one_eighth_gain,46,-0.04383816814581066,-0.08388451564862523,0.012708277525220833,-0.14502670226969291,-0.06563348725817225,0.026994333042720142
representation_readout,one_bounded,full_minus_one_eighth_gain,47,-0.08356575572544311,-0.11440048396053035,-0.054836209473044566,-0.16679217230959337,-0.06322969959333591,-0.025245965677289012
representation_plus_chemistry,all_determinate,full_minus_one_eighth_gain,47,-0.055958659137997385,-0.08445732252034392,-0.029400709351787475,-0.14700789191532224,-0.0399425974647214,0.01631898088068505
representation_plus_chemistry,both_exact,full_minus_one_eighth_gain,46,-0.027027903149485506,-0.04882836963431927,-0.004968086465194741,-0.11749154807767906,-0.022702017218813042,0.05900262375777843
representation_plus_chemistry,one_bounded,full_minus_one_eighth_gain,47,-0.05835021553430132,-0.08748972763623067,-0.03098117974622709,-0.15154476775789577,-0.04367816091954024,0.033023697676049506
