fraction,method,stratum,contrast,queries,pairs,estimate,bootstrap_low,bootstrap_high,estimator
0.125,baseline,all_determinate,absolute,47,366502,0.6943249968622273,0.6700705777111569,0.7199120174245021,Pooled within-fold comparison-weighted concordance; secondary to molecule-macro metric.
0.125,baseline,all_determinate,versus_baseline,47,366502,0.0,0.0,0.0,Pooled within-fold comparison-weighted concordance; secondary to molecule-macro metric.
0.125,plus__boltz_affinity,all_determinate,absolute,47,366502,0.7312756819880928,0.7069090962581616,0.7573955161624767,Pooled within-fold comparison-weighted concordance; secondary to molecule-macro metric.
0.125,plus__boltz_affinity,all_determinate,versus_baseline,47,366502,0.03695068512586561,0.02006938682398967,0.052767592213611485,Pooled within-fold comparison-weighted concordance; secondary to molecule-macro metric.
0.125,plus__boltz_binder,all_determinate,absolute,47,366502,0.7659357929833943,0.7416603783984926,0.7902358001084892,Pooled within-fold comparison-weighted concordance; secondary to molecule-macro metric.
0.125,plus__boltz_binder,all_determinate,versus_baseline,47,366502,0.07161079612116714,0.0540680165560429,0.08957500714407396,Pooled within-fold comparison-weighted concordance; secondary to molecule-macro metric.
0.125,representation_readout,all_determinate,absolute,47,366502,0.7737502114586005,0.7507811557031475,0.7963684914825673,Pooled within-fold comparison-weighted concordance; secondary to molecule-macro metric.
0.125,representation_readout,all_determinate,versus_baseline,47,366502,0.07942521459637326,0.0628103209811971,0.09650958154149586,Pooled within-fold comparison-weighted concordance; secondary to molecule-macro metric.
0.125,representation_plus_chemistry,all_determinate,absolute,47,366502,0.7737447544624586,0.7509003200926972,0.796341770548707,Pooled within-fold comparison-weighted concordance; secondary to molecule-macro metric.
0.125,representation_plus_chemistry,all_determinate,versus_baseline,47,366502,0.07941975760023137,0.06288836163070524,0.0963916888520604,Pooled within-fold comparison-weighted concordance; secondary to molecule-macro metric.
0.125,native__boltz_affinity,all_determinate,absolute,47,366502,0.7038733758615233,0.6736815651421758,0.7342912362162313,Pooled within-fold comparison-weighted concordance; secondary to molecule-macro metric.
0.125,native__boltz_affinity,all_determinate,versus_baseline,47,366502,0.009548378999296043,-0.023084254063488945,0.038196871061827765,Pooled within-fold comparison-weighted concordance; secondary to molecule-macro metric.
0.125,native__boltz_binder,all_determinate,absolute,47,366502,0.7611663783553705,0.7357766812222154,0.7857157323202403,Pooled within-fold comparison-weighted concordance; secondary to molecule-macro metric.
0.125,native__boltz_binder,all_determinate,versus_baseline,47,366502,0.06684138149314327,0.04408585534827008,0.08855659815543057,Pooled within-fold comparison-weighted concordance; secondary to molecule-macro metric.
0.125,baseline,both_exact,absolute,46,91189,0.5995130991676628,0.583027381001236,0.6205446698881415,Pooled within-fold comparison-weighted concordance; secondary to molecule-macro metric.
0.125,baseline,both_exact,versus_baseline,46,91189,0.0,0.0,0.0,Pooled within-fold comparison-weighted concordance; secondary to molecule-macro metric.
0.125,plus__boltz_affinity,both_exact,absolute,46,91189,0.6381142462358399,0.6140323492480151,0.6643962261981485,Pooled within-fold comparison-weighted concordance; secondary to molecule-macro metric.
0.125,plus__boltz_affinity,both_exact,versus_baseline,46,91189,0.03860114706817707,0.020974549146768915,0.05684756266815631,Pooled within-fold comparison-weighted concordance; secondary to molecule-macro metric.
0.125,plus__boltz_binder,both_exact,absolute,46,91189,0.6403403919332376,0.6176218567804305,0.6644971964101615,Pooled within-fold comparison-weighted concordance; secondary to molecule-macro metric.
0.125,plus__boltz_binder,both_exact,versus_baseline,46,91189,0.04082729276557479,0.023459251674460346,0.05848751318604348,Pooled within-fold comparison-weighted concordance; secondary to molecule-macro metric.
0.125,representation_readout,both_exact,absolute,46,91189,0.6566800820274376,0.6325792120084884,0.6808988196475505,Pooled within-fold comparison-weighted concordance; secondary to molecule-macro metric.
0.125,representation_readout,both_exact,versus_baseline,46,91189,0.057166982859774736,0.03715264818306681,0.07845652150105913,Pooled within-fold comparison-weighted concordance; secondary to molecule-macro metric.
0.125,representation_plus_chemistry,both_exact,absolute,46,91189,0.6568116768469882,0.632570874818531,0.6811909522949562,Pooled within-fold comparison-weighted concordance; secondary to molecule-macro metric.
0.125,representation_plus_chemistry,both_exact,versus_baseline,46,91189,0.057298577679325335,0.037289769044111555,0.07882470601828467,Pooled within-fold comparison-weighted concordance; secondary to molecule-macro metric.
0.125,native__boltz_affinity,both_exact,absolute,46,91189,0.6374233734331992,0.6020150768962373,0.6703279595536604,Pooled within-fold comparison-weighted concordance; secondary to molecule-macro metric.
0.125,native__boltz_affinity,both_exact,versus_baseline,46,91189,0.037910274265536406,0.0066902209313850726,0.06978201500074827,Pooled within-fold comparison-weighted concordance; secondary to molecule-macro metric.
0.125,native__boltz_binder,both_exact,absolute,46,91189,0.6457028808299247,0.613848267301912,0.6755347339949016,Pooled within-fold comparison-weighted concordance; secondary to molecule-macro metric.
0.125,native__boltz_binder,both_exact,versus_baseline,46,91189,0.04618978166226186,0.017960045664795882,0.07432974593839085,Pooled within-fold comparison-weighted concordance; secondary to molecule-macro metric.
0.125,baseline,one_bounded,absolute,47,275313,0.7257285344317196,0.700187597387452,0.7505562365828766,Pooled within-fold comparison-weighted concordance; secondary to molecule-macro metric.
0.125,baseline,one_bounded,versus_baseline,47,275313,0.0,0.0,0.0,Pooled within-fold comparison-weighted concordance; secondary to molecule-macro metric.
0.125,plus__boltz_affinity,one_bounded,absolute,47,275313,0.7621325545833288,0.7348313073524081,0.7897931453769637,Pooled within-fold comparison-weighted concordance; secondary to molecule-macro metric.
0.125,plus__boltz_affinity,one_bounded,versus_baseline,47,275313,0.036404020151609255,0.016369027753639874,0.056146608846979085,Pooled within-fold comparison-weighted concordance; secondary to molecule-macro metric.
0.125,plus__boltz_binder,one_bounded,absolute,47,275313,0.807535423318187,0.7850849483340757,0.8290341686275959,Pooled within-fold comparison-weighted concordance; secondary to molecule-macro metric.
0.125,plus__boltz_binder,one_bounded,versus_baseline,47,275313,0.08180688888646741,0.06113362627581636,0.1019958989673169,Pooled within-fold comparison-weighted concordance; secondary to molecule-macro metric.
0.125,representation_readout,one_bounded,absolute,47,275313,0.8125261066495225,0.7930876627658154,0.8315824385956844,Pooled within-fold comparison-weighted concordance; secondary to molecule-macro metric.
0.125,representation_readout,one_bounded,versus_baseline,47,275313,0.08679757221780302,0.06802542757592626,0.10690684372724603,Pooled within-fold comparison-weighted concordance; secondary to molecule-macro metric.
0.125,representation_plus_chemistry,one_bounded,absolute,47,275313,0.8124752554365395,0.7929945826178816,0.8315799166015099,Pooled within-fold comparison-weighted concordance; secondary to molecule-macro metric.
0.125,representation_plus_chemistry,one_bounded,versus_baseline,47,275313,0.08674672100481996,0.06797248565337972,0.10694491591322149,Pooled within-fold comparison-weighted concordance; secondary to molecule-macro metric.
0.125,native__boltz_affinity,one_bounded,absolute,47,275313,0.725882904185418,0.690498911664285,0.7608174233090627,Pooled within-fold comparison-weighted concordance; secondary to molecule-macro metric.
0.125,native__boltz_affinity,one_bounded,versus_baseline,47,275313,0.00015436975369851274,-0.03926351120518649,0.03497696673852595,Pooled within-fold comparison-weighted concordance; secondary to molecule-macro metric.
0.125,native__boltz_binder,one_bounded,absolute,47,275313,0.7994101259293968,0.7754886579772609,0.8209036830554461,Pooled within-fold comparison-weighted concordance; secondary to molecule-macro metric.
0.125,native__boltz_binder,one_bounded,versus_baseline,47,275313,0.0736815914976772,0.04734982900825983,0.09862566166352499,Pooled within-fold comparison-weighted concordance; secondary to molecule-macro metric.
0.25,baseline,all_determinate,absolute,47,366502,0.7145540815602643,0.6916342960095958,0.7394487891062824,Pooled within-fold comparison-weighted concordance; secondary to molecule-macro metric.
0.25,baseline,all_determinate,versus_baseline,47,366502,0.0,0.0,0.0,Pooled within-fold comparison-weighted concordance; secondary to molecule-macro metric.
0.25,plus__boltz_affinity,all_determinate,absolute,47,366502,0.7530108976212954,0.7313952850950006,0.7764076555465773,Pooled within-fold comparison-weighted concordance; secondary to molecule-macro metric.
0.25,plus__boltz_affinity,all_determinate,versus_baseline,47,366502,0.03845681606103105,0.02682093673320219,0.05026862506061906,Pooled within-fold comparison-weighted concordance; secondary to molecule-macro metric.
0.25,plus__boltz_binder,all_determinate,absolute,47,366502,0.7767024463713704,0.7546298975119883,0.7995992144921964,Pooled within-fold comparison-weighted concordance; secondary to molecule-macro metric.
0.25,plus__boltz_binder,all_determinate,versus_baseline,47,366502,0.062148364811106076,0.04900446024366313,0.07576800497498694,Pooled within-fold comparison-weighted concordance; secondary to molecule-macro metric.
0.25,representation_readout,all_determinate,absolute,47,366502,0.7776628776923454,0.7555397869646758,0.8002595737744963,Pooled within-fold comparison-weighted concordance; secondary to molecule-macro metric.
0.25,representation_readout,all_determinate,versus_baseline,47,366502,0.06310879613208113,0.04678334455326021,0.07998140157868124,Pooled within-fold comparison-weighted concordance; secondary to molecule-macro metric.
0.25,representation_plus_chemistry,all_determinate,absolute,47,366502,0.7816410278797933,0.759997927228083,0.8039623966629934,Pooled within-fold comparison-weighted concordance; secondary to molecule-macro metric.
0.25,representation_plus_chemistry,all_determinate,versus_baseline,47,366502,0.06708694631952897,0.05223044035499674,0.08270542855992173,Pooled within-fold comparison-weighted concordance; secondary to molecule-macro metric.
0.25,native__boltz_affinity,all_determinate,absolute,47,366502,0.7038733758615233,0.6736815651421758,0.7342912362162313,Pooled within-fold comparison-weighted concordance; secondary to molecule-macro metric.
0.25,native__boltz_affinity,all_determinate,versus_baseline,47,366502,-0.01068070569874106,-0.044021663152969764,0.01819712851858861,Pooled within-fold comparison-weighted concordance; secondary to molecule-macro metric.
0.25,native__boltz_binder,all_determinate,absolute,47,366502,0.7611663783553705,0.7357766812222154,0.7857157323202403,Pooled within-fold comparison-weighted concordance; secondary to molecule-macro metric.
0.25,native__boltz_binder,all_determinate,versus_baseline,47,366502,0.046612296795106166,0.025114579530353145,0.06747710369272734,Pooled within-fold comparison-weighted concordance; secondary to molecule-macro metric.
0.25,baseline,both_exact,absolute,46,91189,0.6140214280231169,0.5956515178418155,0.6373983933777736,Pooled within-fold comparison-weighted concordance; secondary to molecule-macro metric.
0.25,baseline,both_exact,versus_baseline,46,91189,0.0,0.0,0.0,Pooled within-fold comparison-weighted concordance; secondary to molecule-macro metric.
0.25,plus__boltz_affinity,both_exact,absolute,46,91189,0.6507254164427727,0.632342014509934,0.6732837233886567,Pooled within-fold comparison-weighted concordance; secondary to molecule-macro metric.
0.25,plus__boltz_affinity,both_exact,versus_baseline,46,91189,0.036703988419655866,0.026233530039226523,0.04641473258492972,Pooled within-fold comparison-weighted concordance; secondary to molecule-macro metric.
0.25,plus__boltz_binder,both_exact,absolute,46,91189,0.6534779414183728,0.6349410219067505,0.6746791928330292,Pooled within-fold comparison-weighted concordance; secondary to molecule-macro metric.
0.25,plus__boltz_binder,both_exact,versus_baseline,46,91189,0.039456513395256,0.027799928115000778,0.05065096862503101,Pooled within-fold comparison-weighted concordance; secondary to molecule-macro metric.
0.25,representation_readout,both_exact,absolute,46,91189,0.6636217087587318,0.6417634551838258,0.6854976059496161,Pooled within-fold comparison-weighted concordance; secondary to molecule-macro metric.
0.25,representation_readout,both_exact,versus_baseline,46,91189,0.04960028073561503,0.030274458447555528,0.06749446843964373,Pooled within-fold comparison-weighted concordance; secondary to molecule-macro metric.
0.25,representation_plus_chemistry,both_exact,absolute,46,91189,0.665178914123414,0.6426662145880241,0.6887758626807822,Pooled within-fold comparison-weighted concordance; secondary to molecule-macro metric.
0.25,representation_plus_chemistry,both_exact,versus_baseline,46,91189,0.051157486100297175,0.03349000808345768,0.06829653955646876,Pooled within-fold comparison-weighted concordance; secondary to molecule-macro metric.
0.25,native__boltz_affinity,both_exact,absolute,46,91189,0.6374233734331992,0.6020150768962373,0.6703279595536604,Pooled within-fold comparison-weighted concordance; secondary to molecule-macro metric.
0.25,native__boltz_affinity,both_exact,versus_baseline,46,91189,0.023401945410082368,-0.007260917411494036,0.054638154854795604,Pooled within-fold comparison-weighted concordance; secondary to molecule-macro metric.
0.25,native__boltz_binder,both_exact,absolute,46,91189,0.6457028808299247,0.613848267301912,0.6755347339949016,Pooled within-fold comparison-weighted concordance; secondary to molecule-macro metric.
0.25,native__boltz_binder,both_exact,versus_baseline,46,91189,0.031681452806807835,0.0022398202154650694,0.06010459005485402,Pooled within-fold comparison-weighted concordance; secondary to molecule-macro metric.
0.25,baseline,one_bounded,absolute,47,275313,0.7478524443088412,0.7238299899640493,0.7703957364283895,Pooled within-fold comparison-weighted concordance; secondary to molecule-macro metric.
0.25,baseline,one_bounded,versus_baseline,47,275313,0.0,0.0,0.0,Pooled within-fold comparison-weighted concordance; secondary to molecule-macro metric.
0.25,plus__boltz_affinity,one_bounded,absolute,47,275313,0.7868898308470722,0.7647536372453324,0.8083431220943598,Pooled within-fold comparison-weighted concordance; secondary to molecule-macro metric.
0.25,plus__boltz_affinity,one_bounded,versus_baseline,47,275313,0.039037386538231036,0.024845975795695283,0.053707188695080746,Pooled within-fold comparison-weighted concordance; secondary to molecule-macro metric.
0.25,plus__boltz_binder,one_bounded,absolute,47,275313,0.8175167899808582,0.7976719883461044,0.8373532802102629,Pooled within-fold comparison-weighted concordance; secondary to molecule-macro metric.
0.25,plus__boltz_binder,one_bounded,versus_baseline,47,275313,0.06966434567201694,0.053936822995404456,0.08556851336760904,Pooled within-fold comparison-weighted concordance; secondary to molecule-macro metric.
0.25,representation_readout,one_bounded,absolute,47,275313,0.8154355224780523,0.7960107713503255,0.835042535476658,Pooled within-fold comparison-weighted concordance; secondary to molecule-macro metric.
0.25,representation_readout,one_bounded,versus_baseline,47,275313,0.06758307816921104,0.048780323493451204,0.08788967593760429,Pooled within-fold comparison-weighted concordance; secondary to molecule-macro metric.
0.25,representation_plus_chemistry,one_bounded,absolute,47,275313,0.8202155364984581,0.8016491749354634,0.8389153234068853,Pooled within-fold comparison-weighted concordance; secondary to molecule-macro metric.
0.25,representation_plus_chemistry,one_bounded,versus_baseline,47,275313,0.07236309218961691,0.05504332252744834,0.09094626995163536,Pooled within-fold comparison-weighted concordance; secondary to molecule-macro metric.
0.25,native__boltz_affinity,one_bounded,absolute,47,275313,0.725882904185418,0.690498911664285,0.7608174233090627,Pooled within-fold comparison-weighted concordance; secondary to molecule-macro metric.
0.25,native__boltz_affinity,one_bounded,versus_baseline,47,275313,-0.02196954012342316,-0.062196431659478545,0.014078045254119403,Pooled within-fold comparison-weighted concordance; secondary to molecule-macro metric.
0.25,native__boltz_binder,one_bounded,absolute,47,275313,0.7994101259293968,0.7754886579772609,0.8209036830554461,Pooled within-fold comparison-weighted concordance; secondary to molecule-macro metric.
0.25,native__boltz_binder,one_bounded,versus_baseline,47,275313,0.05155768162055551,0.026764846147924813,0.0751865732407024,Pooled within-fold comparison-weighted concordance; secondary to molecule-macro metric.
0.5,baseline,all_determinate,absolute,47,366502,0.7627884704585514,0.743618796507777,0.7837975665234144,Pooled within-fold comparison-weighted concordance; secondary to molecule-macro metric.
0.5,baseline,all_determinate,versus_baseline,47,366502,0.0,0.0,0.0,Pooled within-fold comparison-weighted concordance; secondary to molecule-macro metric.
0.5,plus__boltz_affinity,all_determinate,absolute,47,366502,0.7860530092605225,0.7664969352008979,0.8076021728664682,Pooled within-fold comparison-weighted concordance; secondary to molecule-macro metric.
0.5,plus__boltz_affinity,all_determinate,versus_baseline,47,366502,0.023264538801971067,0.015217838481309207,0.03125627702179582,Pooled within-fold comparison-weighted concordance; secondary to molecule-macro metric.
0.5,plus__boltz_binder,all_determinate,absolute,47,366502,0.7949097139988323,0.7750957335239267,0.8155774007639672,Pooled within-fold comparison-weighted concordance; secondary to molecule-macro metric.
0.5,plus__boltz_binder,all_determinate,versus_baseline,47,366502,0.032121243540280814,0.023604949966789707,0.0410068881452048,Pooled within-fold comparison-weighted concordance; secondary to molecule-macro metric.
0.5,representation_readout,all_determinate,absolute,47,366502,0.7903940496914069,0.7679791646654803,0.8133203377236038,Pooled within-fold comparison-weighted concordance; secondary to molecule-macro metric.
0.5,representation_readout,all_determinate,versus_baseline,47,366502,0.027605579232855476,0.01476498647408034,0.04067313788489341,Pooled within-fold comparison-weighted concordance; secondary to molecule-macro metric.
0.5,representation_plus_chemistry,all_determinate,absolute,47,366502,0.8056545394022406,0.7851969364348316,0.8267575297098639,Pooled within-fold comparison-weighted concordance; secondary to molecule-macro metric.
0.5,representation_plus_chemistry,all_determinate,versus_baseline,47,366502,0.04286606894368926,0.03169049919318416,0.05385917567455777,Pooled within-fold comparison-weighted concordance; secondary to molecule-macro metric.
0.5,native__boltz_affinity,all_determinate,absolute,47,366502,0.7038733758615233,0.6736815651421758,0.7342912362162313,Pooled within-fold comparison-weighted concordance; secondary to molecule-macro metric.
0.5,native__boltz_affinity,all_determinate,versus_baseline,47,366502,-0.05891509459702812,-0.0906084744574906,-0.03028061743199961,Pooled within-fold comparison-weighted concordance; secondary to molecule-macro metric.
0.5,native__boltz_binder,all_determinate,absolute,47,366502,0.7611663783553705,0.7357766812222154,0.7857157323202403,Pooled within-fold comparison-weighted concordance; secondary to molecule-macro metric.
0.5,native__boltz_binder,all_determinate,versus_baseline,47,366502,-0.0016220921031808871,-0.020160770835387185,0.015161039371133375,Pooled within-fold comparison-weighted concordance; secondary to molecule-macro metric.
0.5,baseline,both_exact,absolute,46,91189,0.6558685806402088,0.6386146294021788,0.6777326797863092,Pooled within-fold comparison-weighted concordance; secondary to molecule-macro metric.
0.5,baseline,both_exact,versus_baseline,46,91189,0.0,0.0,0.0,Pooled within-fold comparison-weighted concordance; secondary to molecule-macro metric.
0.5,plus__boltz_affinity,both_exact,absolute,46,91189,0.6714844992268805,0.648691197354437,0.6961485502670235,Pooled within-fold comparison-weighted concordance; secondary to molecule-macro metric.
0.5,plus__boltz_affinity,both_exact,versus_baseline,46,91189,0.015615918586671653,0.003581500997554184,0.028644397220827116,Pooled within-fold comparison-weighted concordance; secondary to molecule-macro metric.
0.5,plus__boltz_binder,both_exact,absolute,46,91189,0.6686442443715799,0.6471802577886681,0.6901196527539276,Pooled within-fold comparison-weighted concordance; secondary to molecule-macro metric.
0.5,plus__boltz_binder,both_exact,versus_baseline,46,91189,0.012775663731371133,4.95070052578161e-05,0.026286815506095837,Pooled within-fold comparison-weighted concordance; secondary to molecule-macro metric.
0.5,representation_readout,both_exact,absolute,46,91189,0.670738795249427,0.6456490201762162,0.6951422810889196,Pooled within-fold comparison-weighted concordance; secondary to molecule-macro metric.
0.5,representation_readout,both_exact,versus_baseline,46,91189,0.014870214609218228,-0.004061025895747252,0.03491939370632556,Pooled within-fold comparison-weighted concordance; secondary to molecule-macro metric.
0.5,representation_plus_chemistry,both_exact,absolute,46,91189,0.6889537115222231,0.666020146210599,0.7128035229362604,Pooled within-fold comparison-weighted concordance; secondary to molecule-macro metric.
0.5,representation_plus_chemistry,both_exact,versus_baseline,46,91189,0.033085130882014285,0.016612569523059038,0.05091640159094149,Pooled within-fold comparison-weighted concordance; secondary to molecule-macro metric.
0.5,native__boltz_affinity,both_exact,absolute,46,91189,0.6374233734331992,0.6020150768962373,0.6703279595536604,Pooled within-fold comparison-weighted concordance; secondary to molecule-macro metric.
0.5,native__boltz_affinity,both_exact,versus_baseline,46,91189,-0.018445207207009606,-0.04762921119225627,0.013260773091308594,Pooled within-fold comparison-weighted concordance; secondary to molecule-macro metric.
0.5,native__boltz_binder,both_exact,absolute,46,91189,0.6457028808299247,0.613848267301912,0.6755347339949016,Pooled within-fold comparison-weighted concordance; secondary to molecule-macro metric.
0.5,native__boltz_binder,both_exact,versus_baseline,46,91189,-0.010165699810284137,-0.03701562352771608,0.017279977690555823,Pooled within-fold comparison-weighted concordance; secondary to molecule-macro metric.
0.5,baseline,one_bounded,absolute,47,275313,0.7982024096210495,0.7812064524725654,0.8153968879833,Pooled within-fold comparison-weighted concordance; secondary to molecule-macro metric.
0.5,baseline,one_bounded,versus_baseline,47,275313,0.0,0.0,0.0,Pooled within-fold comparison-weighted concordance; secondary to molecule-macro metric.
0.5,plus__boltz_affinity,one_bounded,absolute,47,275313,0.8240003196361959,0.8063413356242639,0.8413284708192714,Pooled within-fold comparison-weighted concordance; secondary to molecule-macro metric.
0.5,plus__boltz_affinity,one_bounded,versus_baseline,47,275313,0.0257979100151464,0.016386267831839725,0.0349624873558879,Pooled within-fold comparison-weighted concordance; secondary to molecule-macro metric.
0.5,plus__boltz_binder,one_bounded,absolute,47,275313,0.8367312840294501,0.8210587374548495,0.8530403340914745,Pooled within-fold comparison-weighted concordance; secondary to molecule-macro metric.
0.5,plus__boltz_binder,one_bounded,versus_baseline,47,275313,0.038528874408400623,0.028246886922385972,0.0484606008207502,Pooled within-fold comparison-weighted concordance; secondary to molecule-macro metric.
0.5,representation_readout,one_bounded,absolute,47,275313,0.8300261883746862,0.8113488568718281,0.8491432236485204,Pooled within-fold comparison-weighted concordance; secondary to molecule-macro metric.
0.5,representation_readout,one_bounded,versus_baseline,47,275313,0.03182377875363677,0.01763783572129456,0.04623072043593837,Pooled within-fold comparison-weighted concordance; secondary to molecule-macro metric.
0.5,representation_plus_chemistry,one_bounded,absolute,47,275313,0.8443081147639232,0.8271414887602627,0.8616312273733825,Pooled within-fold comparison-weighted concordance; secondary to molecule-macro metric.
0.5,representation_plus_chemistry,one_bounded,versus_baseline,47,275313,0.046105705142873744,0.03395536838906956,0.05811440896324472,Pooled within-fold comparison-weighted concordance; secondary to molecule-macro metric.
0.5,native__boltz_affinity,one_bounded,absolute,47,275313,0.725882904185418,0.690498911664285,0.7608174233090627,Pooled within-fold comparison-weighted concordance; secondary to molecule-macro metric.
0.5,native__boltz_affinity,one_bounded,versus_baseline,47,275313,-0.07231950543563144,-0.11049674375316579,-0.03788156208642748,Pooled within-fold comparison-weighted concordance; secondary to molecule-macro metric.
0.5,native__boltz_binder,one_bounded,absolute,47,275313,0.7994101259293968,0.7754886579772609,0.8209036830554461,Pooled within-fold comparison-weighted concordance; secondary to molecule-macro metric.
0.5,native__boltz_binder,one_bounded,versus_baseline,47,275313,0.0012077163083472234,-0.019979192695270254,0.0203115661490581,Pooled within-fold comparison-weighted concordance; secondary to molecule-macro metric.
1.0,baseline,all_determinate,absolute,47,366502,0.7939479184288216,0.7757455993112179,0.8137659806336591,Pooled within-fold comparison-weighted concordance; secondary to molecule-macro metric.
1.0,baseline,all_determinate,versus_baseline,47,366502,0.0,0.0,0.0,Pooled within-fold comparison-weighted concordance; secondary to molecule-macro metric.
1.0,plus__boltz_affinity,all_determinate,absolute,47,366502,0.8125876530005294,0.7946696973661769,0.8318194817280553,Pooled within-fold comparison-weighted concordance; secondary to molecule-macro metric.
1.0,plus__boltz_affinity,all_determinate,versus_baseline,47,366502,0.01863973457170766,0.013273045026423593,0.023987762974745933,Pooled within-fold comparison-weighted concordance; secondary to molecule-macro metric.
1.0,plus__boltz_binder,all_determinate,absolute,47,366502,0.8213679597928524,0.803585152093056,0.840824516498128,Pooled within-fold comparison-weighted concordance; secondary to molecule-macro metric.
1.0,plus__boltz_binder,all_determinate,versus_baseline,47,366502,0.027420041364030756,0.021918919633198794,0.03318431237646634,Pooled within-fold comparison-weighted concordance; secondary to molecule-macro metric.
1.0,representation_readout,all_determinate,absolute,47,366502,0.8051061112899793,0.7836175754020744,0.8269711672299717,Pooled within-fold comparison-weighted concordance; secondary to molecule-macro metric.
1.0,representation_readout,all_determinate,versus_baseline,47,366502,0.011158192861157648,-0.0006839793485218942,0.022739368552075995,Pooled within-fold comparison-weighted concordance; secondary to molecule-macro metric.
1.0,representation_plus_chemistry,all_determinate,absolute,47,366502,0.8283501863564182,0.8108376996552168,0.846843318252535,Pooled within-fold comparison-weighted concordance; secondary to molecule-macro metric.
1.0,representation_plus_chemistry,all_determinate,versus_baseline,47,366502,0.03440226792759658,0.026651827864979976,0.04227264762891232,Pooled within-fold comparison-weighted concordance; secondary to molecule-macro metric.
1.0,native__boltz_affinity,all_determinate,absolute,47,366502,0.7038733758615233,0.6736815651421758,0.7342912362162313,Pooled within-fold comparison-weighted concordance; secondary to molecule-macro metric.
1.0,native__boltz_affinity,all_determinate,versus_baseline,47,366502,-0.09007454256729841,-0.12162688065403279,-0.06248176371684336,Pooled within-fold comparison-weighted concordance; secondary to molecule-macro metric.
1.0,native__boltz_binder,all_determinate,absolute,47,366502,0.7611663783553705,0.7357766812222154,0.7857157323202403,Pooled within-fold comparison-weighted concordance; secondary to molecule-macro metric.
1.0,native__boltz_binder,all_determinate,versus_baseline,47,366502,-0.032781540073451174,-0.052156783131098214,-0.015396708119115553,Pooled within-fold comparison-weighted concordance; secondary to molecule-macro metric.
1.0,baseline,both_exact,absolute,46,91189,0.6884602309489083,0.6744437963221562,0.7056641597637694,Pooled within-fold comparison-weighted concordance; secondary to molecule-macro metric.
1.0,baseline,both_exact,versus_baseline,46,91189,0.0,0.0,0.0,Pooled within-fold comparison-weighted concordance; secondary to molecule-macro metric.
1.0,plus__boltz_affinity,both_exact,absolute,46,91189,0.7044270690543816,0.6854204690363482,0.7240500023253261,Pooled within-fold comparison-weighted concordance; secondary to molecule-macro metric.
1.0,plus__boltz_affinity,both_exact,versus_baseline,46,91189,0.01596683810547324,0.006221298201563284,0.026649446014457723,Pooled within-fold comparison-weighted concordance; secondary to molecule-macro metric.
1.0,plus__boltz_binder,both_exact,absolute,46,91189,0.7045257651690445,0.6889859151382763,0.7217140966279764,Pooled within-fold comparison-weighted concordance; secondary to molecule-macro metric.
1.0,plus__boltz_binder,both_exact,versus_baseline,46,91189,0.016065534220136207,0.007955598655177918,0.02425609896335037,Pooled within-fold comparison-weighted concordance; secondary to molecule-macro metric.
1.0,representation_readout,both_exact,absolute,46,91189,0.6848523396462293,0.6635931743238422,0.7058876514285665,Pooled within-fold comparison-weighted concordance; secondary to molecule-macro metric.
1.0,representation_readout,both_exact,versus_baseline,46,91189,-0.003607891302679055,-0.019766613741720555,0.011604298479539156,Pooled within-fold comparison-weighted concordance; secondary to molecule-macro metric.
1.0,representation_plus_chemistry,both_exact,absolute,46,91189,0.7162596365789733,0.6977857037464364,0.7350404499151119,Pooled within-fold comparison-weighted concordance; secondary to molecule-macro metric.
1.0,representation_plus_chemistry,both_exact,versus_baseline,46,91189,0.027799405630065034,0.016267258849472905,0.040821871396597056,Pooled within-fold comparison-weighted concordance; secondary to molecule-macro metric.
1.0,native__boltz_affinity,both_exact,absolute,46,91189,0.6374233734331992,0.6020150768962373,0.6703279595536604,Pooled within-fold comparison-weighted concordance; secondary to molecule-macro metric.
1.0,native__boltz_affinity,both_exact,versus_baseline,46,91189,-0.05103685751570913,-0.08176074945348516,-0.020905526110872694,Pooled within-fold comparison-weighted concordance; secondary to molecule-macro metric.
1.0,native__boltz_binder,both_exact,absolute,46,91189,0.6457028808299247,0.613848267301912,0.6755347339949016,Pooled within-fold comparison-weighted concordance; secondary to molecule-macro metric.
1.0,native__boltz_binder,both_exact,versus_baseline,46,91189,-0.04275735011898366,-0.07076732457731043,-0.015853306144828386,Pooled within-fold comparison-weighted concordance; secondary to molecule-macro metric.
1.0,baseline,one_bounded,absolute,47,275313,0.828887484426816,0.8122511871035963,0.8448027782856088,Pooled within-fold comparison-weighted concordance; secondary to molecule-macro metric.
1.0,baseline,one_bounded,versus_baseline,47,275313,0.0,0.0,0.0,Pooled within-fold comparison-weighted concordance; secondary to molecule-macro metric.
1.0,plus__boltz_affinity,one_bounded,absolute,47,275313,0.8484125340975545,0.8331935624449878,0.863244143409719,Pooled within-fold comparison-weighted concordance; secondary to molecule-macro metric.
1.0,plus__boltz_affinity,one_bounded,versus_baseline,47,275313,0.019525049670738395,0.013401147447500504,0.025394993733125704,Pooled within-fold comparison-weighted concordance; secondary to molecule-macro metric.
1.0,plus__boltz_binder,one_bounded,absolute,47,275313,0.8600683585591672,0.8453209369568576,0.8744676595180648,Pooled within-fold comparison-weighted concordance; secondary to molecule-macro metric.
1.0,plus__boltz_binder,one_bounded,versus_baseline,47,275313,0.03118087413235118,0.024708586402773323,0.037709297082876014,Pooled within-fold comparison-weighted concordance; secondary to molecule-macro metric.
1.0,representation_readout,one_bounded,absolute,47,275313,0.8449364904672136,0.8272578472189844,0.8626030381076993,Pooled within-fold comparison-weighted concordance; secondary to molecule-macro metric.
1.0,representation_readout,one_bounded,versus_baseline,47,275313,0.01604900604039766,0.0027332648530560364,0.028833631486471428,Pooled within-fold comparison-weighted concordance; secondary to molecule-macro metric.
1.0,representation_plus_chemistry,one_bounded,absolute,47,275313,0.8654767482828635,0.8503513748839447,0.8802440247564761,Pooled within-fold comparison-weighted concordance; secondary to molecule-macro metric.
1.0,representation_plus_chemistry,one_bounded,versus_baseline,47,275313,0.03658926385604747,0.02824257413477912,0.04540299239567511,Pooled within-fold comparison-weighted concordance; secondary to molecule-macro metric.
1.0,native__boltz_affinity,one_bounded,absolute,47,275313,0.725882904185418,0.690498911664285,0.7608174233090627,Pooled within-fold comparison-weighted concordance; secondary to molecule-macro metric.
1.0,native__boltz_affinity,one_bounded,versus_baseline,47,275313,-0.10300458024139797,-0.14086448302566537,-0.06900207129438977,Pooled within-fold comparison-weighted concordance; secondary to molecule-macro metric.
1.0,native__boltz_binder,one_bounded,absolute,47,275313,0.7994101259293968,0.7754886579772609,0.8209036830554461,Pooled within-fold comparison-weighted concordance; secondary to molecule-macro metric.
1.0,native__boltz_binder,one_bounded,versus_baseline,47,275313,-0.029477358497419302,-0.05159307546664346,-0.009797688270142473,Pooled within-fold comparison-weighted concordance; secondary to molecule-macro metric.
