drug_name,compound_iso_smiles,standard_inchikey,pubchem_cid,match_method
A-674563,CC1=C2C=C(C=CC2=NN1)C3=CC(=CN=C3)OCC(CC4=CC=CC=C4)N,BPNUQXPIQBZCMR-UHFFFAOYSA-N,11314340,exact_inchi_connectivity_block
AB-1010,CC1=C(C=C(C=C1)NC(=O)C2=CC=C(C=C2)CN3CCN(CC3)C)NC4=NC(=CS4)C5=CN=CC=C5,WJEOLQLKVOPQFV-UHFFFAOYSA-N,10074640,exact_standard_inchikey
ABT-869,CC1=CC(=C(C=C1)F)NC(=O)NC2=CC=C(C=C2)C3=C4C(=CC=C3)NN=C4N,MPVGZUGXCQEXTM-UHFFFAOYSA-N,11485656,exact_standard_inchikey
AC220,CC(C)(C)C1=CC(=NO1)NC(=O)NC2=CC=C(C=C2)C3=CN4C5=C(C=C(C=C5)OCCN6CCOCC6)SC4=N3,CVWXJKQAOSCOAB-UHFFFAOYSA-N,24889392,exact_standard_inchikey
AG-013736,CNC(=O)C1=CC=CC=C1SC2=CC3=C(C=C2)C(=NN3)C=CC4=CC=CC=N4,RITAVMQDGBJQJZ-UHFFFAOYSA-N,6450551,exact_inchi_connectivity_block
AMG-706,CC1(CNC2=C1C=CC(=C2)NC(=O)C3=C(N=CC=C3)NCC4=CC=NC=C4)C,RAHBGWKEPAQNFF-UHFFFAOYSA-N,16097729,explicit_upstream_name_salt_or_variant_override
AST-487,CCN1CCN(CC1)CC2=C(C=C(C=C2)NC(=O)NC3=CC=C(C=C3)OC4=NC=NC(=C4)NC)C(F)(F)F,ODPGGGTTYSGTGO-UHFFFAOYSA-N,11409972,exact_standard_inchikey
AT-7519,C1CNCCC1NC(=O)C2=C(C=NN2)NC(=O)C3=C(C=CC=C3Cl)Cl,OVPNQJVDAFNBDN-UHFFFAOYSA-N,11338033,exact_standard_inchikey
AZD-1152HQPA,CCN(CCCOC1=CC2=C(C=C1)C(=NC=N2)NC3=NNC(=C3)CC(=O)NC4=CC(=CC=C4)F)CCO,QYZOGCMHVIGURT-UHFFFAOYSA-N,16007391,exact_standard_inchikey
AZD-2171,CC1=CC2=C(N1)C=CC(=C2F)OC3=NC=NC4=CC(=C(C=C43)OC)OCCCN5CCCC5,XXJWYDDUDKYVKI-UHFFFAOYSA-N,9933475,exact_standard_inchikey
AZD-6244,CN1C=NC2=C1C=C(C(=C2F)NC3=C(C=C(C=C3)Br)Cl)C(=O)NOCCO,CYOHGALHFOKKQC-UHFFFAOYSA-N,10127622,exact_standard_inchikey
BI-2536,CCC1C(=O)N(C2=CN=C(N=C2N1C3CCCC3)NC4=C(C=C(C=C4)C(=O)NC5CCN(CC5)C)OC)C,XQVVPGYIWAGRNI-UHFFFAOYSA-N,11364421,exact_inchi_connectivity_block
BIBF-1120,CN(C(=O)CN1CCN(C)CC1)C1=CC=C(N\C(=C2\C(=O)NC3=C2C=CC=C3)C2=CC=CC=C2)C=C1,FCLPVPNWFDOVKL-BYYHNAKLSA-N,135423438,explicit_upstream_name_salt_or_variant_override
BIBW-2992,CN(C)CC=CC(=O)NC1=C(C=C2C(=C1)C(=NC=N2)NC3=CC(=C(C=C3)F)Cl)OC4CCOC4,ULXXDDBFHOBEHA-UHFFFAOYSA-N,10184653,exact_inchi_connectivity_block
BIRB-796,CC1=CC=C(C=C1)N2C(=CC(=N2)C(C)(C)C)NC(=O)NC3=CC=C(C4=CC=CC=C43)OCCN5CCOCC5,MVCOAUNKQVWQHZ-UHFFFAOYSA-N,156422,exact_standard_inchikey
BMS-345541,CC1=CC2=C(C=C1)N=C(C3=NC=C(N23)C)NCCN,PSPFQEBFYXJZEV-UHFFFAOYSA-N,9813758,exact_standard_inchikey
BMS-387032,CC(C)(C)C1=CN=C(O1)CSC2=CN=C(S2)NC(=O)C3CCNCC3,OUSFTKFNBAZUKL-UHFFFAOYSA-N,3025986,exact_standard_inchikey
BMS-540215,CC1=CC2=C(N1)C=CC(=C2F)OC3=NC=NN4C3=C(C(=C4)OCC(C)O)C,WCWUXEGQKLTGDX-UHFFFAOYSA-N,11234052,exact_inchi_connectivity_block
CEP-701,CC12C(CC(O1)N3C4=CC=CC=C4C5=C6C(=C7C8=CC=CC=C8N2C7=C53)CNC6=O)(CO)O,UIARLYUEJFELEN-UHFFFAOYSA-N,126565,exact_inchi_connectivity_block
CHIR-258,CN1CCN(CC1)C2=CC3=C(C=C2)N=C(N3)C4=C(C5=C(C=CC=C5F)NC4=O)N,PIQCTGMSNWUMAF-UHFFFAOYSA-N,135398510,exact_standard_inchikey
CHIR-265,CN1C2=C(C=C(C=C2)OC3=CC(=NC=C3)C4=NC=C(N4)C(F)(F)F)N=C1NC5=CC=C(C=C5)C(F)(F)F,YABJJWZLRMPFSI-UHFFFAOYSA-N,11656518,exact_standard_inchikey
CI-1033,C=CC(=O)NC1=C(C=C2C(=C1)C(=NC=N2)NC3=CC(=C(C=C3)F)Cl)OCCCN4CCOCC4,OMZCMEYTWSXEPZ-UHFFFAOYSA-N,156414,exact_standard_inchikey
CI-1040,C1CC1CONC(=O)C2=C(C(=C(C=C2)F)F)NC3=C(C=C(C=C3)I)Cl,GFMMXOIFOQCCGU-UHFFFAOYSA-N,6918454,exact_standard_inchikey
CP-690550,CC1CCN(CC1N(C)C2=NC=NC3=C2C=CN3)C(=O)CC#N,UJLAWZDWDVHWOW-UHFFFAOYSA-N,9926791,exact_inchi_connectivity_block
Crizotinib,CC(C1=C(C=CC(=C1Cl)F)Cl)OC2=C(N=CC(=C2)C3=CN(N=C3)C4CCNCC4)N,KTEIFNKAUNYNJU-UHFFFAOYSA-N,11626560,exact_inchi_connectivity_block
Dasatinib,CC1=C(C(=CC=C1)Cl)NC(=O)C2=CN=C(S2)NC3=CC(=NC(=N3)C)N4CCN(CC4)CCO,ZBNZXTGUTAYRHI-UHFFFAOYSA-N,3062316,exact_standard_inchikey
EXEL-2880,COC1=CC2=C(C=CN=C2C=C1OCCCN3CCOCC3)OC4=C(C=C(C=C4)NC(=O)C5(CC5)C(=O)NC6=CC=C(C=C6)F)F,CXQHYVUVSFXTMY-UHFFFAOYSA-N,42642645,exact_standard_inchikey
Erlotinib,COCCOC1=C(C=C2C(=C1)C(=NC=N2)NC3=CC=CC(=C3)C#C)OCCOC,AAKJLRGGTJKAMG-UHFFFAOYSA-N,176870,exact_standard_inchikey
Flavopiridol,CN1CCC(C(C1)O)C2=C(C=C(C3=C2OC(=CC3=O)C4=CC=CC=C4Cl)O)O,BIIVYFLTOXDAOV-UHFFFAOYSA-N,5287969,exact_inchi_connectivity_block
GDC-0879,C1CC(=NO)C2=C1C=C(C=C2)C3=CN(N=C3C4=CC=NC=C4)CCO,DEZZLWQELQORIU-UHFFFAOYSA-N,11717001,exact_inchi_connectivity_block
GDC-0941,CS(=O)(=O)N1CCN(CC1)CC2=CC3=C(S2)C(=NC(=N3)C4=C5C=NNC5=CC=C4)N6CCOCC6,LHNIIDJUOCFXAP-UHFFFAOYSA-N,17755052,exact_standard_inchikey
GSK-461364A,CC(C1=CC=CC=C1C(F)(F)F)OC2=C(SC(=C2)N3C=NC4=C3C=C(C=C4)CN5CCN(CC5)C)C(=O)N,ZHJGWYRLJUCMRT-UHFFFAOYSA-N,15983966,exact_inchi_connectivity_block
GSK-690693,CCN1C2=C(C(=NC=C2OCC3CCCNC3)C#CC(C)(C)O)N=C1C4=NON=C4N,KGPGFQWBCSZGEL-UHFFFAOYSA-N,16725726,exact_inchi_connectivity_block
GSK1838705A,CNC(=O)C1=C(C=CC=C1F)NC2=NC(=NC3=C2C=CN3)NC4=C(C=C5CCN(C5=C4)C(=O)CN(C)C)OC,HZTYDQRUAWIZRE-UHFFFAOYSA-N,25182616,exact_standard_inchikey
GW-2580,COC1=CC=C(C=C1)COC2=C(C=C(C=C2)CC3=CN=C(N=C3N)N)OC,MYQAUKPBNJWPIE-UHFFFAOYSA-N,11617559,exact_standard_inchikey
Gefitinib,COC1=C(C=C2C(=C1)N=CN=C2NC3=CC(=C(C=C3)F)Cl)OCCCN4CCOCC4,XGALLCVXEZPNRQ-UHFFFAOYSA-N,123631,exact_standard_inchikey
HKI-272,CCOC1=C(C=C2C(=C1)N=CC(=C2NC3=CC(=C(C=C3)OCC4=CC=CC=N4)Cl)C#N)NC(=O)C=CCN(C)C,JWNPDZNEKVCWMY-UHFFFAOYSA-N,9915743,exact_inchi_connectivity_block
INCB18424,C1CCC(C1)C(CC#N)N2C=C(C=N2)C3=C4C=CNC4=NC=N3,HFNKQEVNSGCOJV-UHFFFAOYSA-N,25126798,exact_inchi_connectivity_block
Imatinib,CC1=C(C=C(C=C1)NC(=O)C2=CC=C(C=C2)CN3CCN(CC3)C)NC4=NC=CC(=N4)C5=CN=CC=C5,KTUFNOKKBVMGRW-UHFFFAOYSA-N,5291,exact_standard_inchikey
JNJ-28312141,CN(C)CC(=O)N1CCC(CC1)C2=CC(=C(C=C2)NC(=O)C3=NC=C(N3)C#N)C4=CCCCC4,GUBJNPWVIUFSTR-UHFFFAOYSA-N,11676971,exact_standard_inchikey
KW-2449,C1CN(CCN1)C(=O)C2=CC=C(C=C2)C=CC3=NNC4=CC=CC=C43,YYLKKYCXAOBSRM-UHFFFAOYSA-N,11427553,exact_inchi_connectivity_block
Ki-20227,CC(C1=NC=CS1)NC(=O)NC2=C(C=C(C=C2)OC3=C4C=C(C(=CC4=NC=C3)OC)OC)OC,SHPFDGWALWEPGS-UHFFFAOYSA-N,9869779,exact_standard_inchikey
LY-317615,CN1C=C(C2=CC=CC=C21)C3=C(C(=O)NC3=O)C4=CN(C5=CC=CC=C54)C6CCN(CC6)CC7=CC=CC=N7,AXRCEOKUDYDWLF-UHFFFAOYSA-N,176167,exact_standard_inchikey
LY-333531,CN(C)CC1CCN2C=C(C3=CC=CC=C32)C4=C(C5=CN(CCO1)C6=CC=CC=C65)C(=O)NC4=O,ZCBUQCWBWNUWSU-UHFFFAOYSA-N,153999,exact_inchi_connectivity_block
Lapatinib,CS(=O)(=O)CCNCC1=CC=C(O1)C2=CC3=C(C=C2)N=CN=C3NC4=CC(=C(C=C4)OCC5=CC(=CC=C5)F)Cl,BCFGMOOMADDAQU-UHFFFAOYSA-N,208908,exact_standard_inchikey
MLN-120B,CC1=C(C=CC=N1)C(=O)NC2=C3C(=CC(=C2OC)Cl)C4=C(N3)C=NC=C4,ZNOLRTPMNMPLHY-UHFFFAOYSA-N,9929127,exact_standard_inchikey
MLN-518,CC(C)OC1=CC=C(C=C1)NC(=O)N2CCN(CC2)C3=NC=NC4=CC(=C(C=C43)OC)OCCCN5CCCCC5,UXXQOJXBIDBUAC-UHFFFAOYSA-N,3038522,exact_standard_inchikey
MLN-8054,C1C2=CN=C(N=C2C3=C(C=C(C=C3)Cl)C(=N1)C4=C(C=CC=C4F)F)NC5=CC=C(C=C5)C(=O)O,HHFBDROWDBDFBR-UHFFFAOYSA-N,11712649,exact_standard_inchikey
Nilotinib,CC1=C(C=C(C=C1)C(=O)NC2=CC(=CC(=C2)C(F)(F)F)N3C=C(N=C3)C)NC4=NC=CC(=N4)C5=CN=CC=C5,HHZIURLSWUIHRB-UHFFFAOYSA-N,644241,exact_standard_inchikey
PD-173955,CN1C2=NC(=NC=C2C=C(C1=O)C3=C(C=CC=C3Cl)Cl)NC4=CC(=CC=C4)SC,VAARYSWULJUGST-UHFFFAOYSA-N,447077,exact_standard_inchikey
PHA-665752,CC1=C(NC(=C1C(=O)N2CCCC2CN3CCCC3)C)C=C4C5=C(C=CC(=C5)S(=O)(=O)CC6=C(C=CC=C6Cl)Cl)NC4=O,OYONTEXKYJZFHA-UHFFFAOYSA-N,10461815,exact_inchi_connectivity_block
PI-103,C1COCCN1C2=NC(=NC3=C2OC4=C3C=CC=N4)C5=CC(=CC=C5)O,TUVCWJQQGGETHL-UHFFFAOYSA-N,9884685,exact_standard_inchikey
PKC-412,CC12C(C(CC(O1)N3C4=CC=CC=C4C5=C6C(=C7C8=CC=CC=C8N2C7=C53)CNC6=O)N(C)C(=O)C9=CC=CC=C9)OC,BMGQWWVMWDBQGC-UHFFFAOYSA-N,9829523,exact_inchi_connectivity_block
PLX-4720,CCCS(=O)(=O)NC1=C(C(=C(C=C1)F)C(=O)C2=CNC3=C2C=C(C=N3)Cl)F,YZDJQTHVDDOVHR-UHFFFAOYSA-N,24180719,exact_standard_inchikey
PP-242,CC(C)N1C2=NC=NC(=C2C(=N1)C3=CC4=C(N3)C=CC(=C4)O)N,MFAQYJIYDMLAIM-UHFFFAOYSA-N,135565635,exact_standard_inchikey
PTK-787,C1=CC=C2C(=C1)C(=NN=C2NC3=CC=C(C=C3)Cl)CC4=CC=NC=C4,YCOYDOIWSSHVCK-UHFFFAOYSA-N,151193,explicit_upstream_name_salt_or_variant_override
Pazopanib,CC1=C(C=C(C=C1)NC2=NC=CC(=N2)N(C)C3=CC4=NN(C(=C4C=C3)C)C)S(=O)(=O)N,CUIHSIWYWATEQL-UHFFFAOYSA-N,10113978,exact_standard_inchikey
R406,CC1(C(=O)NC2=C(O1)C=CC(=N2)NC3=NC(=NC=C3F)NC4=CC(=C(C(=C4)OC)OC)OC)C,NHHQJBCNYHBUSI-UHFFFAOYSA-N,11984591,explicit_upstream_name_salt_or_variant_override
R547,COC1=C(C(=C(C=C1)F)F)C(=O)C2=CN=C(N=C2N)NC3CCN(CC3)S(=O)(=O)C,JRNJNYBQQYBCLE-UHFFFAOYSA-N,6918852,exact_standard_inchikey
SB-203580,CS(=O)C1=CC=C(C=C1)C2=NC(=C(N2)C3=CC=NC=C3)C4=CC=C(C=C4)F,CDMGBJANTYXAIV-UHFFFAOYSA-N,176155,exact_standard_inchikey
SGX-523,CN1C=C(C=N1)C2=NN3C(=NN=C3SC4=CC5=C(C=C4)N=CC=C5)C=C2,BCZUAADEACICHN-UHFFFAOYSA-N,24779724,exact_standard_inchikey
SKI-606,CN1CCN(CC1)CCCOC2=C(C=C3C(=C2)N=CC(=C3NC4=CC(=C(C=C4Cl)Cl)OC)C#N)OC,UBPYILGKFZZVDX-UHFFFAOYSA-N,5328940,exact_standard_inchikey
SU-14813,CC1=C(NC(=C1C(=O)NCC(CN2CCOCC2)O)C)C=C3C4=C(C=CC(=C4)F)NC3=O,CTNPALGJUAXMMC-UHFFFAOYSA-N,10138259,exact_inchi_connectivity_block
Sorafenib,CNC(=O)C1=NC=CC(=C1)OC2=CC=C(C=C2)NC(=O)NC3=CC(=C(C=C3)Cl)C(F)(F)F,MLDQJTXFUGDVEO-UHFFFAOYSA-N,216239,exact_standard_inchikey
Staurosporine,CC12C(C(CC(O1)N3C4=CC=CC=C4C5=C6C(=C7C8=CC=CC=C8N2C7=C53)CNC6=O)NC)OC,HKSZLNNOFSGOKW-UHFFFAOYSA-N,44259,exact_inchi_connectivity_block
Sunitinib,CCN(CC)CCNC(=O)C1=C(NC(=C1C)C=C2C3=C(C=CC(=C3)F)NC2=O)C,WINHZLLDWRZWRT-UHFFFAOYSA-N,5329102,exact_inchi_connectivity_block
TAE-684,CC(C)S(=O)(=O)C1=CC=CC=C1NC2=NC(=NC=C2Cl)NC3=C(C=C(C=C3)N4CCC(CC4)N5CCN(CC5)C)OC,QQWUGDVOUVUTOY-UHFFFAOYSA-N,16038120,exact_standard_inchikey
TG-100-115,C1=CC(=CC(=C1)O)C2=NC3=C(N=C(N=C3N=C2C4=CC(=CC=C4)O)N)N,UJIAQDJKSXQLIT-UHFFFAOYSA-N,10427712,exact_standard_inchikey
TG-101348,CC1=CN=C(N=C1NC2=CC(=CC=C2)S(=O)(=O)NC(C)(C)C)NC3=CC=C(C=C3)OCCN4CCCC4,JOOXLOJCABQBSG-UHFFFAOYSA-N,16722836,exact_standard_inchikey
VX-680,CC1=CC(=NN1)NC2=CC(=NC(=N2)SC3=CC=C(C=C3)NC(=O)C4CC4)N5CCN(CC5)C,GCIKSSRWRFVXBI-UHFFFAOYSA-N,5494449,exact_standard_inchikey
VX-745,C1=CC(=C(C(=C1)Cl)C2=C3C=CC(=NN3C=NC2=O)SC4=C(C=C(C=C4)F)F)Cl,VEPKQEUBKLEPRA-UHFFFAOYSA-N,3038525,exact_standard_inchikey
Vandetanib,CN1CCC(CC1)COC2=C(C=C3C(=C2)N=CN=C3NC4=C(C=C(C=C4)Br)F)OC,UHTHHESEBZOYNR-UHFFFAOYSA-N,3081361,exact_standard_inchikey
