inchi_key,name,canonical_smiles
AAKJLRGGTJKAMG-UHFFFAOYSA-N,erlotinib,C#Cc1cccc(Nc2ncnc3cc(OCCOC)c(OCCOC)cc23)c1
AAOVKJBEBIDNHE-UHFFFAOYSA-N,diazepam,CN1C(=O)CN=C(c2ccccc2)c2cc(Cl)ccc21
AAXVEMMRQDVLJB-BULBTXNYSA-N,fludrocortisone,C[C@]12CCC(=O)C=C1CC[C@H]1[C@@H]3CC[C@](O)(C(=O)CO)[C@@]3(C)C[C@H](O)[C@@]12F
ABJKWBDEJIDSJZ-UHFFFAOYSA-N,butenafine,CN(Cc1ccc(C(C)(C)C)cc1)Cc1cccc2ccccc12
ACRHBAYQBXXRTO-OAQYLSRUSA-N,ivabradine,COc1cc2c(cc1OC)CC(=O)N(CCCN(C)C[C@H]1Cc3cc(OC)c(OC)cc31)CC2
ACSIXWWBWUQEHA-UHFFFAOYSA-N,clodronic acid,O=P(O)(O)C(Cl)(Cl)P(=O)(O)O
ACWZRVQXLIRSDF-UHFFFAOYSA-N,binimetinib,Cn1cnc2c(F)c(Nc3ccc(Br)cc3F)c(C(=O)NOCCO)cc21
ADFOJJHRTBFFOF-RBRWEJTLSA-N,estramustine phosphate,C[C@]12CC[C@@H]3c4ccc(OC(=O)N(CCCl)CCCl)cc4CC[C@H]3[C@@H]1CC[C@@H]2OP(=O)(O)O
ADIMAYPTOBDMTL-UHFFFAOYSA-N,oxazepam,O=C1Nc2ccc(Cl)cc2C(c2ccccc2)=NC1O
AEMRFAOFKBGASW-UHFFFAOYSA-N,glycolic acid,O=C(O)CO
AFCGFAGUEYAMAO-UHFFFAOYSA-N,acamprosate,CC(=O)NCCCS(=O)(=O)O
AGBQKNBQESQNJD-UHFFFAOYSA-N,thioctic acid,O=C(O)CCCCC1CCSS1
AGHANLSBXUWXTB-UHFFFAOYSA-N,tienilic acid,O=C(O)COc1ccc(C(=O)c2cccs2)c(Cl)c1Cl
AGMMTXLNIQSRCG-UHFFFAOYSA-N,quinethazone,CCC1NC(=O)c2cc(S(N)(=O)=O)c(Cl)cc2N1
AGOYDEPGAOXOCK-KCBOHYOISA-N,clarithromycin,CC[C@H]1OC(=O)[C@H](C)[C@@H](O[C@H]2C[C@@](C)(OC)[C@@H](O)[C@H](C)O2)[C@H](C)[C@@H](O[C@@H]2O[C@H](C)C[C@H](N(C)C)[C@H]2O)[C@](C)(OC)C[C@@H](C)C(=O)[C@H](C)[C@@H](O)[C@]1(C)O
AHJRHEGDXFFMBM-UHFFFAOYSA-N,palbociclib,CC(=O)c1c(C)c2cnc(Nc3ccc(N4CCNCC4)cn3)nc2n(C2CCCC2)c1=O
AHLBNYSZXLDEJQ-FWEHEUNISA-N,orlistat,CCCCCCCCCCC[C@@H](C[C@@H]1OC(=O)[C@H]1CCCCCC)OC(=O)[C@H](CC(C)C)NC=O
AIJTTZAVMXIJGM-UHFFFAOYSA-N,grepafloxacin,Cc1c(F)c(N2CCNC(C)C2)cc2c1c(=O)c(C(=O)O)cn2C1CC1
AILRADAXUVEEIR-UHFFFAOYSA-N,brigatinib,COc1cc(N2CCC(N3CCN(C)CC3)CC2)ccc1Nc1ncc(Cl)c(Nc2ccccc2P(C)(C)=O)n1
AIONOLUJZLIMTK-AWEZNQCLSA-N,hesperetin,COc1ccc([C@@H]2CC(=O)c3c(O)cc(O)cc3O2)cc1O
AIZFEOPQVZBNGH-UHFFFAOYSA-N,bentazepam,O=C1CN=C(c2ccccc2)c2c(sc3c2CCCC3)N1
AKPLHCDWDRPJGD-UHFFFAOYSA-N,nordazepam,O=C1CN=C(c2ccccc2)c2cc(Cl)ccc2N1
ALAXZYHFVBSJKZ-UHFFFAOYSA-N,endralazine,NNc1cc2c(nn1)CCN(C(=O)c1ccccc1)C2
ALELTFCQZDXAMQ-UHFFFAOYSA-N,butriptyline,CC(CC1c2ccccc2CCc2ccccc21)CN(C)C
ALIVXCSEERJYHU-UHFFFAOYSA-N,flurbiprofen axetil,CC(=O)OC(C)OC(=O)C(C)c1ccc(-c2ccccc2)c(F)c1
ANEBWFXPVPTEET-UHFFFAOYSA-N,manidipine,COC(=O)C1=C(C)NC(C)=C(C(=O)OCCN2CCN(C(c3ccccc3)c3ccccc3)CC2)C1c1cccc([N+](=O)[O-])c1
ANGKOCUUWGHLCE-UHFFFAOYSA-N,glycopyrronium bromide,C[N+]1(C)CCC(OC(=O)C(O)(c2ccccc2)C2CCCC2)C1
ANMATWQYLIFGOK-UHFFFAOYSA-N,iguratimod,CS(=O)(=O)Nc1cc2occ(NC=O)c(=O)c2cc1Oc1ccccc1
ANMLJLFWUCQGKZ-UHFFFAOYSA-N,talniflumate,O=C1OC(OC(=O)c2cccnc2Nc2cccc(C(F)(F)F)c2)c2ccccc21
ANTSCNMPPGJYLG-UHFFFAOYSA-N,chlordiazepoxide,CNC1=Nc2ccc(Cl)cc2C(c2ccccc2)=[N+]([O-])C1
AOCCBINRVIKJHY-UHFFFAOYSA-N,carmofur,CCCCCCNC(=O)n1cc(F)c(=O)[nH]c1=O
AQCHWTWZEMGIFD-UHFFFAOYSA-N,metolazone,Cc1ccccc1N1C(=O)c2cc(S(N)(=O)=O)c(Cl)cc2NC1C
ARAIBEBZBOPLMB-UFGQHTETSA-N,zanamivir,CC(=O)N[C@H]1[C@H]([C@H](O)[C@H](O)CO)OC(C(=O)O)=C[C@@H]1NC(=N)N
ASUTZQLVASHGKV-JDFRZJQESA-N,galantamine,COc1ccc2c3c1O[C@H]1C[C@@H](O)C=C[C@@]31CCN(C)C2
ATALOFNDEOCMKK-OITMNORJSA-N,aprepitant,C[C@@H](O[C@H]1OCCN(Cc2n[nH]c(=O)[nH]2)[C@H]1c1ccc(F)cc1)c1cc(C(F)(F)F)cc(C(F)(F)F)c1
ATCGGEJZONJOCL-UHFFFAOYSA-N,irsogladine,Nc1nc(N)nc(-c2cc(Cl)ccc2Cl)n1
ATEBXHFBFRCZMA-VXTBVIBXSA-N,rifabutin,CO[C@H]1/C=C/O[C@@]2(C)Oc3c(C)c(O)c4c(c3C2=O)C2=NC3(CCN(CC(C)C)CC3)NC2=C(NC(=O)/C(C)=C\C=C\[C@H](C)[C@H](O)[C@@H](C)[C@@H](O)[C@@H](C)[C@H](OC(C)=O)[C@@H]1C)C4=O
AUYYCJSJGJYCDS-LBPRGKRZSA-N,liothyronine,N[C@@H](Cc1cc(I)c(Oc2ccc(O)c(I)c2)c(I)c1)C(=O)O
AUZONCFQVSMFAP-UHFFFAOYSA-N,disulfiram,CCN(CC)C(=S)SSC(=S)N(CC)CC
AVAACINZEOAHHE-VFZPANTDSA-N,doripenem,C[C@@H](O)[C@H]1C(=O)N2C(C(=O)O)=C(S[C@@H]3CN[C@H](CNS(N)(=O)=O)C3)[C@H](C)[C@H]12
AXKPFOAXAHJUAG-UHFFFAOYSA-N,pipamperone,NC(=O)C1(N2CCCCC2)CCN(CCCC(=O)c2ccc(F)cc2)CC1
AXOIZCJOOAYSMI-UHFFFAOYSA-N,suxamethonium,C[N+](C)(C)CCOC(=O)CCC(=O)OCC[N+](C)(C)C
AXRYRYVKAWYZBR-GASGPIRDSA-N,atazanavir,COC(=O)N[C@H](C(=O)N[C@@H](Cc1ccccc1)[C@@H](O)CN(Cc1ccc(-c2ccccn2)cc1)NC(=O)[C@@H](NC(=O)OC)C(C)(C)C)C(C)(C)C
AYDXAULLCROVIT-UHFFFAOYSA-N,indobufen,CCC(C(=O)O)c1ccc(N2Cc3ccccc3C2=O)cc1
AYFVYJQAPQTCCC-GBXIJSLDSA-N,threonine,C[C@@H](O)[C@H](N)C(=O)O
BAINIUMDFURPJM-UHFFFAOYSA-N,oxatomide,O=c1[nH]c2ccccc2n1CCCN1CCN(C(c2ccccc2)c2ccccc2)CC1
BAQCROVBDNBEEB-UBYUBLNFSA-N,metrizamide,CC(=O)Nc1c(I)c(C(=O)N[C@H]2C(O)O[C@H](CO)[C@@H](O)[C@@H]2O)c(I)c(N(C)C(C)=O)c1I
BBDAGFIXKZCXAH-CCXZUQQUSA-N,ancitabine,N=c1ccn2c(n1)O[C@H]1[C@H](O)[C@@H](CO)O[C@H]12
BCEHBSKCWLPMDN-MGPLVRAMSA-N,voriconazole,C[C@@H](c1ncncc1F)[C@](O)(Cn1cncn1)c1ccc(F)cc1F
BCQTVJKBTWGHCX-UHFFFAOYSA-N,pilsicainide,Cc1cccc(C)c1NC(=O)CC12CCCN1CCC2
BDBMLMBYCXNVMC-UHFFFAOYSA-O,indocyanine green,CC1(C)C(=CC=CC=CC=CC2=[N+](CCCCS(=O)(=O)O)c3ccc4ccccc4c3C2(C)C)N(CCCCS(=O)(=O)O)c2ccc3ccccc3c21
BDJRBEYXGGNYIS-UHFFFAOYSA-N,azelaic acid,O=C(O)CCCCCCCC(=O)O
BENFXAYNYRLAIU-QSVFAHTRSA-N,terlipressin,NCCCC[C@H](NC(=O)[C@@H]1CCCN1C(=O)[C@@H]1CSSC[C@H](NC(=O)CNC(=O)CNC(=O)CN)C(=O)N[C@@H](Cc2ccc(O)cc2)C(=O)N[C@@H](Cc2ccccc2)C(=O)N[C@@H](CCC(N)=O)C(=O)N[C@@H](CC(N)=O)C(=O)N1)C(=O)NCC(N)=O
BFPYWIDHMRZLRN-SLHNCBLASA-N,ethinylestradiol,C#C[C@]1(O)CC[C@H]2[C@@H]3CCc4cc(O)ccc4[C@H]3CC[C@@]21C
BFUJHVVEMMWLHC-UHFFFAOYSA-N,fipexide,O=C(COc1ccc(Cl)cc1)N1CCN(Cc2ccc3c(c2)OCO3)CC1
BGEBZHIAGXMEMV-UHFFFAOYSA-N,bergapten,COc1c2ccoc2cc2oc(=O)ccc12
BGSZAXLLHYERSY-XQIGCQGXSA-N,vecuronium,CC(=O)O[C@H]1C[C@@H]2CC[C@@H]3[C@H](CC[C@@]4(C)[C@H]3C[C@H]([N+]3(C)CCCCC3)[C@@H]4OC(C)=O)[C@@]2(C)C[C@@H]1N1CCCCC1
BJFIDCADFRDPIO-DZCXQCEKSA-N,lypressin,NCCCC[C@H](NC(=O)[C@@H]1CCCN1C(=O)[C@@H]1CSSC[C@H](N)C(=O)N[C@@H](Cc2ccc(O)cc2)C(=O)N[C@@H](Cc2ccccc2)C(=O)N[C@@H](CCC(N)=O)C(=O)N[C@@H](CC(N)=O)C(=O)N1)C(=O)NCC(N)=O
BJOLKYGKSZKIGU-UHFFFAOYSA-N,echothiophate,CCOP(=O)(OCC)SCC[N+](C)(C)C
BJVVMKUXKQHWJK-UHFFFAOYSA-N,talbutal,C=CCC1(C(C)CC)C(=O)NC(=O)NC1=O
BKYKPTRYDKTTJY-UHFFFAOYSA-N,cyclopenthiazide,NS(=O)(=O)c1cc2c(cc1Cl)NC(CC1CCCC1)NS2(=O)=O
BLCLNMBMMGCOAS-URPVMXJPSA-N,goserelin,CC(C)C[C@H](NC(=O)[C@@H](COC(C)(C)C)NC(=O)[C@H](Cc1ccc(O)cc1)NC(=O)[C@H](CO)NC(=O)[C@H](Cc1c[nH]c2ccccc12)NC(=O)[C@H](Cc1c[nH]cn1)NC(=O)[C@@H]1CCC(=O)N1)C(=O)N[C@@H](CCCNC(=N)N)C(=O)N1CCC[C@H]1C(=O)NNC(N)=O
BLGXFZZNTVWLAY-SCYLSFHTSA-N,yohimbine,COC(=O)[C@@H]1[C@H]2C[C@H]3c4[nH]c5ccccc5c4CCN3C[C@@H]2CC[C@@H]1O
BMKDZUISNHGIBY-UHFFFAOYSA-N,razoxane,CC(CN1CC(=O)NC(=O)C1)N1CC(=O)NC(=O)C1
BMKDZUISNHGIBY-ZETCQYMHSA-N,dexrazoxane,C[C@@H](CN1CC(=O)NC(=O)C1)N1CC(=O)NC(=O)C1
BMOVQUBVGICXQN-UHFFFAOYSA-N,clinofibrate,CCC(C)(Oc1ccc(C2(c3ccc(OC(C)(CC)C(=O)O)cc3)CCCCC2)cc1)C(=O)O
BNRNXUUZRGQAQC-UHFFFAOYSA-N,sildenafil,CCCc1nn(C)c2c(=O)[nH]c(-c3cc(S(=O)(=O)N4CCN(C)CC4)ccc3OCC)nc12
BOCUKUHCLICSIY-UHFFFAOYSA-N,cyclothiazide,NS(=O)(=O)c1cc2c(cc1Cl)NC(C1CC3C=CC1C3)NS2(=O)=O
BPLBGHOLXOTWMN-MBNYWOFBSA-N,phenoxymethylpenicillin,CC1(C)S[C@@H]2[C@H](NC(=O)COc3ccccc3)C(=O)N2[C@H]1C(=O)O
BPQMGSKTAYIVFO-UHFFFAOYSA-N,vismodegib,CS(=O)(=O)c1ccc(C(=O)Nc2ccc(Cl)c(-c3ccccn3)c2)c(Cl)c1
BPRHUIZQVSMCRT-VEUZHWNKSA-N,rosuvastatin,CC(C)c1nc(N(C)S(C)(=O)=O)nc(-c2ccc(F)cc2)c1/C=C/[C@@H](O)C[C@@H](O)CC(=O)O
BPZSYCZIITTYBL-YJYMSZOUSA-N,arformoterol,COc1ccc(C[C@@H](C)NC[C@H](O)c2ccc(O)c(NC=O)c2)cc1
BQSJTQLCZDPROO-UHFFFAOYSA-N,febuxostat,Cc1nc(-c2ccc(OCC(C)C)c(C#N)c2)sc1C(=O)O
BSMCAPRUBJMWDF-KRWDZBQOSA-N,cobimetinib,O=C(c1ccc(F)c(F)c1Nc1ccc(I)cc1F)N1CC(O)([C@@H]2CCCCN2)C1
BTFMCMVEUCGQDX-UHFFFAOYSA-N,piperacetazine,CC(=O)c1ccc2c(c1)N(CCCN1CCC(CCO)CC1)c1ccccc1S2
BUGYDGFZZOZRHP-UHFFFAOYSA-N,memantine,CC12CC3CC(C)(C1)CC(N)(C3)C2
BVPWJMCABCPUQY-UHFFFAOYSA-N,clebopride,COc1cc(N)c(Cl)cc1C(=O)NC1CCN(Cc2ccccc2)CC1
BXZVVICBKDXVGW-NKWVEPMBSA-N,didanosine,O=c1[nH]cnc2c1ncn2[C@H]1CC[C@@H](CO)O1
BYBLEWFAAKGYCD-UHFFFAOYSA-N,miconazole,Clc1ccc(COC(Cn2ccnc2)c2ccc(Cl)cc2Cl)c(Cl)c1
BYFMCKSPFYVMOU-UHFFFAOYSA-N,bendazac,O=C(O)COc1nn(Cc2ccccc2)c2ccccc12
BYPFEZZEUUWMEJ-UHFFFAOYSA-N,pentoxifylline,CC(=O)CCCCn1c(=O)c2c(ncn2C)n(C)c1=O
BZEWSEKUUPWQDQ-UHFFFAOYSA-N,dyclonine,CCCCOc1ccc(C(=O)CCN2CCCCC2)cc1
BZMKNPGKXJAIDV-VAWYXSNFSA-N,cinalukast,CCC(CC)(CC(=O)Nc1cccc(/C=C/c2nc(C3CCC3)cs2)c1)C(=O)O
CBEQULMOCCWAQT-WOJGMQOQSA-N,triprolidine,Cc1ccc(/C(=C\CN2CCCC2)c2ccccn2)cc1
CBQGYUDMJHNJBX-RTBURBONSA-N,reboxetine,CCOc1ccccc1O[C@H](c1ccccc1)[C@H]1CNCCO1
CBVCZFGXHXORBI-PXQQMZJSSA-N,indinavir,CC(C)(C)NC(=O)[C@@H]1CN(Cc2cccnc2)CCN1C[C@@H](O)C[C@@H](Cc1ccccc1)C(=O)N[C@H]1c2ccccc2C[C@H]1O
CDAISMWEOUEBRE-GPIVLXJGSA-N,inositol,O[C@H]1[C@H](O)[C@@H](O)[C@H](O)[C@@H](O)[C@H]1O
CDCHDCWJMGXXRH-UHFFFAOYSA-N,estazolam,Clc1ccc2c(c1)C(c1ccccc1)=NCc1nncn1-2
CDOZDBSBBXSXLB-UHFFFAOYSA-N,profenamine,CCN(CC)C(C)CN1c2ccccc2Sc2ccccc21
CESYKOGBSMNBPD-UHFFFAOYSA-N,methylclothiazide,CN1C(CCl)Nc2cc(Cl)c(S(N)(=O)=O)cc2S1(=O)=O
CEUORZQYGODEFX-UHFFFAOYSA-N,aripiprazole,O=C1CCc2ccc(OCCCCN3CCN(c4cccc(Cl)c4Cl)CC3)cc2N1
CFZXDJWFRVEWSR-BUHFOSPRSA-N,indigo carmine,O=C1/C(=C2\Nc3ccc(S(=O)(=O)O)cc3C2=O)Nc2ccc(S(=O)(=O)O)cc21
CGIGDMFJXJATDK-UHFFFAOYSA-N,indomethacin,COc1ccc2c(c1)c(CC(=O)O)c(C)n2C(=O)c1ccc(Cl)cc1
CGYWLLGTCBIGSR-UHFFFAOYSA-N,nitroxazepine,CN(C)CCCN1C(=O)c2cc([N+](=O)[O-])ccc2Oc2ccccc21
CHNXZKVNWQUJIB-CEGNMAFCSA-N,ethisterone,C#C[C@]1(O)CC[C@H]2[C@@H]3CCC4=CC(=O)CC[C@]4(C)[C@H]3CC[C@@]21C
CIDUJQMULVCIBT-MQDUPKMGSA-N,netilmicin,CCN[C@@H]1C[C@H](N)[C@@H](O[C@H]2OC(CN)=CC[C@H]2N)[C@H](O)[C@H]1O[C@H]1OC[C@](C)(O)[C@H](NC)[C@H]1O
CJAVTWRYCDNHSM-UHFFFAOYSA-N,benfluorex,CC(Cc1cccc(C(F)(F)F)c1)NCCOC(=O)c1ccccc1
CJGYSWNGNKCJSB-YVLZZHOMSA-N,bucladesine,CCCC(=O)Nc1ncnc2c1ncn2[C@@H]1O[C@@H]2COP(=O)(O)O[C@H]2[C@H]1OC(=O)CCC
CKLJMWTZIZZHCS-REOHCLBHSA-N,aspartic acid,N[C@@H](CC(=O)O)C(=O)O
CLPFFLWZZBQMAO-UHFFFAOYSA-N,fadrozole,N#Cc1ccc(C2CCCc3cncn32)cc1
CMJCXYNUCSMDBY-ZDUSSCGKSA-N,encorafenib,COC(=O)N[C@@H](C)CNc1nccc(-c2cn(C(C)C)nc2-c2cc(Cl)cc(NS(C)(=O)=O)c2F)n1
CMSMOCZEIVJLDB-UHFFFAOYSA-N,cyclophosphamide,O=P1(N(CCCl)CCCl)NCCCO1
CNBGNNVCVSKAQZ-UHFFFAOYSA-N,benzydamine,CN(C)CCCOc1nn(Cc2ccccc2)c2ccccc12
CNIIGCLFLJGOGP-UHFFFAOYSA-N,naphazoline,c1ccc2c(CC3=NCCN3)cccc2c1
COKMIXFXJJXBQG-NRFANRHFSA-N,tirofiban,CCCCS(=O)(=O)N[C@@H](Cc1ccc(OCCCCC2CCNCC2)cc1)C(=O)O
COUYJEVMBVSIHV-SFHVURJKSA-N,olodaterol,COc1ccc(CC(C)(C)NC[C@H](O)c2cc(O)cc3c2OCC(=O)N3)cc1
CQXADFVORZEARL-UHFFFAOYSA-N,rilmenidine,C1COC(NC(C2CC2)C2CC2)=N1
CULUWZNBISUWAS-UHFFFAOYSA-N,benznidazole,O=C(Cn1ccnc1[N+](=O)[O-])NCc1ccccc1
CURUTKGFNZGFSE-UHFFFAOYSA-N,dicycloverine,CCN(CC)CCOC(=O)C1(C2CCCCC2)CCCCC1
CUWODFFVMXJOKD-UVLQAERKSA-N,buserelin,CCNC(=O)[C@@H]1CCCN1C(=O)[C@H](CCCNC(=N)N)NC(=O)[C@H](CC(C)C)NC(=O)[C@@H](COC(C)(C)C)NC(=O)[C@H](Cc1ccc(O)cc1)NC(=O)[C@H](CO)NC(=O)[C@H](Cc1c[nH]c2ccccc12)NC(=O)[C@H](Cc1c[nH]cn1)NC(=O)[C@@H]1CCC(=O)N1
CVBMAZKKCSYWQR-WCGOZPBSSA-N,deserpidine,COC(=O)[C@H]1[C@H]2C[C@@H]3c4[nH]c5ccccc5c4CCN3C[C@H]2C[C@@H](OC(=O)c2cc(OC)c(OC)c(OC)c2)[C@@H]1OC
CXOFVDLJLONNDW-UHFFFAOYSA-N,phenytoin,O=C1NC(=O)C(c2ccccc2)(c2ccccc2)N1
CYDMQBQPVICBEU-XRNKAMNCSA-N,chlortetracycline,CN(C)[C@@H]1C(O)=C(C(N)=O)C(=O)[C@@]2(O)C(O)=C3C(=O)c4c(O)ccc(Cl)c4[C@@](C)(O)[C@H]3C[C@@H]12
CYOHGALHFOKKQC-UHFFFAOYSA-N,selumetinib,Cn1cnc2c(F)c(Nc3ccc(Br)cc3Cl)c(C(=O)NOCCO)cc21
CZCHIEJNWPNBDE-UHFFFAOYSA-N,benziodarone,CCc1oc2ccccc2c1C(=O)c1cc(I)c(O)c(I)c1
CZFFBEXEKNGXKS-UHFFFAOYSA-N,raltegravir,Cc1nnc(C(=O)NC(C)(C)c2nc(C(=O)NCc3ccc(F)cc3)c(O)c(=O)n2C)o1
CZMRCDWAGMRECN-UGDNZRGBSA-N,sucrose,OC[C@H]1O[C@@](CO)(O[C@H]2O[C@H](CO)[C@@H](O)[C@H](O)[C@H]2O)[C@@H](O)[C@@H]1O
DAFYYTQWSAWIGS-DEOSSOPVSA-N,vilanterol,OCc1cc([C@@H](O)CNCCCCCCOCCOCc2c(Cl)cccc2Cl)ccc1O
DBVJJBKOTRCVKF-UHFFFAOYSA-N,etidronic acid,CC(O)(P(=O)(O)O)P(=O)(O)O
DCOPUUMXTXDBNB-UHFFFAOYSA-N,diclofenac,O=C(O)Cc1ccccc1Nc1c(Cl)cccc1Cl
DCSUBABJRXZOMT-UHFFFAOYSA-N,cisapride,COc1cc(N)c(Cl)cc1C(=O)NC1CCN(CCCOc2ccc(F)cc2)CC1OC
DCXYFEDJOCDNAF-REOHCLBHSA-N,asparagine,NC(=O)C[C@H](N)C(=O)O
DDDQVDIPBFGVIG-UHFFFAOYSA-N,plafibride,CC(C)(Oc1ccc(Cl)cc1)C(=O)NC(=O)NCN1CCOCC1
DDLIGBOFAVUZHB-UHFFFAOYSA-N,midazolam,Cc1ncc2n1-c1ccc(Cl)cc1C(c1ccccc1F)=NC2
DDUHZTYCFQRHIY-RBHXEPJQSA-N,griseofulvin,COC1=CC(=O)C[C@@H](C)[C@]12Oc1c(Cl)c(OC)cc(OC)c1C2=O
DERZBLKQOCDDDZ-JLHYYAGUSA-N,cinnarizine,C(=C\c1ccccc1)/CN1CCN(C(c2ccccc2)c2ccccc2)CC1
DEVSOMFAQLZNKR-RJRFIUFISA-N,selinexor,O=C(/C=C\n1cnc(-c2cc(C(F)(F)F)cc(C(F)(F)F)c2)n1)NNc1cnccn1
DGBIGWXXNGSACT-UHFFFAOYSA-N,clonazepam,O=C1CN=C(c2ccccc2Cl)c2cc([N+](=O)[O-])ccc2N1
DHMQDGOQFOQNFH-UHFFFAOYSA-N,glycine,NCC(=O)O
DHSSDEDRBUKTQY-UHFFFAOYSA-N,talipexole,C=CCN1CCc2nc(N)sc2CC1
DHSUYTOATWAVLW-WFVMDLQDSA-N,cilastatin,CC1(C)C[C@@H]1C(=O)N/C(=C\CCCCSC[C@H](N)C(=O)O)C(=O)O
DIIBXMIIOQXTHW-UHFFFAOYSA-N,pirozadil,COc1cc(C(=O)OCc2cccc(COC(=O)c3cc(OC)c(OC)c(OC)c3)n2)cc(OC)c1OC
DIWRORZWFLOCLC-UHFFFAOYSA-N,lorazepam,O=C1Nc2ccc(Cl)cc2C(c2ccccc2Cl)=NC1O
DJBNUMBKLMJRSA-UHFFFAOYSA-N,flecainide,O=C(NCC1CCCCN1)c1cc(OCC(F)(F)F)ccc1OCC(F)(F)F
DJEIHHYCDCTAAH-UHFFFAOYSA-N,mofezolac,COc1ccc(-c2noc(CC(=O)O)c2-c2ccc(OC)cc2)cc1
DJQOOSBJCLSSEY-UHFFFAOYSA-N,acipimox,Cc1cnc(C(=O)O)c[n+]1[O-]
DJUFPMUQJKWIJB-UHFFFAOYSA-N,pyronaridine,COc1ccc2nc3cc(Cl)ccc3c(Nc3cc(CN4CCCC4)c(O)c(CN4CCCC4)c3)c2n1
DKMFBWQBDIGMHM-UHFFFAOYSA-N,melperone,CC1CCN(CCCC(=O)c2ccc(F)cc2)CC1
DKNWSYNQZKUICI-UHFFFAOYSA-N,amantadine,NC12CC3CC(CC(C3)C1)C2
DKYWVDODHFEZIM-NSHDSACASA-N,dexketoprofen,C[C@H](C(=O)O)c1cccc(C(=O)c2ccccc2)c1
DKYWVDODHFEZIM-UHFFFAOYSA-N,ketoprofen,CC(C(=O)O)c1cccc(C(=O)c2ccccc2)c1
DLGOEMSEDOSKAD-UHFFFAOYSA-N,carmustine,O=NN(CCCl)C(=O)NCCCl
DMDGGSIALPNSEE-UHFFFAOYSA-N,hydroflumethiazide,NS(=O)(=O)c1cc2c(cc1C(F)(F)F)NCNS2(=O)=O
DMJNNHOOLUXYBV-PQTSNVLCSA-N,meropenem,C[C@@H](O)[C@H]1C(=O)N2C(C(=O)O)=C(S[C@@H]3CN[C@H](C(=O)N(C)C)C3)[C@H](C)[C@H]12
DNIAPMSPPWPWGF-UHFFFAOYSA-N,propylene glycol,CC(O)CO
DOAKLVKFURWEDJ-QCMAZARJSA-N,daptomycin,CCCCCCCCCC(=O)N[C@@H](Cc1c[nH]c2ccccc12)C(=O)N[C@H](CC(N)=O)C(=O)N[C@@H](CC(=O)O)C(=O)N[C@@H]1C(=O)NCC(=O)N[C@@H](CCCN)C(=O)N[C@@H](CC(=O)O)C(=O)N[C@H](C)C(=O)N[C@@H](CC(=O)O)C(=O)NCC(=O)N[C@H](CO)C(=O)N[C@@H]([C@H](C)CC(=O)O)C(=O)N[C@@H](CC(=O)c2ccccc2N)C(=O)O[C@@H]1C
DOBMPNYZJYQDGZ-UHFFFAOYSA-N,dicoumarol,O=c1oc2ccccc2c(O)c1Cc1c(O)c2ccccc2oc1=O
DOUYETYNHWVLEO-UHFFFAOYSA-N,imiquimod,CC(C)Cn1cnc2c(N)nc3ccccc3c21
DRLFMBDRBRZALE-UHFFFAOYSA-N,melatonin,COc1ccc2[nH]cc(CCNC(C)=O)c2c1
DTOSIQBPPRVQHS-PDBXOOCHSA-N,linolenic acid,CC/C=C\C/C=C\C/C=C\CCCCCCCC(=O)O
DUPWHXBITIZIKZ-UHFFFAOYSA-N,radotinib,Cc1cn(-c2cc(NC(=O)c3ccc(C)c(Nc4nccc(-c5cnccn5)n4)c3)cc(C(F)(F)F)c2)cn1
DUQOOLBWGUKRAJ-UHFFFAOYSA-N,oxagrelate,CCOC(=O)c1c(C)cc2c(CO)n[nH]c(=O)c2c1C
DXGLGDHPHMLXJC-UHFFFAOYSA-N,oxybenzone,COc1ccc(C(=O)c2ccccc2)c(O)c1
DYAIAHUQIPBDIP-AXAPSJFSSA-N,cefonicid,O=C(O)C1=C(CSc2nnnn2CS(=O)(=O)O)CS[C@@H]2[C@H](NC(=O)[C@H](O)c3ccccc3)C(=O)N12
DYDCPNMLZGFQTM-UHFFFAOYSA-N,delafloxacin,Nc1nc(-n2cc(C(=O)O)c(=O)c3cc(F)c(N4CC(O)C4)c(Cl)c32)c(F)cc1F
DYKFCLLONBREIL-KVUCHLLUSA-N,minocycline,CN(C)c1ccc(O)c2c1C[C@H]1C[C@H]3[C@H](N(C)C)C(O)=C(C(N)=O)C(=O)[C@@]3(O)C(O)=C1C2=O
DYLUUSLLRIQKOE-UHFFFAOYSA-N,enasidenib,CC(C)(O)CNc1nc(Nc2ccnc(C(F)(F)F)c2)nc(-c2cccc(C(F)(F)F)n2)n1
DZZWHBIBMUVIIW-DTORHVGOSA-N,sparfloxacin,C[C@@H]1CN(c2c(F)c(N)c3c(=O)c(C(=O)O)cn(C4CC4)c3c2F)C[C@H](C)N1
FABPRXSRWADJSP-MEDUHNTESA-N,moxifloxacin,COc1c(N2C[C@@H]3CCCN[C@@H]3C2)c(F)cc2c(=O)c(C(=O)O)cn(C3CC3)c12
FAEKWTJYAYMJKF-QHCPKHFHSA-N,repaglinide,CCOc1cc(CC(=O)N[C@@H](CC(C)C)c2ccccc2N2CCCCC2)ccc1C(=O)O
FAIIFDPAEUKBEP-UHFFFAOYSA-N,nilvadipine,COC(=O)C1=C(C#N)NC(C)=C(C(=O)OC(C)C)C1c1cccc([N+](=O)[O-])c1
FAKRSMQSSFJEIM-RQJHMYQMSA-N,captopril,C[C@H](CS)C(=O)N1CCC[C@H]1C(=O)O
FASDKYOPVNHBLU-ZETCQYMHSA-N,pramipexole,CCCN[C@H]1CCc2nc(N)sc2C1
FBHSPRKOSMHSIF-GRMWVWQJSA-N,deflazacort,CC(=O)OCC(=O)[C@@]12N=C(C)O[C@@H]1C[C@H]1[C@@H]3CCC4=CC(=O)C=C[C@]4(C)[C@H]3[C@@H](O)C[C@@]12C
FBOZXECLQNJBKD-ZDUSSCGKSA-N,methotrexate,CN(Cc1cnc2nc(N)nc(N)c2n1)c1ccc(C(=O)N[C@@H](CCC(=O)O)C(=O)O)cc1
FBQPGGIHOFZRGH-UHFFFAOYSA-N,lucanthone,CCN(CC)CCNc1ccc(C)c2sc3ccccc3c(=O)c12
FDLYAMZZIXQODN-UHFFFAOYSA-N,olaparib,O=C(c1cc(Cc2n[nH]c(=O)c3ccccc23)ccc1F)N1CCN(C(=O)C2CC2)CC1
FDMQDKQUTRLUBU-UHFFFAOYSA-N,olmutinib,C=CC(=O)Nc1cccc(Oc2nc(Nc3ccc(N4CCN(C)CC4)cc3)nc3ccsc23)c1
FEBOTPHFXYHVPL-UHFFFAOYSA-N,benperidol,O=C(CCCN1CCC(n2c(=O)[nH]c3ccccc32)CC1)c1ccc(F)cc1
FEZBIKUBAYAZIU-UHFFFAOYSA-N,trimethobenzamide,COc1cc(C(=O)NCc2ccc(OCCN(C)C)cc2)cc(OC)c1OC
FFINMCNLQNTKLU-UHFFFAOYSA-N,adipiodone,O=C(CCCCC(=O)Nc1c(I)cc(I)c(C(=O)O)c1I)Nc1c(I)cc(I)c(C(=O)O)c1I
FHFYDNQZQSQIAI-UHFFFAOYSA-N,pefloxacin,CCn1cc(C(=O)O)c(=O)c2cc(F)c(N3CCN(C)CC3)cc21
FHHHOYXPRDYHEZ-COXVUDFISA-N,alacepril,CC(=O)SC[C@@H](C)C(=O)N1CCC[C@H]1C(=O)N[C@@H](Cc1ccccc1)C(=O)O
FHXBMXJMKMWVRG-SLHNCBLASA-N,estradiol acetate,CC(=O)Oc1ccc2c(c1)CC[C@@H]1[C@@H]2CC[C@]2(C)[C@@H](O)CC[C@@H]12
FIADGNVRKBPQEU-UHFFFAOYSA-N,pizotifen,CN1CCC(=C2c3ccccc3CCc3sccc32)CC1
FIAFUQMPZJWCLV-UHFFFAOYSA-N,suramin,Cc1ccc(C(=O)Nc2ccc(S(=O)(=O)O)c3cc(S(=O)(=O)O)cc(S(=O)(=O)O)c23)cc1NC(=O)c1cccc(NC(=O)Nc2cccc(C(=O)Nc3cc(C(=O)Nc4ccc(S(=O)(=O)O)c5cc(S(=O)(=O)O)cc(S(=O)(=O)O)c45)ccc3C)c2)c1
FIDLLEYNNRGVFR-CTNGQTDRSA-N,baloxavir,O=C1c2c(O)c(=O)ccn2N([C@@H]2c3ccccc3SCc3c2ccc(F)c3F)[C@@H]2COCCN12
FIQOFIRCTOWDOW-BJLQDIEVSA-N,temocapril,CCOC(=O)[C@H](CCc1ccccc1)N[C@H]1CS[C@H](c2cccs2)CN(CC(=O)O)C1=O
FJIKWRGCXUCUIG-UHFFFAOYSA-N,lormetazepam,CN1C(=O)C(O)N=C(c2ccccc2Cl)c2cc(Cl)ccc21
FJLBFSROUSIWMA-UHFFFAOYSA-N,metyrapone,CC(C)(C(=O)c1cccnc1)c1cccnc1
FJLGEFLZQAZZCD-JUFISIKESA-N,fluvastatin,CC(C)n1c(/C=C/[C@H](O)C[C@H](O)CC(=O)O)c(-c2ccc(F)cc2)c2ccccc21
FLNXBVJLPJNOSI-UHFFFAOYSA-N,cloperastine,Clc1ccc(C(OCCN2CCCCC2)c2ccccc2)cc1
FLSLEGPOVLMJMN-YSSFQJQWSA-N,quinaprilat,C[C@H](N[C@@H](CCc1ccccc1)C(=O)O)C(=O)N1Cc2ccccc2C[C@H]1C(=O)O
FMHHVULEAZTJMA-UHFFFAOYSA-N,trioxsalen,Cc1cc2cc3c(C)cc(=O)oc3c(C)c2o1
FMTDIUIBLCQGJB-SEYHBJAFSA-N,demeclocycline,CN(C)[C@@H]1C(O)=C(C(N)=O)C(=O)[C@@]2(O)C(O)=C3C(=O)c4c(O)ccc(Cl)c4[C@@H](O)[C@H]3C[C@@H]12
FNHKPVJBJVTLMP-UHFFFAOYSA-N,regorafenib,CNC(=O)c1cc(Oc2ccc(NC(=O)Nc3ccc(Cl)c(C(F)(F)F)c3)c(F)c2)ccn1
FNQQBFNIYODEMB-UHFFFAOYSA-N,meticrane,Cc1cc2c(cc1S(N)(=O)=O)S(=O)(=O)CCC2
FOCVUCIESVLUNU-UHFFFAOYSA-N,thiotepa,S=P(N1CC1)(N1CC1)N1CC1
FOHHNHSLJDZUGQ-UHFFFAOYSA-N,halofantrine,CCCCN(CCCC)CCC(O)c1cc2c(Cl)cc(Cl)cc2c2cc(C(F)(F)F)ccc12
FPCCSQOGAWCVBH-UHFFFAOYSA-N,ketanserin,O=C(c1ccc(F)cc1)C1CCN(CCn2c(=O)[nH]c3ccccc3c2=O)CC1
FPVKHBSQESCIEP-JQCXWYLXSA-N,pentostatin,OC[C@H]1O[C@@H](n2cnc3c2NC=NC[C@H]3O)C[C@@H]1O
FPZLLRFZJZRHSY-HJYUBDRYSA-N,tigecycline,CN(C)c1cc(NC(=O)CNC(C)(C)C)c(O)c2c1C[C@H]1C[C@H]3[C@H](N(C)C)C(O)=C(C(N)=O)C(=O)[C@@]3(O)C(O)=C1C2=O
FQQIIPAOSKSOJM-UHFFFAOYSA-N,mebhydrolin,CN1CCc2c(c3ccccc3n2Cc2ccccc2)C1
FRPZMMHWLSIFAZ-UHFFFAOYSA-N,undecylenic acid,C=CCCCCCCCCC(=O)O
FSKFPVLPFLJRQB-UHFFFAOYSA-N,tolperisone,Cc1ccc(C(=O)C(C)CN2CCCCC2)cc1
FSQKKOOTNAMONP-UHFFFAOYSA-N,acemetacin,COc1ccc2c(c1)c(CC(=O)OCC(=O)O)c(C)n2C(=O)c1ccc(Cl)cc1
FSVJFNAIGNNGKK-UHFFFAOYSA-N,praziquantel,O=C(C1CCCCC1)N1CC(=O)N2CCc3ccccc3C2C1
FTCYIGBVOHNHCD-UHFFFAOYSA-N,isaxonine,CC(C)Nc1ncccn1
FUSNMLFNXJSCDI-UHFFFAOYSA-N,tolnaftate,Cc1cccc(N(C)C(=S)Oc2ccc3ccccc3c2)c1
FVTCRASFADXXNN-SCRDCRAPSA-N,riboflavin phosphate,Cc1cc2nc3c(=O)[nH]c(=O)nc-3n(C[C@H](O)[C@H](O)[C@H](O)COP(=O)(O)O)c2cc1C
FVTWTVQXNAJTQP-UHFFFAOYSA-N,umeclidinium,OC(c1ccccc1)(c1ccccc1)C12CC[N+](CCOCc3ccccc3)(CC1)CC2
FVYUQFQCEOZYHZ-UHFFFAOYSA-N,oxaflozane,CC(C)N1CCOC(c2cccc(C(F)(F)F)c2)C1
FWJKNZONDWOGMI-UHFFFAOYSA-N,metharbital,CCC1(CC)C(=O)NC(=O)N(C)C1=O
FWYSMLBETOMXAG-QHCPKHFHSA-N,letermovir,COc1cccc(N2CCN(C3=Nc4c(F)cccc4[C@H](CC(=O)O)N3c3cc(C(F)(F)F)ccc3OC)CC2)c1
FZNCGRZWXLXZSZ-CIQUZCHMSA-N,voglibose,OCC(CO)N[C@H]1C[C@](O)(CO)[C@@H](O)[C@H](O)[C@H]1O
GAGWJHPBXLXJQN-UORFTKCHSA-N,capecitabine,CCCCCOC(=O)Nc1nc(=O)n([C@@H]2O[C@H](C)[C@@H](O)[C@H]2O)cc1F
GBABOYUKABKIAF-IELIFDKJSA-N,vinorelbine,CCC1=C[C@@H]2C[N@](C1)Cc1c([nH]c3ccccc13)[C@@](C(=O)OC)(c1cc3c(cc1OC)N(C)[C@H]1[C@@](O)(C(=O)OC)[C@H](OC(C)=O)[C@]4(CC)C=CCN5CC[C@]31[C@@H]54)C2
GBBJCSTXCAQSSJ-XQXXSGGOSA-N,clevudine,Cc1cn([C@H]2O[C@@H](CO)[C@H](O)[C@H]2F)c(=O)[nH]c1=O
GBFLZEXEOZUWRN-VKHMYHEASA-N,carbocisteine,N[C@@H](CSCC(=O)O)C(=O)O
GBXSMTUPTTWBMN-XIRDDKMYSA-N,enalapril,CCOC(=O)[C@H](CCc1ccccc1)N[C@@H](C)C(=O)N1CCC[C@H]1C(=O)O
GCFBRXLSHGKWDP-XCGNWRKASA-N,cefoperazone,CCN1CCN(C(=O)N[C@@H](C(=O)N[C@@H]2C(=O)N3C(C(=O)O)=C(CSc4nnnn4C)CS[C@H]23)c2ccc(O)cc2)C(=O)C1=O
GCKFUYQCUCGESZ-BPIQYHPVSA-N,etonogestrel,C#C[C@]1(O)CC[C@H]2[C@@H]3CCC4=CC(=O)CC[C@@H]4[C@H]3C(=C)C[C@@]21CC
GCKMFJBGXUYNAG-HLXURNFRSA-N,methyltestosterone,C[C@]12CCC(=O)C=C1CC[C@@H]1[C@@H]2CC[C@@]2(C)[C@H]1CC[C@]2(C)O
GDLBFKVLRPITMI-UHFFFAOYSA-N,diazoxide,CC1=Nc2ccc(Cl)cc2S(=O)(=O)N1
GEJDGVNQKABXKG-CFKGEZKQSA-N,valbenazine,COc1cc2c(cc1OC)[C@H]1C[C@@H](OC(=O)[C@@H](N)C(C)C)[C@H](CC(C)C)CN1CC2
GFBKORZTTCHDGY-UWVJOHFNSA-N,thiothixene,CN1CCN(CC/C=C2/c3ccccc3Sc3ccc(S(=O)(=O)N(C)C)cc32)CC1
GFFGJBXGBJISGV-UHFFFAOYSA-N,adenine,Nc1ncnc2nc[nH]c12
GFIJNRVAKGFPGQ-LIJARHBVSA-N,leuprorelin,CCNC(=O)[C@@H]1CCCN1C(=O)[C@H](CCCNC(=N)N)NC(=O)[C@H](CC(C)C)NC(=O)[C@@H](CC(C)C)NC(=O)[C@H](Cc1ccc(O)cc1)NC(=O)[C@H](CO)NC(=O)[C@H](Cc1c[nH]c2ccccc12)NC(=O)[C@H](Cc1c[nH]cn1)NC(=O)[C@@H]1CCC(=O)N1
GGXKWVWZWMLJEH-UHFFFAOYSA-N,famciclovir,CC(=O)OCC(CCn1cnc2cnc(N)nc21)COC(C)=O
GHASVSINZRGABV-UHFFFAOYSA-N,fluorouracil,O=c1[nH]cc(F)c(=O)[nH]1
GHOKWGTUZJEAQD-ZETCQYMHSA-N,calcium pantothenate,CC(C)(CO)[C@@H](O)C(=O)NCCC(=O)O
GIIZNNXWQWCKIB-UHFFFAOYSA-N,salmeterol,OCc1cc(C(O)CNCCCCCCOCCCCc2ccccc2)ccc1O
GIUYCYHIANZCFB-FJFJXFQQSA-N,fludarabine phosphate,Nc1nc(F)nc2c1ncn2[C@@H]1O[C@H](COP(=O)(O)O)[C@@H](O)[C@@H]1O
GJPICJJJRGTNOD-UHFFFAOYSA-N,bosentan,COc1ccccc1Oc1c(NS(=O)(=O)c2ccc(C(C)(C)C)cc2)nc(-c2ncccn2)nc1OCCO
GJSLOMWRLALDCT-UHFFFAOYSA-N,adinazolam,CN(C)Cc1nnc2n1-c1ccc(Cl)cc1C(c1ccccc1)=NC2
GJSURZIOUXUGAL-UHFFFAOYSA-N,clonidine,Clc1cccc(Cl)c1NC1=NCCN1
GKNPSSNBBWDAGH-UHFFFAOYSA-N,mepenzolate,C[N+]1(C)CCCC(OC(=O)C(O)(c2ccccc2)c2ccccc2)C1
GKQPCPXONLDCMU-CCEZHUSRSA-N,lacidipine,CCOC(=O)C1=C(C)NC(C)=C(C(=O)OCC)C1c1ccccc1/C=C/C(=O)OC(C)(C)C
GKWPCEFFIHSJOE-UHFFFAOYSA-N,laquinimod,CCN(C(=O)c1c(O)c2c(Cl)cccc2n(C)c1=O)c1ccccc1
GLBJJMFZWDBELO-UHFFFAOYSA-N,pimobendan,COc1ccc(-c2nc3cc(C4=NNC(=O)CC4C)ccc3[nH]2)cc1
GLUUGHFHXGJENI-UHFFFAOYSA-N,piperazine,C1CNCCN1
GLVAUDGFNGKCSF-UHFFFAOYSA-N,mercaptopurine,S=c1nc[nH]c2nc[nH]c12
GMRQFYUYWCNGIN-NKMMMXOESA-N,calcitriol,C=C1/C(=C\C=C2/CCC[C@]3(C)[C@@H]([C@H](C)CCCC(C)(C)O)CC[C@@H]23)C[C@@H](O)C[C@@H]1O
GMVPRGQOIOIIMI-DWKJAMRDSA-N,alprostadil,CCCCC[C@H](O)/C=C/[C@H]1[C@H](O)CC(=O)[C@@H]1CCCCCCC(=O)O
GOTYRUGSSMKFNF-UHFFFAOYSA-N,lenalidomide,Nc1cccc2c1CN(C1CCC(=O)NC1=O)C2=O
GPKJTRJOBQGKQK-UHFFFAOYSA-N,mepacrine,CCN(CC)CCCC(C)Nc1c2ccc(Cl)cc2nc2ccc(OC)cc12
GPRBEKHLDVQUJE-QSWIMTSFSA-N,cefotaxime,CO/N=C(\C(=O)N[C@@H]1C(=O)N2C(C(=O)O)=C(COC(C)=O)CS[C@H]12)c1csc(N)n1
GPXBXXGIAQBQNI-UHFFFAOYSA-N,vemurafenib,CCCS(=O)(=O)Nc1ccc(F)c(C(=O)c2c[nH]c3ncc(-c4ccc(Cl)cc4)cc23)c1F
GQYIWUVLTXOXAJ-UHFFFAOYSA-N,lomustine,O=NN(CCCl)C(=O)NC1CCCCC1
GSDSWSVVBLHKDQ-JTQLQIEISA-N,levofloxacin,C[C@H]1COc2c(N3CCN(C)CC3)c(F)cc3c(=O)c(C(=O)O)cn1c23
GSDSWSVVBLHKDQ-UHFFFAOYSA-N,ofloxacin,CC1COc2c(N3CCN(C)CC3)c(F)cc3c(=O)c(C(=O)O)cn1c23
GSNOZLZNQMLSKJ-UHFFFAOYSA-N,trapidil,CCN(CC)c1cc(C)nc2ncnn12
GUHPRPJDBZHYCJ-UHFFFAOYSA-N,tiaprofenic acid,CC(C(=O)O)c1ccc(C(=O)c2ccccc2)s1
GVOUFPWUYJWQSK-UHFFFAOYSA-N,cyclofenil,CC(=O)Oc1ccc(C(=C2CCCCC2)c2ccc(OC(C)=O)cc2)cc1
GVPIXRLYKVFFMK-UHFFFAOYSA-N,setiptiline,CN1CCC2=C(C1)c1ccccc1Cc1ccccc12
GWOFUCIGLDBNKM-UHFFFAOYSA-N,glafenine,O=C(OCC(O)CO)c1ccccc1Nc1ccnc2cc(Cl)ccc12
GXDALQBWZGODGZ-UHFFFAOYSA-N,astemizole,COc1ccc(CCN2CCC(Nc3nc4ccccc4n3Cc3ccc(F)cc3)CC2)cc1
GXPHKUHSUJUWKP-UHFFFAOYSA-N,troglitazone,Cc1c(C)c2c(c(C)c1O)CCC(C)(COc1ccc(CC3SC(=O)NC3=O)cc1)O2
GXRZIMHKGDIBEW-UHFFFAOYSA-N,ethinamate,C#CC1(OC(N)=O)CCCCC1
GYDJEQRTZSCIOI-LJGSYFOKSA-N,tranexamic acid,NC[C@H]1CC[C@H](C(=O)O)CC1
GYHCTFXIZSNGJT-UHFFFAOYSA-N,tolvaptan,Cc1ccccc1C(=O)Nc1ccc(C(=O)N2CCCC(O)c3cc(Cl)ccc32)c(C)c1
GYQYAJJFPNQOOW-UHFFFAOYSA-N,gilteritinib,CCc1nc(C(N)=O)c(Nc2ccc(N3CCC(N4CCN(C)CC4)CC3)c(OC)c2)nc1NC1CCOCC1
GZOSMCIZMLWJML-VJLLXTKPSA-N,abiraterone,C[C@]12CC[C@H](O)CC1=CC[C@@H]1[C@@H]2CC[C@]2(C)C(c3cccnc3)=CC[C@@H]12
GZSOSUNBTXMUFQ-YFAPSIMESA-N,diosmin,COc1ccc(-c2cc(=O)c3c(O)cc(O[C@@H]4O[C@H](CO[C@@H]5O[C@@H](C)[C@H](O)[C@@H](O)[C@H]5O)[C@@H](O)[C@H](O)[C@H]4O)cc3o2)cc1O
HBNPJJILLOYFJU-VMPREFPWSA-N,mibefradil,COCC(=O)O[C@]1(CCN(C)CCCc2nc3ccccc3[nH]2)CCc2cc(F)ccc2[C@@H]1C(C)C
HBOMLICNUCNMMY-XLPZGREQSA-N,zidovudine,Cc1cn([C@H]2C[C@H](N=[N+]=[N-])[C@@H](CO)O2)c(=O)[nH]c1=O
HCZKYJDFEPMADG-TXEJJXNPSA-N,masoprocol,C[C@H](Cc1ccc(O)c(O)c1)[C@@H](C)Cc1ccc(O)c(O)c1
HDOVUKNUBWVHOX-QMMMGPOBSA-N,valaciclovir,CC(C)[C@H](N)C(=O)OCCOCn1cnc2c(=O)[nH]c(N)nc21
HGGAKXAHAYOLDJ-FHZUQPTBSA-N,faropenem,C[C@@H](O)[C@H]1C(=O)N2C(C(=O)O)=C([C@H]3CCCO3)S[C@H]12
HIANJWSAHKJQTH-UHFFFAOYSA-N,pemirolast,Cc1cccn2c(=O)c(-c3nnn[nH]3)cnc12
HIUVKVDQFXDZHU-UHFFFAOYSA-N,guanoxan,N=C(N)NCC1COc2ccccc2O1
HJCMDXDYPOUFDY-WHFBIAKZSA-N,alanyl glutamine,C[C@H](N)C(=O)N[C@@H](CCC(N)=O)C(=O)O
HJYYPODYNSCCOU-ODRIEIDWSA-N,rifamycin,CO[C@H]1/C=C/O[C@@]2(C)Oc3c(C)c(O)c4c(O)c(cc(O)c4c3C2=O)NC(=O)/C(C)=C\C=C\[C@H](C)[C@H](O)[C@@H](C)[C@@H](O)[C@@H](C)[C@H](OC(C)=O)[C@@H]1C
HLFSDGLLUJUHTE-SNVBAGLBSA-N,levamisole,c1ccc([C@H]2CN3CCSC3=N2)cc1
HLVVITIHAZBPKB-UHFFFAOYSA-N,velnacrine,Nc1c2c(nc3ccccc13)CCCC2O
HMABYWSNWIZPAG-UHFFFAOYSA-N,rucaparib,CNCc1ccc(-c2[nH]c3cc(F)cc4c3c2CCNC4=O)cc1
HMEDEBAJARCKCT-UHFFFAOYSA-N,azosemide,NS(=O)(=O)c1cc(-c2nnn[nH]2)c(NCc2cccs2)cc1Cl
HNJJXZKZRAWDPF-UHFFFAOYSA-N,methapyrilene,CN(C)CCN(Cc1cccs1)c1ccccn1
HOMGKSMUEGBAAB-UHFFFAOYSA-N,ifosfamide,O=P1(NCCCl)OCCCN1CCCl
HOOSGZJRQIVJSZ-UHFFFAOYSA-N,clidinium,C[N+]12CCC(CC1)C(OC(=O)C(O)(c1ccccc1)c1ccccc1)C2
HRRBJVNMSRJFHQ-UHFFFAOYSA-N,naftopidil,COc1ccccc1N1CCN(CC(O)COc2cccc3ccccc23)CC1
HRWCVUIFMSZDJS-SZMVWBNQSA-N,spirapril,CCOC(=O)[C@H](CCc1ccccc1)N[C@@H](C)C(=O)N1CC2(C[C@H]1C(=O)O)SCCS2
HSHNITRMYYLLCV-UHFFFAOYSA-N,hymecromone,Cc1cc(=O)oc2cc(O)ccc12
HSMPDPBYAYSOBC-UHFFFAOYSA-N,khellin,COc1c2occc2c(OC)c2c(=O)cc(C)oc12
HSTZMXCBWJGKHG-CUYWLFDKSA-N,polydatin,OC[C@H]1O[C@@H](Oc2cc(O)cc(/C=C/c3ccc(O)cc3)c2)[C@H](O)[C@@H](O)[C@@H]1O
HSUGRBWQSSZJOP-RTWAWAEBSA-N,diltiazem,COc1ccc([C@@H]2Sc3ccccc3N(CCN(C)C)C(=O)[C@@H]2OC(C)=O)cc1
HTIQEAQVCYTUBX-UHFFFAOYSA-N,amlodipine,CCOC(=O)C1=C(COCCN)NC(C)=C(C(=O)OC)C1c1ccccc1Cl
HTWFXPCUFWKXOP-UHFFFAOYSA-N,tertatolol,CC(C)(C)NCC(O)COc1cccc2c1SCCC2
HUNXMJYCHXQEGX-UHFFFAOYSA-N,zaleplon,CCN(C(C)=O)c1cccc(-c2ccnc3c(C#N)cnn23)c1
HUPFGZXOMWLGNK-UHFFFAOYSA-N,diflunisal,O=C(O)c1cc(-c2ccc(F)cc2F)ccc1O
HWGBHCRJGXAGEU-UHFFFAOYSA-N,methylthiouracil,Cc1cc(=O)[nH]c(=S)[nH]1
HWHLPVGTWGOCJO-UHFFFAOYSA-N,trihexyphenidyl,OC(CCN1CCCCC1)(c1ccccc1)C1CCCCC1
HWXIGFIVGWUZAO-UHFFFAOYSA-N,doxofylline,Cn1c(=O)c2c(ncn2CC2OCCO2)n(C)c1=O
HXHWSAZORRCQMX-UHFFFAOYSA-N,albendazole,CCCSc1ccc2nc(NC(=O)OC)[nH]c2c1
HXLAFSUPPDYFEO-UHFFFAOYSA-N,bevantolol,COc1ccc(CCNCC(O)COc2cccc(C)c2)cc1OC
HXYVTAGFYLMHSO-UHFFFAOYSA-N,palmidrol,CCCCCCCCCCCCCCCC(=O)NCCO
HYAFETHFCAUJAY-UHFFFAOYSA-N,pioglitazone,CCc1ccc(CCOc2ccc(CC3SC(=O)NC3=O)cc2)nc1
HYFHYPWGAURHIV-JFIAXGOJSA-N,omacetaxine mepesuccinate,COC(=O)C[C@](O)(CCCC(C)(C)O)C(=O)O[C@@H]1C(OC)=C[C@]23CCCN2CCc2cc4c(cc2[C@H]13)OCO4
HYIMSNHJOBLJNT-UHFFFAOYSA-N,nifedipine,COC(=O)C1=C(C)NC(C)=C(C(=O)OC)C1c1ccccc1[N+](=O)[O-]
HYWYRSMBCFDLJT-UHFFFAOYSA-N,nimesulide,CS(=O)(=O)Nc1ccc([N+](=O)[O-])cc1Oc1ccccc1
HYYBABOKPJLUIN-UHFFFAOYSA-N,mefenamic acid,Cc1cccc(Nc2ccccc2C(=O)O)c1C
HZQDCMWJEBCWBR-UUOKFMHZSA-N,mizoribine,NC(=O)c1ncn([C@@H]2O[C@H](CO)[C@@H](O)[C@H]2O)c1O
HZZVJAQRINQKSD-PBFISZAISA-N,clavulanic acid,O=C(O)[C@H]1/C(=C/CO)O[C@@H]2CC(=O)N21
IAIDUHCBNLFXEF-MNEFBYGVSA-N,zofenopril,C[C@H](CSC(=O)c1ccccc1)C(=O)N1C[C@@H](Sc2ccccc2)C[C@H]1C(=O)O
IAIWVQXQOWNYOU-FPYGCLRLSA-N,nitrofurazone,NC(=O)N/N=C/c1ccc([N+](=O)[O-])o1
IAKHMKGGTNLKSZ-INIZCTEOSA-N,colchicine,COc1cc2c(c(OC)c1OC)-c1ccc(OC)c(=O)cc1[C@@H](NC(C)=O)CC2
IAVUPMFITXYVAF-XPUUQOCRSA-N,dorzolamide,CCN[C@H]1C[C@H](C)S(=O)(=O)c2sc(S(N)(=O)=O)cc21
ICMGLRUYEQNHPF-UHFFFAOYSA-N,urapidil,COc1ccccc1N1CCN(CCCNc2cc(=O)n(C)c(=O)n2C)CC1
IDINUJSAMVOPCM-UHFFFAOYSA-N,gusperimus,N=C(N)NCCCCCCC(=O)NC(O)C(=O)NCCCCNCCCN
IDKAXRLETRCXKS-UHFFFAOYSA-N,fenclofenac,O=C(O)Cc1ccccc1Oc1ccc(Cl)cc1Cl
IDYZIJYBMGIQMJ-UHFFFAOYSA-N,enoxacin,CCn1cc(C(=O)O)c(=O)c2cc(F)c(N3CCNCC3)nc21
IECPWNUMDGFDKC-MZJAQBGESA-N,fusidic acid,CC(=O)O[C@H]1C[C@@]2(C)[C@@H](C[C@@H](O)[C@H]3[C@@]4(C)CC[C@@H](O)[C@@H](C)[C@@H]4CC[C@@]32C)/C1=C(\CCC=C(C)C)C(=O)O
IFKLAQQSCNILHL-QHAWAJNXSA-N,butorphanol,Oc1ccc2c(c1)[C@@]13CCCC[C@@]1(O)[C@@H](C2)N(CC1CCC1)CC3
ILKJAFIWWBXGDU-MOGDOJJUSA-N,amcinonide,CC(=O)OCC(=O)[C@@]12OC3(CCCC3)O[C@@H]1C[C@H]1[C@@H]3CCC4=CC(=O)C=C[C@]4(C)[C@@]3(F)[C@@H](O)C[C@@]12C
IMSSROKUHAOUJS-MJCUULBUSA-N,mestranol,C#C[C@]1(O)CC[C@H]2[C@@H]3CCc4cc(OC)ccc4[C@H]3CC[C@@]21C
IMWZZHHPURKASS-UHFFFAOYSA-N,metaxalone,Cc1cc(C)cc(OCC2CNC(=O)O2)c1
IPEHBUMCGVEMRF-UHFFFAOYSA-N,pyrazinamide,NC(=O)c1cnccn1
IPOBOOXFSRWSHL-UHFFFAOYSA-N,cibenzoline,c1ccc(C2(c3ccccc3)CC2C2=NCCN2)cc1
IPVQLZZIHOAWMC-QXKUPLGCSA-N,perindopril,CCC[C@H](N[C@@H](C)C(=O)N1[C@H](C(=O)O)C[C@@H]2CCCC[C@@H]21)C(=O)OCC
IQPSEEYGBUAQFF-UHFFFAOYSA-N,pantoprazole,COc1ccnc(CS(=O)c2nc3ccc(OC(F)F)cc3[nH]2)c1OC
IQVRBWUUXZMOPW-PKNBQFBNSA-N,istradefylline,CCn1c(=O)c2c(nc(/C=C/c3ccc(OC)c(OC)c3)n2C)n(CC)c1=O
IRSCQMHQWWYFCW-UHFFFAOYSA-N,ganciclovir,Nc1nc2c(ncn2COC(CO)CO)c(=O)[nH]1
ISFHAYSTHMVOJR-UHFFFAOYSA-N,phenindamine,CN1CCC2=C(C1)C(c1ccccc1)c1ccccc12
ITRJWOMZKQRYTA-RFZYENFJSA-N,cortisone acetate,CC(=O)OCC(=O)[C@@]1(O)CC[C@H]2[C@@H]3CCC4=CC(=O)CC[C@]4(C)[C@H]3C(=O)C[C@@]21C
IVTVGDXNLFLDRM-HNNXBMFYSA-N,raltitrexed,Cc1nc2ccc(CN(C)c3ccc(C(=O)N[C@@H](CCC(=O)O)C(=O)O)s3)cc2c(=O)[nH]1
IWUCXVSUMQZMFG-AFCXAGJDSA-N,ribavirin,NC(=O)c1ncn([C@@H]2O[C@H](CO)[C@@H](O)[C@H]2O)n1
IWVRVEIKCBFZNF-UHFFFAOYSA-N,pirlindole,Cc1ccc2c(c1)c1c3n2CCNC3CCC1
IYIKLHRQXLHMJQ-UHFFFAOYSA-N,amiodarone,CCCCc1oc2ccccc2c1C(=O)c1cc(I)c(OCCN(CC)CC)c(I)c1
JAPHQRWPEGVNBT-UTUOFQBUSA-N,loracarbef,N[C@@H](C(=O)N[C@@H]1C(=O)N2C(C(=O)O)=C(Cl)CC[C@H]12)c1ccccc1
JAUOIFJMECXRGI-UHFFFAOYSA-N,desloratadine,Clc1ccc2c(c1)CCc1cccnc1C2=C1CCNCC1
JAZBEHYOTPTENJ-JLNKQSITSA-N,eicosapentaenoic acid,CC/C=C\C/C=C\C/C=C\C/C=C\C/C=C\CCCC(=O)O
JBIWCJUYHHGXTC-AKNGSSGZSA-N,doxycycline,C[C@H]1c2cccc(O)c2C(=O)C2=C(O)[C@]3(O)C(=O)C(C(N)=O)=C(O)[C@@H](N(C)C)[C@@H]3[C@@H](O)[C@@H]21
JBMKAUGHUNFTOL-UHFFFAOYSA-N,chlorothiazide,NS(=O)(=O)c1cc2c(cc1Cl)N=CNS2(=O)=O
JCCNYMKQOSZNPW-UHFFFAOYSA-N,loratadine,CCOC(=O)N1CCC(=C2c3ccc(Cl)cc3CCc3cccnc32)CC1
JCLHQFUTFHUXNN-UHFFFAOYSA-N,ethyl biscoumacetate,CCOC(=O)C(c1c(O)c2ccccc2oc1=O)c1c(O)c2ccccc2oc1=O
JCYZMTMYPZHVBF-UHFFFAOYSA-N,melarsoprol,Nc1nc(N)nc(Nc2ccc([As]3SCC(CO)S3)cc2)n1
JEECQCWWSTZDCK-IQZGDKDPSA-N,omadacycline,CN(C)c1cc(CNCC(C)(C)C)c(O)c2c1C[C@H]1C[C@H]3[C@H](N(C)C)C(O)=C(C(N)=O)C(=O)[C@@]3(O)C(O)=C1C2=O
JENBDJGHNIOHAJ-UHFFFAOYSA-N,tinazoline,c1ccc2c(SC3=NCCN3)c[nH]c2c1
JFJZZMVDLULRGK-URLMMPGGSA-O,tubocurarine,COc1cc2c3cc1Oc1cc(ccc1O)C[C@@H]1c4c(cc(OC)c(O)c4Oc4ccc(cc4)C[C@@H]3N(C)CC2)CC[N+]1(C)C
JGMOKGBVKVMRFX-HQZYFCCVSA-N,dydrogesterone,CC(=O)[C@H]1CC[C@H]2[C@@H]3C=CC4=CC(=O)CC[C@@]4(C)[C@@H]3CC[C@]12C
JICJBGPOMZQUBB-UHFFFAOYSA-N,tianeptine,CN1c2ccccc2C(NCCCCCCC(=O)O)c2ccc(Cl)cc2S1(=O)=O
JIVPVXMEBJLZRO-UHFFFAOYSA-N,chlortalidone,NS(=O)(=O)c1cc(C2(O)NC(=O)c3ccccc32)ccc1Cl
JJCFRYNCJDLXIK-UHFFFAOYSA-N,cyproheptadine,CN1CCC(=C2c3ccccc3C=Cc3ccccc32)CC1
JKOQGQFVAUAYPM-UHFFFAOYSA-N,amifostine,NCCCNCCSP(=O)(O)O
JLGKQTAYUIMGRK-UHFFFAOYSA-N,sertaconazole,Clc1ccc(C(Cn2ccnc2)OCc2csc3c(Cl)cccc23)c(Cl)c1
JLICHNCFTLFZJN-UHFFFAOYSA-N,meptazinol,CCC1(c2cccc(O)c2)CCCCN(C)C1
JLPDBLFIVFSOCC-XYXFTTADSA-N,oleandrin,CO[C@H]1C[C@H](O[C@H]2CC[C@@]3(C)[C@H](CC[C@@H]4[C@@H]3CC[C@]3(C)[C@@H](C5=CC(=O)OC5)[C@@H](OC(C)=O)C[C@]43O)C2)O[C@@H](C)[C@@H]1O
JMBQKKAJIKAWKF-UHFFFAOYSA-N,glutethimide,CCC1(c2ccccc2)CCC(=O)NC1=O
JNTOCHDNEULJHD-UHFFFAOYSA-N,penciclovir,Nc1nc(=O)c2ncn(CCC(CO)CO)c2[nH]1
JOAHPSVPXZTVEP-YXJHDRRASA-N,terguride,CCN(CC)C(=O)N[C@H]1C[C@@H]2c3cccc4[nH]cc(c34)C[C@H]2N(C)C1
JOFWLTCLBGQGBO-UHFFFAOYSA-N,triazolam,Cc1nnc2n1-c1ccc(Cl)cc1C(c1ccccc1Cl)=NC2
JOMHSQGEWSNUKU-UHFFFAOYSA-N,pipotiazine,CN(C)S(=O)(=O)c1ccc2c(c1)N(CCCN1CCC(CCO)CC1)c1ccccc1S2
JOOXLOJCABQBSG-UHFFFAOYSA-N,fedratinib,Cc1cnc(Nc2ccc(OCCN3CCCC3)cc2)nc1Nc1cccc(S(=O)(=O)NC(C)(C)C)c1
JPAWFIIYTJQOKW-UHFFFAOYSA-N,olprinone,Cc1[nH]c(=O)c(C#N)cc1-c1ccc2nccn2c1
JQSAYKKFZOSZGJ-UHFFFAOYSA-N,lomerizine,COc1ccc(CN2CCN(C(c3ccc(F)cc3)c3ccc(F)cc3)CC2)c(OC)c1OC
JQSHBVHOMNKWFT-DTORHVGOSA-N,varenicline,c1cnc2cc3c(cc2n1)[C@@H]1CNC[C@H]3C1
JSDRRTOADPPCHY-HSQYWUDLSA-N,quinapril,CCOC(=O)[C@H](CCc1ccccc1)N[C@@H](C)C(=O)N1Cc2ccccc2C[C@H]1C(=O)O
JSDXOWVAHXDYCU-VXSYNFHWSA-N,cefminox,CO[C@@]1(NC(=O)CSC[C@@H](N)C(=O)O)C(=O)N2C(C(=O)O)=C(CSc3nnnn3C)CS[C@@H]21
JSZILQVIPPROJI-UHFFFAOYSA-N,benzquinamide,CCN(CC)C(=O)C1CN2CCc3cc(OC)c(OC)cc3C2CC1OC(C)=O
JTLXCMOFVBXEKD-FOWTUZBSSA-N,fursultiamine,C/C(=C(/CCO)SSCC1CCCO1)N(C=O)Cc1cnc(C)nc1N
JTWOMNBEOCYFNV-NFFDBFGFSA-N,azlocillin,CC1(C)S[C@@H]2[C@H](NC(=O)[C@H](NC(=O)N3CCNC3=O)c3ccccc3)C(=O)N2[C@H]1C(=O)O
JURKNVYFZMSNLP-UHFFFAOYSA-N,cyclobenzaprine,CN(C)CCC=C1c2ccccc2C=Cc2ccccc21
JUZNIMUFDBIJCM-ANEDZVCMSA-N,ertapenem,C[C@@H](O)[C@H]1C(=O)N2C(C(=O)O)=C(S[C@@H]3CN[C@H](C(=O)Nc4cccc(C(=O)O)c4)C3)[C@H](C)[C@H]12
JVHXJTBJCFBINQ-ADAARDCZSA-N,dapagliflozin,CCOc1ccc(Cc2cc([C@@H]3O[C@H](CO)[C@@H](O)[C@H](O)[C@H]3O)ccc2Cl)cc1
JWCSIUVGFCSJCK-CAVRMKNVSA-N,latamoxef,CO[C@@]1(NC(=O)C(C(=O)O)c2ccc(O)cc2)C(=O)N2C(C(=O)O)=C(CSc3nnnn3C)CO[C@@H]21
JWHAUXFOSRPERK-UHFFFAOYSA-N,propafenone,CCCNCC(O)COc1ccccc1C(=O)CCc1ccccc1
JWNPDZNEKVCWMY-VQHVLOKHSA-N,neratinib,CCOc1cc2ncc(C#N)c(Nc3ccc(OCc4ccccn4)c(Cl)c3)c2cc1NC(=O)/C=C/CN(C)C
JWPGJSVJDAJRLW-UHFFFAOYSA-N,debrisoquine,N=C(N)N1CCc2ccccc2C1
JYGLAHSAISAEAL-UHFFFAOYSA-N,diphenadione,O=C1c2ccccc2C(=O)C1C(=O)C(c1ccccc1)c1ccccc1
JYGXADMDTFJGBT-VWUMJDOOSA-N,hydrocortisone,C[C@]12CCC(=O)C=C1CC[C@@H]1[C@@H]2[C@@H](O)C[C@@]2(C)[C@H]1CC[C@]2(O)C(=O)CO
JYJTVFIEFKZWCJ-UHFFFAOYSA-N,nadifloxacin,CC1CCc2c(N3CCC(O)CC3)c(F)cc3c(=O)c(C(=O)O)cn1c23
JZFPYUNJRRFVQU-UHFFFAOYSA-N,niflumic acid,O=C(O)c1cccnc1Nc1cccc(C(F)(F)F)c1
JZQKKSLKJUAGIC-UHFFFAOYSA-N,pindolol,CC(C)NCC(O)COc1cccc2[nH]ccc12
JZRWCGZRTZMZEH-UHFFFAOYSA-N,thiamine,Cc1ncc(C[n+]2csc(CCO)c2C)c(N)n1
JZUFKLXOESDKRF-UHFFFAOYSA-N,hydrochlorothiazide,NS(=O)(=O)c1cc2c(cc1Cl)NCNS2(=O)=O
KAAZGXDPUNNEFN-UHFFFAOYSA-N,clotiapine,CN1CCN(C2=Nc3ccccc3Sc3ccc(Cl)cc32)CC1
KASDHRXLYQOAKZ-XDSKOBMDSA-N,pimecrolimus,CC[C@@H]1/C=C(\C)C[C@H](C)C[C@H](OC)[C@H]2O[C@@](O)(C(=O)C(=O)N3CCCC[C@H]3C(=O)O[C@H](/C(C)=C/[C@@H]3CC[C@H](Cl)[C@H](OC)C3)[C@H](C)[C@@H](O)CC1=O)[C@H](C)C[C@@H]2OC
KBAFPSLPKGSANY-UHFFFAOYSA-N,naftidrofuryl,CCN(CC)CCOC(=O)C(Cc1cccc2ccccc12)CC1CCCO1
KBZOIRJILGZLEJ-LGYYRGKSSA-N,vasopressin,N=C(N)NCCC[C@H](NC(=O)[C@@H]1CCCN1C(=O)[C@@H]1CSSC[C@H](N)C(=O)N[C@@H](Cc2ccc(O)cc2)C(=O)N[C@@H](Cc2ccccc2)C(=O)N[C@@H](CCC(N)=O)C(=O)N[C@@H](CC(N)=O)C(=O)N1)C(=O)NCC(N)=O
KCXVZYZYPLLWCC-UHFFFAOYSA-N,edetic acid,O=C(O)CN(CCN(CC(=O)O)CC(=O)O)CC(=O)O
KDGFLJKFZUIJMX-UHFFFAOYSA-N,alectinib,CCc1cc2c(cc1N1CCC(N3CCOCC3)CC1)C(C)(C)c1[nH]c3cc(C#N)ccc3c1C2=O
KDYFGRWQOYBRFD-UHFFFAOYSA-N,succinic acid,O=C(O)CCC(=O)O
KEJCWVGMRLCZQQ-YJBYXUATSA-N,cefuroxime axetil,CO/N=C(\C(=O)N[C@@H]1C(=O)N2C(C(=O)OC(C)OC(C)=O)=C(COC(N)=O)CS[C@H]12)c1ccco1
KGFYHTZWPPHNLQ-AWEZNQCLSA-N,rivaroxaban,O=C(NC[C@H]1CN(c2ccc(N3CCOCC3=O)cc2)C(=O)O1)c1ccc(Cl)s1
KHPKQFYUPIUARC-UHFFFAOYSA-N,lumiracoxib,Cc1ccc(Nc2c(F)cccc2Cl)c(CC(=O)O)c1
KJADKKWYZYXHBB-XBWDGYHZSA-N,topiramate,CC1(C)O[C@@H]2[C@@H](CO[C@@]3(COS(N)(=O)=O)OC(C)(C)O[C@@H]23)O1
KJHKTHWMRKYKJE-SUGCFTRWSA-N,lopinavir,Cc1cccc(C)c1OCC(=O)N[C@@H](Cc1ccccc1)[C@@H](O)C[C@H](Cc1ccccc1)NC(=O)[C@H](C(C)C)N1CCCNC1=O
KJONHKAYOJNZEC-UHFFFAOYSA-N,nitrazepam,O=C1CN=C(c2ccccc2)c2cc([N+](=O)[O-])ccc2N1
KKZJGLLVHKMTCM-UHFFFAOYSA-N,mitoxantrone,O=C1c2c(O)ccc(O)c2C(=O)c2c(NCCNCCO)ccc(NCCNCCO)c21
KLBQZWRITKRQQV-UHFFFAOYSA-N,thioridazine,CSc1ccc2c(c1)N(CCC1CCCCN1C)c1ccccc1S2
KLPWJLBORRMFGK-UHFFFAOYSA-N,molindone,CCc1c(C)[nH]c2c1C(=O)C(CN1CCOCC1)CC2
KLZWOWYOHUKJIG-BPUTZDHNSA-N,imidapril,CCOC(=O)[C@H](CCc1ccccc1)N[C@@H](C)C(=O)N1C(=O)N(C)C[C@H]1C(=O)O
KMZQAVXSMUKBPD-DJWKRKHSSA-N,lafutidine,O=C(CS(=O)Cc1ccco1)NC/C=C\COc1cc(CN2CCCCC2)ccn1
KNAHARQHSZJURB-UHFFFAOYSA-N,propylthiouracil,CCCc1cc(=O)[nH]c(=S)[nH]1
KORNTPPJEAJQIU-KJXAQDMKSA-N,cabergoline,C=CCN1C[C@H](C(=O)N(CCCN(C)C)C(=O)NCC)C[C@@H]2c3cccc4[nH]cc(c34)C[C@H]21
KPSRODZRAIWAKH-UHFFFAOYSA-N,ciprofibrate,CC(C)(Oc1ccc(C2CC2(Cl)Cl)cc1)C(=O)O
KPWSJANDNDDRMB-QAQDUYKDSA-N,cariprazine,CN(C)C(=O)N[C@H]1CC[C@H](CCN2CCN(c3cccc(Cl)c3Cl)CC2)CC1
KQKPFRSPSRPDEB-UHFFFAOYSA-N,sumatriptan,CNS(=O)(=O)Cc1ccc2[nH]cc(CCN(C)C)c2c1
KRKNYBCHXYNGOX-UHFFFAOYSA-N,citric acid,O=C(O)CC(O)(CC(=O)O)C(=O)O
KSCFJBIXMNOVSH-UHFFFAOYSA-N,diprophylline,Cn1c(=O)c2c(ncn2CC(O)CO)n(C)c1=O
KSGXQBZTULBEEQ-UHFFFAOYSA-N,dabigatran etexilate,CCCCCCOC(=O)NC(=N)c1ccc(NCc2nc3cc(C(=O)N(CCC(=O)OCC)c4ccccn4)ccc3n2C)cc1
KUCQYCKVKVOKAY-CTYIDZIISA-N,atovaquone,O=C1C(O)=C([C@H]2CC[C@H](c3ccc(Cl)cc3)CC2)C(=O)c2ccccc21
KVWDHTXUZHCGIO-UHFFFAOYSA-N,olanzapine,Cc1cc2c(s1)Nc1ccccc1N=C2N1CCN(C)CC1
KXGCNMMJRFDFNR-WDRJZQOASA-N,linaclotide,C[C@@H]1NC(=O)[C@@H]2CCCN2C(=O)[C@H](CC(N)=O)NC(=O)[C@@H]2CSSC[C@H](N)C(=O)N[C@H]3CSSC[C@H](NC1=O)C(=O)N[C@@H]([C@@H](C)O)C(=O)NCC(=O)N[C@H](C(=O)N[C@@H](Cc1ccc(O)cc1)C(=O)O)CSSC[C@H](NC(=O)[C@H](Cc1ccc(O)cc1)NC(=O)[C@H](CCC(=O)O)NC3=O)C(=O)N2
KYGZCKSPAKDVKC-UHFFFAOYSA-N,oxolinic acid,CCn1cc(C(=O)O)c(=O)c2cc3c(cc21)OCO3
KYHFRCPLIGODFH-UHFFFAOYSA-N,rilmazafone,CN(C)C(=O)c1nc(CNC(=O)CN)n(-c2ccc(Cl)cc2C(=O)c2ccccc2Cl)n1
KYHQZNGJUGFTGR-UHFFFAOYSA-N,proxyphylline,CC(O)Cn1cnc2c1c(=O)n(C)c(=O)n2C
LBHLFPGPEGDCJG-UHFFFAOYSA-N,tafenoquine,COc1cc(C)c2c(Oc3cccc(C(F)(F)F)c3)c(OC)cc(NC(C)CCCN)c2n1
LBXHRAWDUMTPSE-AOOOYVTPSA-N,clopamide,C[C@@H]1CCC[C@H](C)N1NC(=O)c1ccc(Cl)c(S(N)(=O)=O)c1
LDCRTTXIJACKKU-ONEGZZNKSA-N,dimethyl fumarate,COC(=O)/C=C/C(=O)OC
LDMWSLGGVTVJPG-UHFFFAOYSA-N,minaprine,Cc1cc(-c2ccccc2)nnc1NCCN1CCOCC1
LDXDSHIEDAPSSA-OAHLLOKOSA-N,ramatroban,O=C(O)CCn1c2c(c3ccccc31)C[C@H](NS(=O)(=O)c1ccc(F)cc1)CC2
LDXSPUSKBDTEKA-UHFFFAOYSA-N,morniflumate,O=C(OCCN1CCOCC1)c1cccnc1Nc1cccc(C(F)(F)F)c1
LEZWWPYKPKIXLL-UHFFFAOYSA-N,econazole,Clc1ccc(COC(Cn2ccnc2)c2ccc(Cl)cc2Cl)cc1
LGLFFNDHMLKUMI-UHFFFAOYSA-N,gentian violet,CN(C)c1ccc(C(=C2C=CC(=[N+](C)C)C=C2)c2ccc(N(C)C)cc2)cc1
LJVAJPDWBABPEJ-PNUFFHFMSA-N,telithromycin,CC[C@H]1OC(=O)[C@H](C)C(=O)[C@H](C)[C@@H](O[C@@H]2O[C@H](C)C[C@H](N(C)C)[C@H]2O)[C@](C)(OC)C[C@@H](C)C(=O)[C@H](C)[C@H]2N(CCCCn3cnc(-c4cccnc4)c3)C(=O)O[C@]12C
LKCWBDHBTVXHDL-RMDFUYIESA-N,amikacin,NCC[C@H](O)C(=O)N[C@@H]1C[C@H](N)[C@@H](O[C@H]2O[C@H](CN)[C@@H](O)[C@H](O)[C@H]2O)[C@H](O)[C@H]1O[C@H]1O[C@H](CO)[C@@H](O)[C@H](N)[C@H]1O
LKDRXBCSQODPBY-VRPWFDPXSA-N,fructose,OCC1(O)OC[C@@H](O)[C@@H](O)[C@@H]1O
LKJPYSCBVHEWIU-UHFFFAOYSA-N,bicalutamide,CC(O)(CS(=O)(=O)c1ccc(F)cc1)C(=O)Nc1ccc(C#N)c(C(F)(F)F)c1
LMBWSYZSUOEYSN-UHFFFAOYSA-N,ditiocarb,CCN(CC)C(=S)S
LMEKQMALGUDUQG-UHFFFAOYSA-N,azathioprine,Cn1cnc([N+](=O)[O-])c1Sc1ncnc2nc[nH]c12
LMJSLTNSBFUCMU-UHFFFAOYSA-N,trichlormethiazide,NS(=O)(=O)c1cc2c(cc1Cl)NC(C(Cl)Cl)NS2(=O)=O
LNEPOXFFQSENCJ-UHFFFAOYSA-N,haloperidol,O=C(CCCN1CCC(O)(c2ccc(Cl)cc2)CC1)c1ccc(F)cc1
LNPDTQAFDNKSHK-UHFFFAOYSA-N,valdecoxib,Cc1onc(-c2ccccc2)c1-c1ccc(S(N)(=O)=O)cc1
LORDFXWUHHSAQU-UHFFFAOYSA-N,trimebutine,CCC(COC(=O)c1cc(OC)c(OC)c(OC)c1)(c1ccccc1)N(C)C
LOVMMUBRQUFEAH-UIEAZXIASA-N,latanoprostene bunod,O=C(CCC/C=C\C[C@@H]1[C@@H](CC[C@@H](O)CCc2ccccc2)[C@H](O)C[C@@H]1O)OCCCCO[N+](=O)[O-]
LPEPZBJOKDYZAD-UHFFFAOYSA-N,flufenamic acid,O=C(O)c1ccccc1Nc1cccc(C(F)(F)F)c1
LQBVNQSMGBZMKD-UHFFFAOYSA-N,venetoclax,CC1(C)CCC(CN2CCN(c3ccc(C(=O)NS(=O)(=O)c4ccc(NCC5CCOCC5)c([N+](=O)[O-])c4)c(Oc4cnc5[nH]ccc5c4)c3)CC2)=C(c2ccc(Cl)cc2)C1
LQCLVBQBTUVCEQ-QTFUVMRISA-N,troleandomycin,CO[C@H]1C[C@H](O[C@H]2[C@H](C)[C@@H](O[C@@H]3O[C@H](C)C[C@H](N(C)C)[C@H]3OC(C)=O)[C@@H](C)C[C@@]3(CO3)C(=O)[C@H](C)[C@@H](OC(C)=O)[C@@H](C)[C@@H](C)OC(=O)[C@@H]2C)O[C@@H](C)[C@@H]1OC(C)=O
LREQLEBVOXIEOM-UHFFFAOYSA-N,heptaminol,CC(N)CCCC(C)(C)O
LSLYOANBFKQKPT-UHFFFAOYSA-N,fenoterol,CC(Cc1ccc(O)cc1)NCC(O)c1cc(O)cc(O)c1
LTINZAODLRIQIX-FBXRGJNPSA-N,cefpodoxime proxetil,COCC1=C(C(=O)OC(C)OC(=O)OC(C)C)N2C(=O)[C@@H](NC(=O)/C(=N\OC)c3csc(N)n3)[C@H]2SC1
LTMHDMANZUZIPE-PUGKRICDSA-N,digoxin,C[C@H]1O[C@@H](O[C@H]2[C@@H](O)C[C@H](O[C@H]3[C@@H](O)C[C@H](O[C@H]4CC[C@@]5(C)[C@H](CC[C@@H]6[C@@H]5C[C@@H](O)[C@]5(C)[C@@H](C7=CC(=O)OC7)CC[C@]65O)C4)O[C@@H]3C)O[C@@H]2C)C[C@H](O)[C@@H]1O
LTXREWYXXSTFRX-QGZVFWFLSA-N,linagliptin,CC#CCn1c(N2CCC[C@@H](N)C2)nc2c1c(=O)n(Cc1nc(C)c3ccccc3n1)c(=O)n2C
LUALIOATIOESLM-UHFFFAOYSA-N,periciazine,N#Cc1ccc2c(c1)N(CCCN1CCC(O)CC1)c1ccccc1S2
LUZRJRNZXALNLM-JGRZULCMSA-N,dihydroergotamine,CN1C[C@H](C(=O)N[C@]2(C)O[C@@]3(O)[C@@H]4CCCN4C(=O)[C@H](Cc4ccccc4)N3C2=O)C[C@@H]2c3cccc4[nH]cc(c34)C[C@H]21
LWQQLNNNIPYSNX-UROSTWAQSA-N,calcipotriene,C=C1/C(=C\C=C2/CCC[C@]3(C)[C@@H]([C@H](C)/C=C/[C@@H](O)C4CC4)CC[C@@H]23)C[C@@H](O)C[C@@H]1O
LZFZMUMEGBBDTC-QEJZJMRPSA-N,enalaprilat,C[C@H](N[C@@H](CCc1ccccc1)C(=O)O)C(=O)N1CCC[C@H]1C(=O)O
LZNWYQJJBLGYLT-UHFFFAOYSA-N,tenoxicam,CN1C(C(=O)Nc2ccccn2)=C(O)c2sccc2S1(=O)=O
MADRVGBADLFHMO-UHFFFAOYSA-N,indeloxazine,C1=Cc2cccc(OCC3CNCCO3)c2C1
MAEIEVLCKWDQJH-UHFFFAOYSA-N,bumetanide,CCCCNc1cc(C(=O)O)cc(S(N)(=O)=O)c1Oc1ccccc1
MBGGBVCUIVRRBF-UHFFFAOYSA-N,sulfinpyrazone,O=C1C(CCS(=O)c2ccccc2)C(=O)N(c2ccccc2)N1c1ccccc1
MBUVEWMHONZEQD-UHFFFAOYSA-N,azelastine,CN1CCCC(n2nc(Cc3ccc(Cl)cc3)c3ccccc3c2=O)CC1
MCGSCOLBFJQGHM-SCZZXKLOSA-N,abacavir,Nc1nc(NC2CC2)c2ncn([C@H]3C=C[C@@H](CO)C3)c2n1
MDJFHRLTPRPZLY-UHFFFAOYSA-N,nimorazole,O=[N+]([O-])c1cncn1CCN1CCOCC1
MDKGKXOCJGEUJW-UHFFFAOYSA-N,suprofen,CC(C(=O)O)c1ccc(C(=O)c2cccs2)cc1
MDSQOJYHHZBZKA-GBXCKJPGSA-N,telotristat ethyl,CCOC(=O)[C@@H](N)Cc1ccc(-c2cc(O[C@H](c3ccc(Cl)cc3-n3ccc(C)n3)C(F)(F)F)nc(N)n2)cc1
MECHNRXZTMCUDQ-RKHKHRCZSA-N,ergocalciferol,C=C1CC[C@H](O)C/C1=C/C=C1\CCC[C@]2(C)[C@@H]([C@H](C)/C=C/[C@H](C)C(C)C)CC[C@@H]12
MEZZCSHVIGVWFI-UHFFFAOYSA-N,dioxybenzone,COc1ccc(C(=O)c2ccccc2O)c(O)c1
MFFMDFFZMYYVKS-SECBINFHSA-N,sitagliptin,N[C@@H](CC(=O)N1CCn2c(nnc2C(F)(F)F)C1)Cc1cc(F)c(F)cc1F
MFZWMTSUNYWVBU-UHFFFAOYSA-N,hycanthone,CCN(CC)CCNc1ccc(CO)c2sc3ccccc3c(=O)c12
MHIGBKBJSQVXNH-IWVLMIASSA-N,metacycline,C=C1c2cccc(O)c2C(=O)C2=C(O)[C@]3(O)C(=O)C(C(N)=O)=C(O)[C@@H](N(C)C)[C@@H]3[C@@H](O)[C@H]12
MHWLWQUZZRMNGJ-UHFFFAOYSA-N,nalidixic acid,CCn1cc(C(=O)O)c(=O)c2ccc(C)nc21
MIQPIUSUKVNLNT-UHFFFAOYSA-N,tolcapone,Cc1ccc(C(=O)c2cc(O)c(O)c([N+](=O)[O-])c2)cc1
MJIHNNLFOKEZEW-UHFFFAOYSA-N,lansoprazole,Cc1c(OCC(F)(F)F)ccnc1CS(=O)c1nc2ccccc2[nH]1
MKUXAQIIEYXACX-UHFFFAOYSA-N,aciclovir,Nc1nc2c(ncn2COCCO)c(=O)[nH]1
MLDQJTXFUGDVEO-UHFFFAOYSA-N,sorafenib,CNC(=O)c1cc(Oc2ccc(NC(=O)Nc3ccc(Cl)c(C(F)(F)F)c3)cc2)ccn1
MLYYVTUWGNIJIB-BXKDBHETSA-N,cefazolin,Cc1nnc(SCC2=C(C(=O)O)N3C(=O)[C@@H](NC(=O)Cn4cnnn4)[C@H]3SC2)s1
MNDBXUUTURYVHR-UHFFFAOYSA-N,roflumilast,O=C(Nc1c(Cl)cncc1Cl)c1ccc(OC(F)F)c(OCC2CC2)c1
MNIPYSSQXLZQLJ-UHFFFAOYSA-N,aceclofenac,O=C(O)COC(=O)Cc1ccccc1Nc1c(Cl)cccc1Cl
MNJVRJDLRVPLFE-UHFFFAOYSA-N,etoricoxib,Cc1ccc(-c2ncc(Cl)cc2-c2ccc(S(C)(=O)=O)cc2)cn1
MOYGZHXDRJNJEP-UHFFFAOYSA-N,buclizine,CC(C)(C)c1ccc(CN2CCN(C(c3ccccc3)c3ccc(Cl)cc3)CC2)cc1
MQOBSOSZFYZQOK-UHFFFAOYSA-N,fenofibric acid,CC(C)(Oc1ccc(C(=O)c2ccc(Cl)cc2)cc1)C(=O)O
MQQNFDZXWVTQEH-UHFFFAOYSA-N,nafamostat,N=C(N)Nc1ccc(C(=O)Oc2ccc3cc(C(=N)N)ccc3c2)cc1
MQTOSJVFKKJCRP-BICOPXKESA-N,azithromycin,CC[C@H]1OC(=O)[C@H](C)[C@@H](O[C@H]2C[C@@](C)(OC)[C@@H](O)[C@H](C)O2)[C@H](C)[C@@H](O[C@@H]2O[C@H](C)C[C@H](N(C)C)[C@H]2O)[C@](C)(O)C[C@@H](C)CN(C)[C@H](C)[C@@H](O)[C@]1(C)O
MRBDMNSDAVCSSF-UHFFFAOYSA-N,phentolamine,Cc1ccc(N(CC2=NCCN2)c2cccc(O)c2)cc1
MSPRUJDUTKRMLM-UHFFFAOYSA-N,caroverine,CCN(CC)CCn1c(=O)c(Cc2ccc(OC)cc2)nc2ccccc21
MTCFGRXMJLQNBG-REOHCLBHSA-N,serine,N[C@@H](CO)C(=O)O
MTCUAOILFDZKCO-UHFFFAOYSA-N,decamethonium,C[N+](C)(C)CCCCCCCCCC[N+](C)(C)C
MTZBBNMLMNBNJL-UHFFFAOYSA-N,xipamide,Cc1cccc(C)c1NC(=O)c1cc(S(N)(=O)=O)c(Cl)cc1O
MUMGGOZAMZWBJJ-DYKIIFRCSA-N,testosterone,C[C@]12CC[C@H]3[C@@H](CCC4=CC(=O)CC[C@@]43C)[C@@H]1CC[C@@H]2O
MWLSOWXNZPKENC-UHFFFAOYSA-N,zileuton,CC(c1cc2ccccc2s1)N(O)C(N)=O
MYSWGUAQZAJSOK-UHFFFAOYSA-N,ciprofloxacin,O=C(O)c1cn(C2CC2)c2cc(N3CCNCC3)c(F)cc2c1=O
NCDNCNXCDXHOMX-XGKFQTDJSA-N,ritonavir,CC(C)c1nc(CN(C)C(=O)N[C@H](C(=O)N[C@@H](Cc2ccccc2)C[C@H](O)[C@H](Cc2ccccc2)NC(=O)OCc2cncs2)C(C)C)cs1
NCLGDOBQAWBXRA-PGRDOPGGSA-N,telotristat,Cc1ccn(-c2cc(Cl)ccc2[C@@H](Oc2cc(-c3ccc(C[C@H](N)C(=O)O)cc3)nc(N)n2)C(F)(F)F)n1
NDCUAPJVLWFHHB-UHNVWZDZSA-N,avibactam,NC(=O)[C@@H]1CC[C@@H]2CN1C(=O)N2OS(=O)(=O)O
NEYNJQRKHLUJRU-DZUOILHNSA-N,pentagastrin,CSCC[C@H](NC(=O)[C@H](Cc1c[nH]c2ccccc12)NC(=O)CCNC(=O)OC(C)(C)C)C(=O)N[C@@H](CC(=O)O)C(=O)N[C@@H](Cc1ccccc1)C(N)=O
NFLWUMRGJYTJIN-PNIOQBSNSA-N,desmopressin,N=C(N)NCCC[C@@H](NC(=O)[C@@H]1CCCN1C(=O)[C@@H]1CSSCCC(=O)N[C@@H](Cc2ccc(O)cc2)C(=O)N[C@@H](Cc2ccccc2)C(=O)N[C@@H](CCC(N)=O)C(=O)N[C@@H](CC(N)=O)C(=O)N1)C(=O)NCC(N)=O
NGOGFTYYXHNFQH-UHFFFAOYSA-N,fasudil,O=S(=O)(c1cccc2cnccc12)N1CCCNCC1
NHUHCSRWZMLRLA-UHFFFAOYSA-N,sulfafurazole,Cc1noc(NS(=O)(=O)c2ccc(N)cc2)c1C
NIJJYAXOARWZEE-UHFFFAOYSA-N,valproic acid,CCCC(CCC)C(=O)O
NJCJBUHJQLFDSW-UHFFFAOYSA-N,rufloxacin,CN1CCN(c2c(F)cc3c(=O)c(C(=O)O)cn4c3c2SCC4)CC1
NMKSAYKQLCHXDK-UHFFFAOYSA-N,fendiline,CC(NCCC(c1ccccc1)c1ccccc1)c1ccccc1
NMTBSNPBIGRZBL-UHFFFAOYSA-N,nitrefazole,Cc1nc([N+](=O)[O-])cn1-c1ccc([N+](=O)[O-])cc1
NMUSYJAQQFHJEW-KVTDHHQDSA-N,azacitidine,Nc1ncn([C@@H]2O[C@H](CO)[C@@H](O)[C@H]2O)c(=O)n1
NOIIUHRQUVNIDD-UHFFFAOYSA-N,nialamide,O=C(CCNNC(=O)c1ccncc1)NCc1ccccc1
NOOLISFMXDJSKH-KXUCPTDWSA-N,levomenthol,CC(C)[C@@H]1CC[C@@H](C)C[C@H]1O
NOSIYYJFMPDDSA-UHFFFAOYSA-N,acepromazine,CC(=O)c1ccc2c(c1)N(CCCN(C)C)c1ccccc1S2
NOYPYLRCIDNJJB-UHFFFAOYSA-N,trimetrexate,COc1cc(NCc2ccc3nc(N)nc(N)c3c2C)cc(OC)c1OC
NOZIJMHMKORZBA-KJCUYJGMSA-N,lusutrombopag,CCCCCCO[C@@H](C)c1cccc(-c2csc(NC(=O)c3cc(Cl)c(/C=C(\C)C(=O)O)c(Cl)c3)n2)c1OC
NPOAOTPXWNWTSH-UHFFFAOYSA-N,meglutol,CC(O)(CC(=O)O)CC(=O)O
NPPQSCRMBWNHMW-UHFFFAOYSA-N,meprobamate,CCCC(C)(COC(N)=O)COC(N)=O
NPUKDXXFDDZOKR-LLVKDONJSA-N,etomidate,CCOC(=O)c1cncn1[C@H](C)c1ccccc1
NQHNLNLJPDMBFN-UHFFFAOYSA-O,otilonium bromide,CCCCCCCCOc1ccccc1C(=O)Nc1ccc(C(=O)OCC[N+](C)(CC)CC)cc1
NSQSAUGJQHDYNO-UHFFFAOYSA-N,tazemetostat,CCN(c1cc(-c2ccc(CN3CCOCC3)cc2)cc(C(=O)NCc2c(C)cc(C)[nH]c2=O)c1C)C1CCOCC1
NUZWLKWWNNJHPT-UHFFFAOYSA-N,dithranol,O=C1c2c(O)cccc2Cc2cccc(O)c21
NVKAWKQGWWIWPM-ABEVXSGRSA-N,androstanolone,C[C@]12CCC(=O)C[C@@H]1CC[C@@H]1[C@@H]2CC[C@]2(C)[C@@H](O)CC[C@@H]12
NXFFJDQHYLNEJK-CYBMUJFWSA-N,laropiprant,CS(=O)(=O)c1cc(F)cc2c3c(n(Cc4ccc(Cl)cc4)c12)[C@@H](CC(=O)O)CC3
NXWGWUVGUSFQJC-UHFFFAOYSA-N,mepindolol,Cc1cc2c(OCC(O)CNC(C)C)cccc2[nH]1
NZHGWWWHIYHZNX-CSKARUKUSA-N,tranilast,COc1ccc(/C=C/C(=O)Nc2ccccc2C(=O)O)cc1OC
NZUPCNDJBJXXRF-UHFFFAOYSA-O,bethanechol,CC(C[N+](C)(C)C)OC(N)=O
NZWOPGCLSHLLPA-UHFFFAOYSA-N,methacholine,CC(=O)OC(C)C[N+](C)(C)C
OAIJSZIZWZSQBC-GYZMGTAESA-N,lycopene,CC(C)=CCC/C(C)=C/C=C/C(C)=C/C=C/C(C)=C/C=C/C=C(C)/C=C/C=C(C)/C=C/C=C(\C)CCC=C(C)C
OCJYIGYOJCODJL-UHFFFAOYSA-N,meclozine,Cc1cccc(CN2CCN(C(c3ccccc3)c3ccc(Cl)cc3)CC2)c1
OCOKWVBYZHBHLU-UHFFFAOYSA-N,sobuzoxane,CC(C)COC(=O)OCN1C(=O)CN(CCN2CC(=O)N(COC(=O)OCC(C)C)C(=O)C2)CC1=O
ODKNJVUHOIMIIZ-RRKCRQDMSA-N,floxuridine,O=c1[nH]c(=O)n([C@H]2C[C@H](O)[C@@H](CO)O2)cc1F
ODKSFYDXXFIFQN-BYPYZUCNSA-N,arginine hydrochloride,N=C(N)NCCC[C@H](N)C(=O)O
OEBPANQZQGQPHF-UHFFFAOYSA-N,nifekalant,Cn1c(NCCN(CCO)CCCc2ccc([N+](=O)[O-])cc2)cc(=O)n(C)c1=O
OEKWJQXRCDYSHL-FNOIDJSQSA-N,ticagrelor,CCCSc1nc(N[C@@H]2C[C@H]2c2ccc(F)c(F)c2)c2nnn([C@@H]3C[C@H](OCCO)[C@@H](O)[C@H]3O)c2n1
OENHQHLEOONYIE-JLTXGRSLSA-N,betacarotene,CC1=C(/C=C/C(C)=C/C=C/C(C)=C/C=C/C=C(C)/C=C/C=C(C)/C=C/C2=C(C)CCCC2(C)C)C(C)(C)CCC1
OEYIOHPDSNJKLS-UHFFFAOYSA-N,choline,C[N+](C)(C)CCO
OFBIFZUFASYYRE-UHFFFAOYSA-N,flumazenil,CCOC(=O)c1ncn2c1CN(C)C(=O)c1cc(F)ccc1-2
OFCNXPDARWKPPY-UHFFFAOYSA-N,allopurinol,Oc1ncnc2[nH]ncc12
OFPXSFXSNFPTHF-UHFFFAOYSA-N,oxaprozin,O=C(O)CCc1nc(-c2ccccc2)c(-c2ccccc2)o1
OFVLGDICTFRJMM-WESIUVDSSA-N,tetracycline,CN(C)[C@@H]1C(O)=C(C(N)=O)C(=O)[C@@]2(O)C(O)=C3C(=O)c4c(O)cccc4[C@@](C)(O)[C@H]3C[C@@H]12
OFZCIYFFPZCNJE-UHFFFAOYSA-N,carisoprodol,CCCC(C)(COC(N)=O)COC(=O)NC(C)C
OGAKLTJNUQRZJU-UHFFFAOYSA-N,diphenidol,OC(CCCN1CCCCC1)(c1ccccc1)c1ccccc1
OGHNVEJMJSYVRP-UHFFFAOYSA-N,carvedilol,COc1ccccc1OCCNCC(O)COc1cccc2[nH]c3ccccc3c12
OGJPXUAPXNRGGI-UHFFFAOYSA-N,norfloxacin,CCn1cc(C(=O)O)c(=O)c2cc(F)c(N3CCNCC3)cc21
OGQICQVSFDPSEI-UHFFFAOYSA-N,tazarotene,CCOC(=O)c1ccc(C#Cc2ccc3c(c2)C(C)(C)CCS3)nc1
OGSPWJRAVKPPFI-UHFFFAOYSA-N,alendronic acid,NCCCC(O)(P(=O)(O)O)P(=O)(O)O
OHCQJHSOBUTRHG-KGGHGJDLSA-N,colforsin,C=C[C@@]1(C)CC(=O)[C@]2(O)[C@@]3(C)[C@@H](O)CCC(C)(C)[C@@H]3[C@H](O)[C@H](OC(C)=O)[C@@]2(C)O1
OHRURASPPZQGQM-GCCNXGTGSA-N,romidepsin,C/C=C1\NC(=O)[C@H]2CSSCC/C=C/[C@H](CC(=O)N[C@H](C(C)C)C(=O)N2)OC(=O)[C@H](C(C)C)NC1=O
OIPILFWXSMYKGL-UHFFFAOYSA-N,acetylcholine,CC(=O)OCC[N+](C)(C)C
OIRDTQYFTABQOQ-KQYNXXCUSA-N,adenosine,Nc1ncnc2c1ncn2[C@@H]1O[C@H](CO)[C@@H](O)[C@H]1O
OJZYRQPMEIEQFC-UAWLTFRCSA-N,limaprost,CCCC[C@H](C)C[C@H](O)/C=C/[C@H]1[C@H](O)CC(=O)[C@@H]1CCCC/C=C/C(=O)O
OKPNYGAWTYOBFZ-UHFFFAOYSA-N,pirenoxine,O=C(O)c1cc(O)c2c3nc4ccccc4oc-3cc(=O)c2n1
OLAHOMJCDNXHFI-UHFFFAOYSA-N,erdafitinib,COc1cc(OC)cc(N(CCNC(C)C)c2ccc3ncc(-c4cnn(C)c4)nc3c2)c1
OLVCFLKTBJRLHI-AXAPSJFSSA-N,cefamandole,Cn1nnnc1SCC1=C(C(=O)O)N2C(=O)[C@@H](NC(=O)[C@H](O)c3ccccc3)[C@H]2SC1
ONIQOQHATWINJY-UHFFFAOYSA-N,cabozantinib,COc1cc2nccc(Oc3ccc(NC(=O)C4(C(=O)Nc5ccc(F)cc5)CC4)cc3)c2cc1OC
ONNOFKFOZAJDHT-UHFFFAOYSA-N,amineptine,O=C(O)CCCCCCNC1c2ccccc2CCc2ccccc21
OOBHFESNSZDWIU-UHFFFAOYSA-N,phenmetrazine,CC1NCCOC1c1ccccc1
OOLLAFOLCSJHRE-ZHAKMVSLSA-N,ulipristal,CC(=O)O[C@]1(C(C)=O)CC[C@H]2[C@@H]3CCC4=CC(=O)CCC4=C3[C@@H](c3ccc(N(C)C)cc3)C[C@@]21C
OROGSEYTTFOCAN-DNJOTXNNSA-N,codeine,COc1ccc2c3c1O[C@H]1[C@@H](O)C=C[C@H]4[C@@H](C2)N(C)CC[C@@]341
OSASVXMJTNOKOY-UHFFFAOYSA-N,chlorobutanol,CC(C)(O)C(Cl)(Cl)Cl
OTBXOEAOVRKTNQ-UHFFFAOYSA-N,anagrelide,O=C1CN2Cc3c(ccc(Cl)c3Cl)N=C2N1
OUJTZYPIHDYQMC-LJQANCHMSA-N,ambrisentan,COC(c1ccccc1)(c1ccccc1)[C@H](Oc1nc(C)cc(C)n1)C(=O)O
OVBPIULPVIDEAO-LBPRGKRZSA-N,folic acid,Nc1nc2[nH]cc(CNc3ccc(C(=O)N[C@@H](CCC(=O)O)C(=O)O)cc3)nc-2c(=O)n1
OVCDSSHSILBFBN-UHFFFAOYSA-N,amodiaquine,CCN(CC)Cc1cc(Nc2ccnc3cc(Cl)ccc23)ccc1O
OWQUZNMMYNAXSL-UHFFFAOYSA-N,diphenylpyraline,CN1CCC(OC(c2ccccc2)c2ccccc2)CC1
OWYLAEYXIQKAOL-UHFFFAOYSA-N,buflomedil,COc1cc(OC)c(C(=O)CCCN2CCCC2)c(OC)c1
OZGNYLLQHRPOBR-DHZHZOJOSA-N,naftifine,CN(C/C=C/c1ccccc1)Cc1cccc2ccccc12
OZWKMVRBQXNZKK-UHFFFAOYSA-N,ketorolac,O=C(c1ccccc1)c1ccc2n1CCC2C(=O)O
PBMSWVPMRUJMPE-UHFFFAOYSA-N,phthalylsulfathiazole,O=C(O)c1ccccc1C(=O)Nc1ccc(S(=O)(=O)Nc2nccs2)cc1
PCZOHLXUXFIOCF-BXMDZJJMSA-N,lovastatin,CC[C@H](C)C(=O)O[C@H]1C[C@@H](C)C=C2C=C[C@H](C)[C@H](CC[C@@H]3C[C@@H](O)CC(=O)O3)[C@H]21
PHLBKPHSAVXXEF-UHFFFAOYSA-N,trazodone,O=c1n(CCCN2CCN(c3cccc(Cl)c3)CC2)nc2ccccn12
PHWXUGHIIBDVKD-UHFFFAOYSA-N,sitaxentan,Cc1cc2c(cc1CC(=O)c1sccc1S(=O)(=O)Nc1onc(C)c1Cl)OCO2
PHXJVRSECIGDHY-UHFFFAOYSA-N,ponatinib,Cc1ccc(C(=O)Nc2ccc(CN3CCN(C)CC3)c(C(F)(F)F)c2)cc1C#Cc1cnc2cccnn12
PIDSZXPFGCURGN-UHFFFAOYSA-N,pirprofen,CC(C(=O)O)c1ccc(N2CC=CC2)c(Cl)c1
PJDFLNIOAUIZSL-UHFFFAOYSA-N,vigabatrin,C=CC(N)CCC(=O)O
PJMPHNIQZUBGLI-UHFFFAOYSA-N,fentanyl,CCC(=O)N(c1ccccc1)C1CCN(CCc2ccccc2)CC1
PJSFRIWCGOHTNF-UHFFFAOYSA-N,sulfadoxine,COc1ncnc(NS(=O)(=O)c2ccc(N)cc2)c1OC
PJVWKTKQMONHTI-UHFFFAOYSA-N,warfarin,CC(=O)CC(c1ccccc1)c1c(O)c2ccccc2oc1=O
PJWPNDMDCLXCOM-UHFFFAOYSA-N,encainide,COc1ccc(C(=O)Nc2ccccc2CCC2CCCCN2C)cc1
PLDUPXSUYLZYBN-UHFFFAOYSA-N,fluphenazine,OCCN1CCN(CCCN2c3ccccc3Sc3ccc(C(F)(F)F)cc32)CC1
PLIGPBGDXASWPX-UHFFFAOYSA-N,iprindole,CN(C)CCCn1c2c(c3ccccc31)CCCCCC2
PMATZTZNYRCHOR-CGLBZJNRSA-N,ciclosporin,C/C=C/C[C@@H](C)[C@@H](O)[C@H]1C(=O)N[C@@H](CC)C(=O)N(C)CC(=O)N(C)[C@@H](CC(C)C)C(=O)N[C@@H](C(C)C)C(=O)N(C)[C@@H](CC(C)C)C(=O)N[C@@H](C)C(=O)N[C@H](C)C(=O)N(C)[C@@H](CC(C)C)C(=O)N(C)[C@@H](CC(C)C)C(=O)N(C)[C@@H](C(C)C)C(=O)N1C
PMMYEEVYMWASQN-DMTCNVIQSA-N,hydroxyproline,O=C(O)[C@@H]1C[C@@H](O)CN1
POGQSBRIGCQNEG-UHFFFAOYSA-N,rufinamide,NC(=O)c1cn(Cc2c(F)cccc2F)nn1
PPTYJKAXVCCBDU-UHFFFAOYSA-N,flunitrazepam,CN1C(=O)CN=C(c2ccccc2F)c2cc([N+](=O)[O-])ccc21
PQXKDMSYBGKCJA-CVTJIBDQSA-N,lurasidone,O=C1[C@@H]2[C@H]3CC[C@H](C3)[C@@H]2C(=O)N1C[C@@H]1CCCC[C@H]1CN1CCN(c2nsc3ccccc23)CC1
PRMWGUBFXWROHD-UHFFFAOYSA-N,perampanel,N#Cc1ccccc1-c1cc(-c2ccccn2)cn(-c2ccccc2)c1=O
PROQIPRRNZUXQM-ZXXIGWHRSA-N,estriol,C[C@]12CC[C@@H]3c4ccc(O)cc4CC[C@H]3[C@@H]1C[C@@H](O)[C@@H]2O
PSGAAPLEWMOORI-PEINSRQWSA-N,medroxyprogesterone,CC(=O)O[C@]1(C(C)=O)CC[C@H]2[C@@H]3C[C@H](C)C4=CC(=O)CC[C@]4(C)[C@H]3CC[C@@]21C
PSVDIHULUCLEJE-UHFFFAOYSA-N,guaimesal,COc1ccccc1OC1(C)OC(=O)c2ccccc2O1
PTOAARAWEBMLNO-KVQBGUIXSA-N,cladribine,Nc1nc(Cl)nc2c1ncn2[C@H]1C[C@H](O)[C@@H](CO)O1
PTVWPYVOOKLBCG-ZDUSSCGKSA-N,levodropropizine,OC[C@@H](O)CN1CCN(c2ccccc2)CC1
PURKAOJPTOLRMP-UHFFFAOYSA-N,ivacaftor,CC(C)(C)c1cc(C(C)(C)C)c(NC(=O)c2c[nH]c3ccccc3c2=O)cc1O
PUXBGTOOZJQSKH-UHFFFAOYSA-N,carprofen,CC(C(=O)O)c1ccc2c(c1)[nH]c1ccc(Cl)cc12
PVHUJELLJLJGLN-UHFFFAOYSA-N,nitrendipine,CCOC(=O)C1=C(C)NC(C)=C(C(=O)OC)C1c1cccc([N+](=O)[O-])c1
PVLJETXTTWAYEW-UHFFFAOYSA-N,mizolastine,CN(c1nccc(=O)[nH]1)C1CCN(c2nc3ccccc3n2Cc2ccc(F)cc2)CC1
PWACSDKDOHSSQD-IUTFFREVSA-N,acrivastine,Cc1ccc(/C(=C\CN2CCCC2)c2cccc(/C=C/C(=O)O)n2)cc1
PWAUCHMQEXVFJR-PMAPCBKXSA-N,cefpiramide,Cc1cc(O)c(C(=O)N[C@@H](C(=O)N[C@@H]2C(=O)N3C(C(=O)O)=C(CSc4nnnn4C)CS[C@H]23)c2ccc(O)cc2)cn1
PWHROYKAGRUWDQ-UHFFFAOYSA-N,difenpiramide,O=C(Cc1ccc(-c2ccccc2)cc1)Nc1ccccn1
PWKSKIMOESPYIA-BYPYZUCNSA-N,acetylcysteine,CC(=O)N[C@@H](CS)C(=O)O
PWVXXGRKLHYWKM-LJQANCHMSA-N,eletriptan,CN1CCC[C@@H]1Cc1c[nH]c2ccc(CCS(=O)(=O)c3ccccc3)cc12
PWWVAXIEGOYWEE-UHFFFAOYSA-N,promethazine,CC(CN1c2ccccc2Sc2ccccc21)N(C)C
PWZUUYSISTUNDW-VAFBSOEGSA-N,quinestrol,C#C[C@]1(O)CC[C@H]2[C@@H]3CCc4cc(OC5CCCC5)ccc4[C@H]3CC[C@@]21C
PXBVEXGRHZFEOF-UHFFFAOYSA-N,camazepam,CN(C)C(=O)OC1N=C(c2ccccc2)c2cc(Cl)ccc2N(C)C1=O
PXGPLTODNUVGFL-YNNPMVKQSA-N,dinoprost,CCCCC[C@H](O)/C=C/[C@@H]1[C@@H](C/C=C\CCCC(=O)O)[C@@H](O)C[C@H]1O
PZRHRDRVRGEVNW-UHFFFAOYSA-N,milrinone,Cc1[nH]c(=O)c(C#N)cc1-c1ccncc1
QAGYKUNXZHXKMR-HKWSIXNMSA-N,nelfinavir,Cc1c(O)cccc1C(=O)N[C@@H](CSc1ccccc1)[C@H](O)CN1C[C@H]2CCCC[C@H]2C[C@H]1C(=O)NC(C)(C)C
QANMHLXAZMSUEX-UHFFFAOYSA-N,kinetin,c1coc(CNc2[nH]cnc3ncnc2-3)c1
QCHFTSOMWOSFHM-WPRPVWTQSA-N,pilocarpine,CC[C@@H]1C(=O)OC[C@@H]1Cc1cncn1C
QDGZDCVAUDNJFG-FXQIFTODSA-N,entecavir,C=C1[C@H](CO)[C@@H](O)C[C@@H]1n1cnc2c(=O)[nH]c(N)nc21
QELUYTUMUWHWMC-UHFFFAOYSA-N,edaravone,CC1=NN(c2ccccc2)C(=O)C1
QEVHRUUCFGRFIF-MDEJGZGSSA-N,reserpine,COC(=O)[C@H]1[C@H]2C[C@@H]3c4[nH]c5cc(OC)ccc5c4CCN3C[C@H]2C[C@@H](OC(=O)c2cc(OC)c(OC)c(OC)c2)[C@@H]1OC
QGFORSXNKQLDNO-UHFFFAOYSA-N,erdosteine,O=C(O)CSCC(=O)NC1CCSC1=O
QGJUIPDUBHWZPV-SGTAVMJGSA-N,saxagliptin,N#C[C@@H]1C[C@@H]2C[C@@H]2N1C(=O)[C@@H](N)C12CC3CC(CC(O)(C3)C1)C2
QGPKADBNRMWEQR-UHFFFAOYSA-N,clinafloxacin,NC1CCN(c2c(F)cc3c(=O)c(C(=O)O)cn(C4CC4)c3c2Cl)C1
QHMBSVQNZZTUGM-ZWKOTPCHSA-N,cannabidiol,C=C(C)[C@@H]1CCC(C)=C[C@H]1c1c(O)cc(CCCCC)cc1O
QHMWCHQXCUNUAK-UHFFFAOYSA-N,flutrimazole,Fc1ccc(C(c2ccccc2)(c2ccccc2F)n2ccnc2)cc1
QIHLUZAFSSMXHQ-UHFFFAOYSA-N,budipine,CC(C)(C)N1CCC(c2ccccc2)(c2ccccc2)CC1
QIQXTHQIDYTFRH-UHFFFAOYSA-N,stearic acid,CCCCCCCCCCCCCCCCCC(=O)O
QLTVVOATEHFXLT-UHFFFAOYSA-N,cadralazine,CCOC(=O)NNc1ccc(N(CC)CC(C)O)nn1
QOYHHIBFXOOADH-UHFFFAOYSA-N,fluspirilene,O=C1NCN(c2ccccc2)C12CCN(CCCC(c1ccc(F)cc1)c1ccc(F)cc1)CC2
QPCDCPDFJACHGM-UHFFFAOYSA-N,pentetic acid,O=C(O)CN(CCN(CC(=O)O)CC(=O)O)CCN(CC(=O)O)CC(=O)O
QPFYXYFORQJZEC-FOCLMDBBSA-N,phenazopyridine,Nc1ccc(/N=N/c2ccccc2)c(N)n1
QQHMKNYGKVVGCZ-UHFFFAOYSA-N,tipiracil,N=C1CCCN1Cc1[nH]c(=O)[nH]c(=O)c1Cl
QQOBRRFOVWGIMD-OJAKKHQRSA-N,azaribine,CC(=O)OC[C@H]1O[C@@H](n2ncc(=O)[nH]c2=O)[C@H](OC(C)=O)[C@@H]1OC(C)=O
QQQIECGTIMUVDS-UHFFFAOYSA-N,itopride,COc1ccc(C(=O)NCc2ccc(OCCN(C)C)cc2)cc1OC
QRZAKQDHEVVFRX-UHFFFAOYSA-N,felbinac,O=C(O)Cc1ccc(-c2ccccc2)cc1
QSLMDECMDJKHMQ-UHFFFAOYSA-N,maprotiline,CNCCCC12CCC(c3ccccc31)c1ccccc12
QTGIAADRBBLJGA-UHFFFAOYSA-N,articaine,CCCNC(C)C(=O)Nc1c(C)csc1C(=O)OC
QVZCXCJXTMIDME-UHFFFAOYSA-N,dilazep,COc1cc(C(=O)OCCCN2CCCN(CCCOC(=O)c3cc(OC)c(OC)c(OC)c3)CC2)cc(OC)c1OC
QWAXKHKRTORLEM-UGJKXSETSA-N,saquinavir,CC(C)(C)NC(=O)[C@@H]1C[C@@H]2CCCC[C@@H]2CN1C[C@@H](O)[C@H](Cc1ccccc1)NC(=O)[C@H](CC(N)=O)NC(=O)c1ccc2ccccc2n1
QWGDMFLQWFTERH-UHFFFAOYSA-N,amoxapine,Clc1ccc2c(c1)C(N1CCNCC1)=Nc1ccccc1O2
QXHHHPZILQDDPS-UHFFFAOYSA-N,tioconazole,Clc1ccc(C(Cn2ccnc2)OCc2ccsc2Cl)c(Cl)c1
QXKHYNVANLEOEG-UHFFFAOYSA-N,methoxsalen,COc1c2occc2cc2ccc(=O)oc12
QYQDKDWGWDOFFU-IUODEOHRSA-N,cefotiam,CN(C)CCn1nnnc1SCC1=C(C(=O)O)N2C(=O)[C@@H](NC(=O)Cc3csc(N)n3)[C@H]2SC1
QYSXJUFSXHHAJI-YRZJJWOYSA-N,colecalciferol,C=C1CC[C@H](O)C/C1=C/C=C1\CCC[C@]2(C)[C@@H]([C@H](C)CCCC(C)C)CC[C@@H]12
RAGOYPUPXAKGKH-XAKZXMRKSA-N,posaconazole,CC[C@@H]([C@H](C)O)n1ncn(-c2ccc(N3CCN(c4ccc(OC[C@@H]5CO[C@@](Cn6cncn6)(c6ccc(F)cc6F)C5)cc4)CC3)cc2)c1=O
RBKASMJPSJDQKY-RBFSKHHSSA-N,tirilazad,C[C@@H]1C[C@H]2[C@@H]3CCC4=CC(=O)C=C[C@]4(C)C3=CC[C@]2(C)[C@H]1C(=O)CN1CCN(c2cc(N3CCCC3)nc(N3CCCC3)n2)CC1
RBQOQRRFDPXAGN-UHFFFAOYSA-N,propentofylline,CCCn1cnc2c1c(=O)n(CCCCC(C)=O)c(=O)n2C
RCKMWOKWVGPNJF-UHFFFAOYSA-N,diethylcarbamazine,CCN(CC)C(=O)N1CCN(C)CC1
RDJGLLICXDHJDY-UHFFFAOYSA-N,fenoprofen,CC(C(=O)O)c1cccc(Oc2ccccc2)c1
RDLPVSKMFDYCOR-UEKVPHQBSA-N,cefradine,CC1=C(C(=O)O)N2C(=O)[C@@H](NC(=O)[C@H](N)C3=CCC=CC3)[C@H]2SC1
RDOIQAHITMMDAJ-UHFFFAOYSA-N,loperamide,CN(C)C(=O)C(CCN1CCC(O)(c2ccc(Cl)cc2)CC1)(c1ccccc1)c1ccccc1
RDXLYGJSWZYTFJ-UHFFFAOYSA-N,niridazole,O=C1NCCN1c1ncc([N+](=O)[O-])s1
REFJWTPEDVJJIY-UHFFFAOYSA-N,quercetin,O=c1c(O)c(-c2ccc(O)c(O)c2)oc2cc(O)cc(O)c12
REYFJDPCWQRWAA-UHFFFAOYSA-N,antazoline,c1ccc(CN(CC2=NCCN2)c2ccccc2)cc1
RFHAOTPXVQNOHP-UHFFFAOYSA-N,fluconazole,OC(Cn1cncn1)(Cn1cncn1)c1ccc(F)cc1F
RGCVKNLCSQQDEP-UHFFFAOYSA-N,perphenazine,OCCN1CCN(CCCN2c3ccccc3Sc3ccc(Cl)cc32)CC1
RGPDEAGGEXEMMM-UHFFFAOYSA-N,nefopam,CN1CCOC(c2ccccc2)c2ccccc2C1
RHLJLALHBZGAFM-UHFFFAOYSA-N,bunazosin,CCCC(=O)N1CCCN(c2nc(N)c3cc(OC)c(OC)cc3n2)CC1
RIGBPMDIGYBTBJ-UHFFFAOYSA-N,glycyclamide,Cc1ccc(S(=O)(=O)NC(=O)NC2CCCCC2)cc1
RJKFOVLPORLFTN-LEKSSAKUSA-N,progesterone,CC(=O)[C@H]1CC[C@H]2[C@@H]3CCC4=CC(=O)CC[C@]4(C)[C@H]3CC[C@]12C
RJMIEHBSYVWVIN-UHFFFAOYSA-N,indoprofen,CC(C(=O)O)c1ccc(N2Cc3ccccc3C2=O)cc1
RJMUSRYZPJIFPJ-UHFFFAOYSA-N,niclosamide,O=C(Nc1ccc([N+](=O)[O-])cc1Cl)c1cc(Cl)ccc1O
RJURFGZVJUQBHK-IIXSONLDSA-N,dactinomycin,Cc1c2oc3c(C)ccc(C(=O)N[C@@H]4C(=O)N[C@H](C(C)C)C(=O)N5CCC[C@H]5C(=O)N(C)CC(=O)N(C)[C@@H](C(C)C)C(=O)O[C@@H]4C)c3nc-2c(C(=O)N[C@@H]2C(=O)N[C@H](C(C)C)C(=O)N3CCC[C@H]3C(=O)N(C)CC(=O)N(C)[C@@H](C(C)C)C(=O)O[C@@H]2C)c(N)c1=O
RKEWSXXUOLRFBX-UHFFFAOYSA-N,pimavanserin,CC(C)COc1ccc(CNC(=O)N(Cc2ccc(F)cc2)C2CCN(C)CC2)cc1
RKLNONIVDFXQRX-UHFFFAOYSA-N,bromperidol,O=C(CCCN1CCC(O)(c2ccc(Br)cc2)CC1)c1ccc(F)cc1
RMEDXOLNCUSCGS-UHFFFAOYSA-N,droperidol,O=C(CCCN1CC=C(n2c(=O)[nH]c3ccccc32)CC1)c1ccc(F)cc1
RNLQIBCLLYYYFJ-UHFFFAOYSA-N,amrinone,Nc1cc(-c2ccncc2)c[nH]c1=O
ROBVIMPUHSLWNV-UHFFFAOYSA-N,aminoglutethimide,CCC1(c2ccc(N)cc2)CCC(=O)NC1=O
RONZAEMNMFQXRA-UHFFFAOYSA-N,mirtazapine,CN1CCN2c3ncccc3Cc3ccccc3C2C1
RPLCPCMSCLEKRS-BPIQYHPVSA-N,desogestrel,C#C[C@]1(O)CC[C@H]2[C@@H]3CCC4=CCCC[C@@H]4[C@H]3C(=C)C[C@@]21CC
RQTOOFIXOKYGAN-UHFFFAOYSA-N,nedocromil,CCCc1c2oc(C(=O)O)cc(=O)c2cc2c(=O)cc(C(=O)O)n(CC)c12
RQXCLMGKHJWMOA-UHFFFAOYSA-N,pridinol,OC(CCN1CCCCC1)(c1ccccc1)c1ccccc1
RRGUKTPIGVIEKM-UHFFFAOYSA-N,cilostazol,O=C1CCc2cc(OCCCCc3nnnn3C3CCCCC3)ccc2N1
RRUDCFGSUDOHDG-UHFFFAOYSA-N,acetohydroxamic acid,CC(=O)NO
RRYMAQUWDLIUPV-BXKDBHETSA-N,cefacetrile,CC(=O)OCC1=C(C(=O)O)N2C(=O)[C@@H](NC(=O)CC#N)[C@H]2SC1
RSEPBGGWRJCQGY-RBRWEJTLSA-N,estradiol valerate,CCCCC(=O)O[C@H]1CC[C@H]2[C@@H]3CCc4cc(O)ccc4[C@H]3CC[C@]12C
RSOZZQTUMVBTMR-XGUNBQNXSA-N,colforsin daropate,C=C[C@@]1(C)CC(=O)[C@]2(O)[C@@]3(C)[C@@H](O)CCC(C)(C)[C@@H]3[C@H](OC(=O)CCN(C)C)[C@H](OC(C)=O)[C@@]2(C)O1
RTGDFNSFWBGLEC-SYZQJQIISA-N,mycophenolate mofetil,COc1c(C)c2c(c(O)c1C/C=C(\C)CCC(=O)OCCN1CCOCC1)C(=O)OC2
RTHCYVBBDHJXIQ-UHFFFAOYSA-N,fluoxetine,CNCCC(Oc1ccc(C(F)(F)F)cc1)c1ccccc1
RTXOFQZKPXMALH-GHXIOONMSA-N,cefdinir,C=CC1=C(C(=O)O)N2C(=O)[C@@H](NC(=O)/C(=N\O)c3csc(N)n3)[C@H]2SC1
RUJBDQSFYCKFAA-UHFFFAOYSA-N,tofisopam,CCC1C(C)=NN=C(c2ccc(OC)c(OC)c2)c2cc(OC)c(OC)cc21
RUOKEQAAGRXIBM-GFCCVEGCSA-N,rasagiline,C#CCN[C@@H]1CCc2ccccc21
RUZYUOTYCVRMRZ-UHFFFAOYSA-N,doxazosin,COc1cc2nc(N3CCN(C(=O)C4COc5ccccc5O4)CC3)nc(N)c2cc1OC
RWHUEXWOYVBUCI-ITQXDASVSA-N,nafarelin,CC(C)C[C@H](NC(=O)[C@@H](Cc1ccc2ccccc2c1)NC(=O)[C@H](Cc1ccc(O)cc1)NC(=O)[C@H](CO)NC(=O)[C@H](Cc1c[nH]c2ccccc12)NC(=O)[C@H](Cc1c[nH]cn1)NC(=O)[C@@H]1CCC(=O)N1)C(=O)N[C@@H](CCCNC(=N)N)C(=O)N1CCC[C@H]1C(=O)NCC(N)=O
RXPRRQLKFXBCSJ-GIVPXCGWSA-N,vincamine,CC[C@]12CCCN3CCc4c(n(c5ccccc45)[C@@](O)(C(=O)OC)C1)[C@@H]32
RYBJORHCUPVNMB-UHFFFAOYSA-N,dopexamine,Oc1ccc(CCNCCCCCCNCCc2ccccc2)cc1O
RYMZZMVNJRMUDD-HGQWONQESA-N,simvastatin,CCC(C)(C)C(=O)O[C@H]1C[C@@H](C)C=C2C=C[C@H](C)[C@H](CC[C@@H]3C[C@@H](O)CC(=O)O3)[C@H]21
RYYVLZVUVIJVGH-UHFFFAOYSA-N,caffeine,Cn1c(=O)c2c(ncn2C)n(C)c1=O
RZEKVGVHFLEQIL-UHFFFAOYSA-N,celecoxib,Cc1ccc(-c2cc(C(F)(F)F)nn2-c2ccc(S(N)(=O)=O)cc2)cc1
RZJQGNCSTQAWON-UHFFFAOYSA-N,rofecoxib,CS(=O)(=O)c1ccc(C2=C(c3ccccc3)C(=O)OC2)cc1
RZTAMFZIAATZDJ-UHFFFAOYSA-N,felodipine,CCOC(=O)C1=C(C)NC(C)=C(C(=O)OC)C1c1cccc(Cl)c1Cl
SAADBVWGJQAEFS-UHFFFAOYSA-N,flurazepam,CCN(CC)CCN1C(=O)CN=C(c2ccccc2F)c2cc(Cl)ccc21
SAMRUMKYXPVKPA-VFKOLLTISA-N,enocitabine,CCCCCCCCCCCCCCCCCCCCCC(=O)Nc1ccn([C@@H]2O[C@H](CO)[C@@H](O)[C@@H]2O)c(=O)n1
SAPNXPWPAUFAJU-UHFFFAOYSA-N,lofepramine,CN(CCCN1c2ccccc2CCc2ccccc21)CC(=O)c1ccc(Cl)cc1
SBDNJUWAMKYJOX-UHFFFAOYSA-N,meclofenamic acid,Cc1ccc(Cl)c(Nc2ccccc2C(=O)O)c1Cl
SBNPWPIBESPSIF-MHWMIDJBSA-N,cetrorelix,CC(=O)N[C@H](Cc1ccc2ccccc2c1)C(=O)N[C@H](Cc1ccc(Cl)cc1)C(=O)N[C@H](Cc1cccnc1)C(=O)N[C@@H](CO)C(=O)N[C@@H](Cc1ccc(O)cc1)C(=O)N[C@H](CCCNC(N)=O)C(=O)N[C@@H](CC(C)C)C(=O)N[C@@H](CCCNC(=N)N)C(=O)N1CCC[C@H]1C(=O)N[C@H](C)C(N)=O
SBUJHOSQTJFQJX-NOAMYHISSA-N,kanamycin,NC[C@H]1O[C@H](O[C@H]2[C@H](O)[C@@H](O[C@H]3O[C@H](CO)[C@@H](O)[C@H](N)[C@H]3O)[C@H](N)C[C@@H]2N)[C@H](O)[C@@H](O)[C@@H]1O
SCKYRAXSEDYPSA-UHFFFAOYSA-N,ciclopirox,Cc1cc(C2CCCCC2)n(O)c(=O)c1
SDUQYLNIPVEERB-QPPQHZFASA-N,gemcitabine,Nc1ccn([C@@H]2O[C@H](CO)[C@@H](O)C2(F)F)c(=O)n1
SEBMTIQKRHYNIT-UHFFFAOYSA-N,azatadine,CN1CCC(=C2c3ccccc3CCc3cccnc32)CC1
SECKRCOLJRRGGV-UHFFFAOYSA-N,vardenafil,CCCc1nc(C)c2c(=O)[nH]c(-c3cc(S(=O)(=O)N4CCN(CC)CC4)ccc3OCC)nn12
SEERZIQQUAZTOL-ANMDKAQQSA-N,cerivastatin,COCc1c(C(C)C)nc(C(C)C)c(/C=C/[C@@H](O)C[C@@H](O)CC(=O)O)c1-c1ccc(F)cc1
SEQDDYPDSLOBDC-UHFFFAOYSA-N,temazepam,CN1C(=O)C(O)N=C(c2ccccc2)c2cc(Cl)ccc21
SFKQVVDKFKYTNA-DZCXQCEKSA-N,felypressin,NCCCC[C@H](NC(=O)[C@@H]1CCCN1C(=O)[C@@H]1CSSC[C@H](N)C(=O)N[C@@H](Cc2ccccc2)C(=O)N[C@@H](Cc2ccccc2)C(=O)N[C@@H](CCC(N)=O)C(=O)N[C@@H](CC(N)=O)C(=O)N1)C(=O)NCC(N)=O
SGOIRFVFHAKUTI-ZCFIWIBFSA-N,tenofovir,C[C@H](Cn1cnc2c(N)ncnc21)OCP(=O)(O)O
SGOOQMRIPALTEL-UHFFFAOYSA-N,roquinimex,CN(C(=O)c1c(O)c2ccccc2n(C)c1=O)c1ccccc1
SGRYPYWGNKJSDL-UHFFFAOYSA-N,amlexanox,CC(C)c1ccc2oc3nc(N)c(C(=O)O)cc3c(=O)c2c1
SGTNSNPWRIOYBX-UHFFFAOYSA-N,verapamil,COc1ccc(CCN(C)CCCC(C#N)(c2ccc(OC)c(OC)c2)C(C)C)cc1OC
SHZKQBHERIJWAO-AATRIKPKSA-N,ozagrel,O=C(O)/C=C/c1ccc(Cn2ccnc2)cc1
SIDLZWOQUZRBRU-UHFFFAOYSA-N,methyprylon,CCC1(CC)C(=O)NCC(C)C1=O
SJVQHLPISAIATJ-ZDUSSCGKSA-N,duvelisib,C[C@H](Nc1ncnc2[nH]cnc12)c1cc2cccc(Cl)c2c(=O)n1-c1ccccc1
SLVMESMUVMCQIY-UHFFFAOYSA-N,mesoridazine,CN1CCCCC1CCN1c2ccccc2Sc2ccc(S(C)=O)cc21
SLXKOJJOQWFEFD-UHFFFAOYSA-N,aminocaproic acid,NCCCCCC(=O)O
SMANXXCATUTDDT-QPJJXVBHSA-N,flunarizine,Fc1ccc(C(c2ccc(F)cc2)N2CCN(C/C=C/c3ccccc3)CC2)cc1
SMTZFNFIKUPEJC-UHFFFAOYSA-N,roxatidine acetate,CC(=O)OCC(=O)NCCCOc1cccc(CN2CCCCC2)c1
SNBUBQHDYVFSQF-HIFRSBDPSA-N,cefmetazole,CO[C@@]1(NC(=O)CSCC#N)C(=O)N2C(C(=O)O)=C(CSc3nnnn3C)CS[C@@H]21
SNICXCGAKADSCV-JTQLQIEISA-N,nicotine,CN1CCC[C@H]1c1cccnc1
SNPLKNRPJHDVJA-ZETCQYMHSA-N,dexpanthenol,CC(C)(CO)[C@@H](O)C(=O)NCCCO
SPIUTQOUKAMGCX-UHFFFAOYSA-N,flavoxate,Cc1c(-c2ccccc2)oc2c(C(=O)OCCN3CCCCC3)cccc2c1=O
SPMVMDHWKHCIDT-UHFFFAOYSA-N,tivozanib,COc1cc2nccc(Oc3ccc(NC(=O)Nc4cc(C)on4)c(Cl)c3)c2cc1OC
SPPTWHFVYKCNNK-FQEVSTJZSA-N,bentiromide,O=C(O)c1ccc(NC(=O)[C@H](Cc2ccc(O)cc2)NC(=O)c2ccccc2)cc1
SQUNAWUMZGQQJD-UHFFFAOYSA-N,eperisone,CCc1ccc(C(=O)C(C)CN2CCCCC2)cc1
SSQPWTVBQMWLSZ-AAQCHOMXSA-N,icosapent ethyl,CC/C=C\C/C=C\C/C=C\C/C=C\C/C=C\CCCC(=O)OCC
STDBAQMTJLUMFW-UHFFFAOYSA-N,butobarbital,CCCCC1(CC)C(=O)NC(=O)NC1=O
SUBDBMMJDZJVOS-UHFFFAOYSA-N,omeprazole,COc1ccc2nc(S(=O)Cc3ncc(C)c(OC)c3C)[nH]c2c1
SUJUHGSWHZTSEU-FYBSXPHGSA-N,tipranavir,CCC[C@@]1(CCc2ccccc2)CC(O)=C([C@H](CC)c2cccc(NS(=O)(=O)c3ccc(C(F)(F)F)cn3)c2)C(=O)O1
SWLMUYACZKCSHZ-UHFFFAOYSA-N,butoconazole,Clc1ccc(CCC(Cn2ccnc2)Sc2c(Cl)cccc2Cl)cc1
SYOKIDBDQMKNDQ-XWTIBIIYSA-N,vildagliptin,N#C[C@@H]1CCCN1C(=O)CNC12CC3CC(CC(O)(C3)C1)C2
SYTBZMRGLBWNTM-UHFFFAOYSA-N,flurbiprofen,CC(C(=O)O)c1ccc(-c2ccccc2)c(F)c1
SZLZWPPUNLXJEA-QEGASFHISA-N,rescinnamine,COC(=O)[C@H]1[C@H]2C[C@@H]3c4[nH]c5cc(OC)ccc5c4CCN3C[C@H]2C[C@@H](OC(=O)/C=C/c2cc(OC)c(OC)c(OC)c2)[C@@H]1OC
TVHAZVBUYQMHBC-SNHXEXRGSA-N,unoprostone,CCCCCCCC(=O)CC[C@@H]1[C@@H](C/C=C\CCCC(=O)O)[C@@H](O)C[C@H]1O
TVQZAMVBTVNYLA-UHFFFAOYSA-N,pranoprofen,CC(C(=O)O)c1ccc2c(c1)Cc1cccnc1O2
TVURRHSHRRELCG-UHFFFAOYSA-N,fenoldopam,Oc1ccc(C2CNCCc3c2cc(O)c(O)c3Cl)cc1
TVYLLZQTGLZFBW-ZBFHGGJFSA-N,tramadol,COc1cccc([C@@]2(O)CCCC[C@@H]2CN(C)C)c1
TYNLGDBUJLVSMA-UHFFFAOYSA-N,diacerein,CC(=O)Oc1cccc2c1C(=O)c1c(OC(C)=O)cc(C(=O)O)cc1C2=O
TYQXKHPOXXXCTP-CSLYCKPJSA-N,erythromycin propionate,CCC(=O)O[C@H]1[C@H](O[C@@H]2[C@@H](C)[C@H](O[C@H]3C[C@@](C)(OC)[C@@H](O)[C@H](C)O3)[C@@H](C)C(=O)O[C@H](CC)[C@@](C)(O)[C@H](O)[C@@H](C)C(=O)[C@H](C)C[C@@]2(C)O)O[C@H](C)C[C@@H]1N(C)C
TYYBFXNZMFNZJT-UHFFFAOYSA-N,ioxaglic acid,CNC(=O)c1c(I)c(C(=O)NCC(=O)Nc2c(I)c(C(=O)O)c(I)c(C(=O)NCCO)c2I)c(I)c(N(C)C(C)=O)c1I
UBCHPRBFMUDMNC-UHFFFAOYSA-N,rimantadine,CC(N)C12CC3CC(CC(C3)C1)C2
UBPYILGKFZZVDX-UHFFFAOYSA-N,bosutinib,COc1cc(Nc2c(C#N)cnc3cc(OCCCN4CCN(C)CC4)c(OC)cc23)c(Cl)cc1Cl
UBQNRHZMVUUOMG-UHFFFAOYSA-N,zonisamide,NS(=O)(=O)Cc1noc2ccccc12
UCHDWCPVSPXUMX-TZIWLTJVSA-N,montelukast,CC(C)(O)c1ccccc1CC[C@@H](SCC1(CC(=O)O)CC1)c1cccc(/C=C/c2ccc3ccc(Cl)cc3n2)c1
UDMBCSSLTHHNCD-KQYNXXCUSA-N,adenosine phosphate,Nc1ncnc2c1ncn2[C@@H]1O[C@H](COP(=O)(O)O)[C@@H](O)[C@H]1O
UEJJHQNACJXSKW-UHFFFAOYSA-N,thalidomide,O=C1CCC(N2C(=O)c3ccccc3C2=O)C(=O)N1
UGDPYGKWIHHBMB-UHFFFAOYSA-N,lobenzarit,O=C(O)c1ccccc1Nc1cc(Cl)ccc1C(=O)O
UGJMXCAKCUNAIE-UHFFFAOYSA-N,gabapentin,NCC1(CC(=O)O)CCCCC1
UHDGCWIWMRVCDJ-CCXZUQQUSA-N,cytarabine,Nc1ccn([C@@H]2O[C@H](CO)[C@@H](O)[C@@H]2O)c(=O)n1
UHSKFQJFRQCDBE-UHFFFAOYSA-N,ropinirole,CCCN(CCC)CCc1cccc2c1CC(=O)N2
UHTHHESEBZOYNR-UHFFFAOYSA-N,vandetanib,COc1cc2c(Nc3ccc(Br)cc3F)ncnc2cc1OCC1CCN(C)CC1
UHWVSEOVJBQKBE-UHFFFAOYSA-N,trimetazidine,COc1ccc(CN2CCNCC2)c(OC)c1OC
UIAGMCDKSXEBJQ-UHFFFAOYSA-N,nimodipine,COCCOC(=O)C1=C(C)NC(C)=C(C(=O)OC(C)C)C1c1cccc([N+](=O)[O-])c1
UIMOJFJSJSIGLV-JNHMLNOCSA-N,carumonam,NC(=O)OC[C@@H]1[C@H](NC(=O)/C(=N\OCC(=O)O)c2csc(N)n2)C(=O)N1S(=O)(=O)O
UJEWTUDSLQGTOA-UHFFFAOYSA-N,piretanide,NS(=O)(=O)c1cc(C(=O)O)cc(N2CCCC2)c1Oc1ccccc1
UJLAWZDWDVHWOW-YPMHNXCESA-N,tofacitinib,C[C@@H]1CCN(C(=O)CC#N)C[C@@H]1N(C)c1ncnc2[nH]ccc12
UKTAZPQNNNJVKR-MMUVGSQPSA-N,dolasetron,O=C(O[C@H]1C[C@H]2CC3C[C@@H](C1)N2CC3=O)c1c[nH]c2ccccc12
ULFRLSNUDGIQQP-UHFFFAOYSA-N,rizatriptan,CN(C)CCc1c[nH]c2ccc(Cn3cncn3)cc12
ULSDMUVEXKOYBU-ZDUSSCGKSA-N,zolmitriptan,CN(C)CCc1c[nH]c2ccc(C[C@H]3COC(=O)N3)cc12
ULXXDDBFHOBEHA-CWDCEQMOSA-N,afatinib,CN(C)C/C=C/C(=O)Nc1cc2c(Nc3ccc(F)c(Cl)c3)ncnc2cc1O[C@H]1CCOC1
UNAANXDKBXWMLN-UHFFFAOYSA-N,sibutramine,CC(C)CC(N(C)C)C1(c2ccc(Cl)cc2)CCC1
UNFWWIHTNXNPBV-WXKVUWSESA-N,spectinomycin,CN[C@@H]1[C@H](O)[C@H](NC)[C@H]2O[C@@]3(O)C(=O)C[C@@H](C)O[C@H]3O[C@@H]2[C@H]1O
UOWZUVNAGUAEQC-UHFFFAOYSA-N,tiratricol,O=C(O)Cc1cc(I)c(Oc2ccc(O)c(I)c2)c(I)c1
UOZODPSAJZTQNH-LSWIJEOBSA-N,paromomycin,NC[C@@H]1O[C@H](O[C@H]2[C@@H](O)[C@H](O[C@@H]3[C@@H](O)[C@H](N)C[C@H](N)[C@H]3O[C@H]3O[C@H](CO)[C@@H](O)[C@H](O)[C@H]3N)O[C@@H]2CO)[C@H](N)[C@@H](O)[C@@H]1O
UQZVCDCIMBLVNR-TWYODKAFSA-N,sulprostone,CS(=O)(=O)NC(=O)CCC/C=C\C[C@H]1C(=O)C[C@@H](O)[C@@H]1/C=C/[C@@H](O)COc1ccccc1
URKOMYMAXPYINW-UHFFFAOYSA-N,quetiapine,OCCOCCN1CCN(C2=Nc3ccccc3Sc3ccccc32)CC1
USUZGMWDZDXMDG-CYBMUJFWSA-N,osilodrostat,N#Cc1ccc([C@H]2CCc3cncn32)c(F)c1
USZAGAREISWJDP-UHFFFAOYSA-N,crisaborole,N#Cc1ccc(Oc2ccc3c(c2)COB3O)cc1
USZYSDMBJDPRIF-SVEJIMAYSA-N,aclarubicin,CC[C@@]1(O)C[C@H](O[C@H]2C[C@H](N(C)C)[C@H](O[C@H]3C[C@H](O)[C@H](O[C@H]4CCC(=O)[C@H](C)O4)[C@H](C)O3)[C@H](C)O2)c2c(cc3c(c2O)C(=O)c2c(O)cccc2C3=O)[C@H]1C(=O)OC
UVIQSJCZCSLXRZ-UBUQANBQSA-N,abiraterone acetate,CC(=O)O[C@H]1CC[C@@]2(C)C(=CC[C@@H]3[C@@H]2CC[C@]2(C)C(c4cccnc4)=CC[C@@H]32)C1
UVOIBTBFPOZKGP-UHFFFAOYSA-N,propiomazine,CCC(=O)c1ccc2c(c1)N(CC(C)N(C)C)c1ccccc1S2
UVSMNLNDYGZFPF-UHFFFAOYSA-N,pomalidomide,Nc1cccc2c1C(=O)N(C1CCC(=O)NC1=O)C2=O
UWFYSQMTEOIJJG-FDTZYFLXSA-N,cyproterone acetate,CC(=O)O[C@]1(C(C)=O)CC[C@H]2[C@@H]3C=C(Cl)C4=CC(=O)[C@@H]5C[C@@H]5[C@]4(C)[C@H]3CC[C@@]21C
UWWDHYUMIORJTA-HSQYWUDLSA-N,moexipril,CCOC(=O)[C@H](CCc1ccccc1)N[C@@H](C)C(=O)N1Cc2cc(OC)c(OC)cc2C[C@H]1C(=O)O
UXQDWARBDDDTKG-UHFFFAOYSA-N,tromantadine,CN(C)CCOCC(=O)NC12CC3CC(CC(C3)C1)C2
UYNVMODNBIQBMV-UHFFFAOYSA-N,ifenprodil,CC(C(O)c1ccc(O)cc1)N1CCC(Cc2ccccc2)CC1
UZVHFVZFNXBMQJ-UHFFFAOYSA-N,butalbital,C=CCC1(CC(C)C)C(=O)NC(=O)NC1=O
UZWDCWONPYILKI-UHFFFAOYSA-N,abemaciclib,CCN1CCN(Cc2ccc(Nc3ncc(F)c(-c4cc(F)c5nc(C)n(C(C)C)c5c4)n3)nc2)CC1
VABCILAOYCMVPS-UHFFFAOYSA-N,acenocoumarol,CC(=O)CC(c1ccc([N+](=O)[O-])cc1)c1c(O)c2ccccc2oc1=O
VACCAVUAMIDAGB-UHFFFAOYSA-N,sulfamethizole,Cc1nnc(NS(=O)(=O)c2ccc(N)cc2)s1
VBHQKCBVWWUUKN-KZNAEPCWSA-N,vernakalant,COc1ccc(CCO[C@@H]2CCCC[C@H]2N2CC[C@@H](O)C2)cc1OC
VCKUSRYTPJJLNI-UHFFFAOYSA-N,terazosin,COc1cc2nc(N3CCN(C(=O)C4CCCO4)CC3)nc(N)c2cc1OC
VDHAWDNDOKGFTD-MRXNPFEDSA-N,cinacalcet,C[C@@H](NCCCc1cccc(C(F)(F)F)c1)c1cccc2ccccc12
VDOSWXIDETXFET-UHFFFAOYSA-N,afloqualone,Cc1ccccc1-n1c(CF)nc2ccc(N)cc2c1=O
VGKDLMBJGBXTGI-SJCJKPOMSA-N,sertraline,CN[C@H]1CC[C@@H](c2ccc(Cl)c(Cl)c2)c2ccccc21
VGLGVJVUHYTIIU-UHFFFAOYSA-N,altizide,C=CCSCC1Nc2cc(Cl)c(S(N)(=O)=O)cc2S(=O)(=O)N1
VGYFMXBACGZSIL-MCBHFWOFSA-N,pitavastatin,O=C(O)C[C@H](O)C[C@H](O)/C=C/c1c(C2CC2)nc2ccccc2c1-c1ccc(F)cc1
VGZSUPCWNCWDAN-UHFFFAOYSA-N,acetohexamide,CC(=O)c1ccc(S(=O)(=O)NC(=O)NC2CCCCC2)cc1
VHGCDTVCOLNTBX-QGZVFWFLSA-N,atomoxetine,CNCC[C@@H](Oc1ccccc1C)c1ccccc1
VHXNKPBCCMUMSW-FQEVSTJZSA-N,rubitecan,CC[C@@]1(O)C(=O)OCc2c1cc1n(c2=O)Cc2cc3c([N+](=O)[O-])cccc3nc2-1
VIKNJXKGJWUCNN-XGXHKTLJSA-N,norethisterone,C#C[C@]1(O)CC[C@H]2[C@@H]3CCC4=CC(=O)CC[C@@H]4[C@H]3CC[C@@]21C
VILCJCGEZXAXTO-UHFFFAOYSA-N,trientine,NCCNCCNCCN
VIROVYVQCGLCII-UHFFFAOYSA-N,amobarbital,CCC1(CCC(C)C)C(=O)NC(=O)NC1=O
VKHAHZOOUSRJNA-GCNJZUOMSA-N,mifepristone,CC#C[C@]1(O)CC[C@H]2[C@@H]3CCC4=CC(=O)CCC4=C3[C@@H](c3ccc(N(C)C)cc3)C[C@@]21C
VKQFCGNPDRICFG-UHFFFAOYSA-N,nisoldipine,COC(=O)C1=C(C)NC(C)=C(C(=O)OCC(C)C)C1c1ccccc1[N+](=O)[O-]
VLYWMPOKSSWJAL-UHFFFAOYSA-N,sulfamethoxypyridazine,COc1ccc(NS(=O)(=O)c2ccc(N)cc2)nn1
VMWNQDUVQKEIOC-CYBMUJFWSA-N,apomorphine,CN1CCc2cccc3c2[C@H]1Cc1ccc(O)c(O)c1-3
VMZUTJCNQWMAGF-UHFFFAOYSA-N,etizolam,CCc1cc2c(s1)-n1c(C)nnc1CN=C2c1ccccc1Cl
VNFPBHJOKIVQEB-UHFFFAOYSA-N,clotrimazole,Clc1ccccc1C(c1ccccc1)(c1ccccc1)n1ccnc1
VOXZDWNPVJITMN-ZBRFXRBCSA-N,estradiol,C[C@]12CC[C@@H]3c4ccc(O)cc4CC[C@H]3[C@@H]1CC[C@@H]2O
VPJXQGSRWJZDOB-UHFFFAOYSA-O,carbachol,C[N+](C)(C)CCOC(N)=O
VQHSOMBJVWLPSR-JVCRWLNRSA-N,lactitol,OC[C@@H](O)[C@@H](O[C@@H]1O[C@H](CO)[C@H](O)[C@H](O)[C@H]1O)[C@H](O)[C@@H](O)CO
VQKLRVZQQYVIJW-UHFFFAOYSA-N,dihydralazine,N/N=c1\[nH][nH]/c(=N\N)c2ccccc12
VRBKIVRKKCLPHA-UHFFFAOYSA-N,nefazodone,CCc1nn(CCCN2CCN(c3cccc(Cl)c3)CC2)c(=O)n1CCOc1ccccc1
VREFGVBLTWBCJP-UHFFFAOYSA-N,alprazolam,Cc1nnc2n1-c1ccc(Cl)cc1C(c1ccccc1)=NC2
VRQVVMDWGGWHTJ-CQSZACIVSA-N,levomepromazine,COc1ccc2c(c1)N(C[C@H](C)CN(C)C)c1ccccc1S2
VRTWBAAJJOHBQU-KMWAZVGDSA-N,ledipasvir,COC(=O)N[C@H](C(=O)N1CC2(CC2)C[C@H]1c1nc(-c2ccc3c(c2)C(F)(F)c2cc(-c4ccc5[nH]c([C@@H]6[C@H]7CC[C@H](C7)N6C(=O)[C@@H](NC(=O)OC)C(C)C)nc5c4)ccc2-3)c[nH]1)C(C)C
VSQQQLOSPVPRAZ-RRKCRQDMSA-N,trifluridine,O=c1[nH]c(=O)n([C@H]2C[C@H](O)[C@@H](CO)O2)cc1C(F)(F)F
VVIAGPKUTFNRDU-ABLWVSNPSA-N,leucovorin,Nc1nc(=O)c2c([nH]1)NCC(CNc1ccc(C(=O)N[C@@H](CCC(=O)O)C(=O)O)cc1)N2C=O
VVNCNSJFMMFHPL-VKHMYHEASA-N,penicillamine,CC(C)(S)[C@@H](N)C(=O)O
VWFCHDSQECPREK-LURJTMIESA-N,cidofovir,Nc1ccn(C[C@@H](CO)OCP(=O)(O)O)c(=O)n1
VWQWXZAWFPZJDA-CGVGKPPMSA-N,hydrocortisone succinate,C[C@]12CCC(=O)C=C1CC[C@@H]1[C@@H]2[C@@H](O)C[C@@]2(C)[C@H]1CC[C@]2(O)C(=O)COC(=O)CCC(=O)O
VXKHXGOKWPXYNA-PGBVPBMZSA-N,triptorelin,CC(C)C[C@H](NC(=O)[C@@H](Cc1c[nH]c2ccccc12)NC(=O)[C@H](Cc1ccc(O)cc1)NC(=O)[C@H](CO)NC(=O)[C@H](Cc1c[nH]c2ccccc12)NC(=O)[C@H](Cc1c[nH]cn1)NC(=O)[C@@H]1CCC(=O)N1)C(=O)N[C@@H](CCCNC(=N)N)C(=O)N1CCC[C@H]1C(=O)NCC(N)=O
VXROHTDSRBRJLN-UHFFFAOYSA-O,amezinium metilsulfate,COc1cc(N)cn[n+]1-c1ccccc1
VYPSYNLAJGMNEJ-UHFFFAOYSA-N,silicon dioxide,O=[Si]=O
VYQNWZOUAUKGHI-UHFFFAOYSA-N,monobenzone,Oc1ccc(OCc2ccccc2)cc1
VYVKHNNGDFVQGA-UHFFFAOYSA-N,mebeverine,CCN(CCCCOC(=O)c1ccc(OC)c(OC)c1)C(C)Cc1ccc(OC)cc1
VYWWNRMSAPEJLS-MDWYKHENSA-N,rokitamycin,CCCC(=O)O[C@H]1[C@H](C)O[C@@H](O[C@H]2[C@H](N(C)C)[C@@H](O)[C@H](O[C@H]3[C@@H](CC=O)C[C@@H](C)[C@@H](O)/C=C/C=C/C[C@@H](C)OC(=O)C[C@@H](O)[C@@H]3OC)O[C@@H]2C)C[C@@]1(C)OC(=O)CC
VZCCETWTMQHEPK-QNEBEIHSSA-N,gamolenic acid,CCCCC/C=C\C/C=C\C/C=C\CCCCC(=O)O
VZCYOOQTPOCHFL-OWOJBTEDSA-N,fumaric acid,O=C(O)/C=C/C(=O)O
VZYCZNZBPPHOFY-UHFFFAOYSA-N,thioproperazine,CN1CCN(CCCN2c3ccccc3Sc3ccc(S(=O)(=O)N(C)C)cc32)CC1
VZZJRYRQSPEMTK-CALCHBBNSA-N,sonidegib,Cc1c(C(=O)Nc2ccc(N3C[C@@H](C)O[C@@H](C)C3)nc2)cccc1-c1ccc(OC(F)(F)F)cc1
WDDPHFBMKLOVOX-AYQXTPAHSA-N,clofarabine,Nc1nc(Cl)nc2c1ncn2[C@@H]1O[C@H](CO)[C@@H](O)[C@@H]1F
WDQPAMHFFCXSNU-BGABXYSRSA-N,clofazimine,CC(C)/N=c1\cc2n(-c3ccc(Cl)cc3)c3ccccc3nc-2cc1Nc1ccc(Cl)cc1
WDRYRZXSPDWGEB-UHFFFAOYSA-N,lonidamine,O=C(O)c1nn(Cc2ccc(Cl)cc2Cl)c2ccccc12
WDSCBUNMANHPFH-UHFFFAOYSA-N,acexamic acid,CC(=O)NCCCCCC(=O)O
WDVSHHCDHLJJJR-UHFFFAOYSA-N,proflavine,Nc1ccc2cc3ccc(N)cc3nc2c1
WEQAYVWKMWHEJO-UHFFFAOYSA-N,chlormezanone,CN1C(=O)CCS(=O)(=O)C1c1ccc(Cl)cc1
WEUCDJCFJHYFRL-UHFFFAOYSA-N,homochlorcyclizine,CN1CCCN(C(c2ccccc2)c2ccc(Cl)cc2)CC1
WEXRUCMBJFQVBZ-UHFFFAOYSA-N,pentobarbital,CCCC(C)C1(CC)C(=O)NC(=O)NC1=O
WFPIAZLQTJBIFN-DVZOWYKESA-N,zuclopenthixol,OCCN1CCN(CC/C=C2/c3ccccc3Sc3ccc(Cl)cc32)CC1
WFWLQNSHRPWKFK-UHFFFAOYSA-N,tegafur,O=c1[nH]c(=O)n(C2CCCO2)cc1F
WHBIGIKBNXZKFE-UHFFFAOYSA-N,delavirdine,CC(C)Nc1cccnc1N1CCN(C(=O)c2cc3cc(NS(C)(=O)=O)ccc3[nH]2)CC1
WHQCHUCQKNIQEC-UHFFFAOYSA-N,benzbromarone,CCc1oc2ccccc2c1C(=O)c1cc(Br)c(O)c(Br)c1
WHWZLSFABNNENI-UHFFFAOYSA-N,epinastine,NC1=NCC2c3ccccc3Cc3ccccc3N12
WIKYUJGCLQQFNW-UHFFFAOYSA-N,prochlorperazine,CN1CCN(CCCN2c3ccccc3Sc3ccc(Cl)cc32)CC1
WINHZLLDWRZWRT-ATVHPVEESA-N,sunitinib,CCN(CC)CCNC(=O)c1c(C)[nH]c(/C=C2\C(=O)Nc3ccc(F)cc32)c1C
WKEMJKQOLOHJLZ-UHFFFAOYSA-N,almotriptan,CN(C)CCc1c[nH]c2ccc(CS(=O)(=O)N3CCCC3)cc12
WKSAUQYGYAYLPV-UHFFFAOYSA-N,pyrimethamine,CCc1nc(N)nc(N)c1-c1ccc(Cl)cc1
WLHQHAUOOXYABV-UHFFFAOYSA-N,lornoxicam,CN1C(C(=O)Nc2ccccn2)=C(O)c2sc(Cl)cc2S1(=O)=O
WNTYBHLDCKXEOT-UHFFFAOYSA-N,acetophenazine,CC(=O)c1ccc2c(c1)N(CCCN1CCN(CCO)CC1)c1ccccc1S2
WOFMFGQZHJDGCX-ZULDAHANSA-N,mometasone furoate,C[C@@H]1C[C@H]2[C@@H]3CCC4=CC(=O)C=C[C@]4(C)[C@@]3(Cl)[C@@H](O)C[C@]2(C)[C@@]1(OC(=O)c1ccco1)C(=O)CCl
WOSKHXYHFSIKNG-UHFFFAOYSA-N,lenvatinib,COc1cc2nccc(Oc3ccc(NC(=O)NC4CC4)c(Cl)c3)c2cc1C(N)=O
WOUOLAUOZXOLJQ-MBSDFSHPSA-N,delapril,CCOC(=O)[C@H](CCc1ccccc1)N[C@@H](C)C(=O)N(CC(=O)O)C1Cc2ccccc2C1
WOXKDUGGOYFFRN-IIBYNOLFSA-N,tadalafil,CN1CC(=O)N2[C@H](c3ccc4c(c3)OCO4)c3[nH]c4ccccc4c3C[C@@H]2C1=O
WOZSCQDILHKSGG-UHFFFAOYSA-N,adefovir dipivoxil,CC(C)(C)C(=O)OCOP(=O)(COCCn1cnc2c(N)ncnc21)OCOC(=O)C(C)(C)C
WPGGHFDDFPHPOB-BBWFWOEESA-N,mitiglinide,O=C(O)[C@H](CC(=O)N1C[C@H]2CCCC[C@H]2C1)Cc1ccccc1
WPNJAUFVNXKLIM-UHFFFAOYSA-N,moxonidine,COc1nc(C)nc(Cl)c1NC1=NCCN1
WPUKUEMZZRVAKZ-UHFFFAOYSA-N,pipenzolate,CC[N+]1(C)CCCC(OC(=O)C(O)(c2ccccc2)c2ccccc2)C1
WPVFJKSGQUFQAP-GKAPJAKFSA-N,valganciclovir,CC(C)[C@H](N)C(=O)OCC(CO)OCn1cnc2c(=O)[nH]c(N)nc21
WREGKURFCTUGRC-POYBYMJQSA-N,zalcitabine,Nc1ccn([C@H]2CC[C@@H](CO)O2)c(=O)n1
WRJPSSPFHGNBMG-UHFFFAOYSA-N,aceclidine,CC(=O)OC1CN2CCC1CC2
WRNXUQJJCIZICJ-UHFFFAOYSA-N,mozavaptan,Cc1ccccc1C(=O)Nc1ccc(C(=O)N2CCCC(N(C)C)c3ccccc32)cc1
WSEQXVZVJXJVFP-UHFFFAOYSA-N,citalopram,CN(C)CCCC1(c2ccc(F)cc2)OCc2cc(C#N)ccc21
WSNODXPBBALQOF-VEJSHDCNSA-N,tafluprost,CC(C)OC(=O)CCC/C=C\C[C@@H]1[C@@H](/C=C/C(F)(F)COc2ccccc2)[C@H](O)C[C@@H]1O
WSPOMRSOLSGNFJ-AUWJEWJLSA-N,chlorprothixene,CN(C)CC/C=C1/c2ccccc2Sc2ccc(Cl)cc21
WUWFMDMBOJLQIV-UHFFFAOYSA-N,tosufloxacin,NC1CCN(c2nc3c(cc2F)c(=O)c(C(=O)O)cn3-c2ccc(F)cc2F)C1
WWYNJERNGUHSAO-XUDSTZEESA-N,levonorgestrel,C#C[C@]1(O)CC[C@H]2[C@@H]3CCC4=CC(=O)CC[C@@H]4[C@H]3CC[C@@]21CC
WXCXUHSOUPDCQV-UHFFFAOYSA-N,enzalutamide,CNC(=O)c1ccc(N2C(=S)N(c3ccc(C#N)c(C(F)(F)F)c3)C(=O)C2(C)C)cc1F
WXXSNCNJFUAIDG-UHFFFAOYSA-N,riociguat,COC(=O)N(C)c1c(N)nc(-c2nn(Cc3ccccc3F)c3ncccc23)nc1N
WYCLKVQLVUQKNZ-UHFFFAOYSA-N,halazepam,O=C1CN=C(c2ccccc2)c2cc(Cl)ccc2N1CC(F)(F)F
WYDUSKDSKCASEF-UHFFFAOYSA-N,procyclidine,OC(CCN1CCCC1)(c1ccccc1)C1CCCCC1
WYUSVOMTXWRGEK-HBWVYFAYSA-N,cefpodoxime,COCC1=C(C(=O)O)N2C(=O)[C@@H](NC(=O)/C(=N\OC)c3csc(N)n3)[C@H]2SC1
WYWHKKSPHMUBEB-UHFFFAOYSA-N,thioguanine,Nc1nc2nc[nH]c2c(=S)[nH]1
WZHJKEUHNJHDLS-QTGUNEKASA-N,metergoline,CN1C[C@H](CNC(=O)OCc2ccccc2)C[C@@H]2c3cccc4c3c(cn4C)C[C@H]21
WZPBZJONDBGPKJ-VEHQQRBSSA-N,aztreonam,C[C@H]1[C@H](NC(=O)/C(=N\OC(C)(C)C(=O)O)c2csc(N)n2)C(=O)N1S(=O)(=O)O
XAGMUUZPGZWTRP-ZETCQYMHSA-N,pazufloxacin,C[C@H]1COc2c(C3(N)CC3)c(F)cc3c(=O)c(C(=O)O)cn1c23
XAUDJQYHKZQPEU-KVQBGUIXSA-N,decitabine,Nc1ncn([C@H]2C[C@H](O)[C@@H](CO)O2)c(=O)n1
XBJBPGROQZJDOJ-UHFFFAOYSA-N,fleroxacin,CN1CCN(c2c(F)cc3c(=O)c(C(=O)O)cn(CCF)c3c2F)CC1
XCGSFFUVFURLIX-VFGNJEKYSA-N,ergotamine,CN1C[C@H](C(=O)N[C@]2(C)O[C@@]3(O)[C@@H]4CCCN4C(=O)[C@H](Cc4ccccc4)N3C2=O)C=C2c3cccc4[nH]cc(c34)C[C@H]21
XCPGHVQEEXUHNC-UHFFFAOYSA-N,amsacrine,COc1cc(NS(C)(=O)=O)ccc1Nc1c2ccccc2nc2ccccc12
XCTYLCDETUVOIP-UHFFFAOYSA-N,thiethylperazine,CCSc1ccc2c(c1)N(CCCN1CCN(C)CC1)c1ccccc1S2
XCWPUUGSGHNIDZ-UHFFFAOYSA-N,oxypertine,COc1cc2[nH]c(C)c(CCN3CCN(c4ccccc4)CC3)c2cc1OC
XDRYMKDFEDOLFX-UHFFFAOYSA-N,pentamidine,N=C(N)c1ccc(OCCCCCOc2ccc(C(=N)N)cc2)cc1
XEEQGYMUWCZPDN-DOMZBBRYSA-N,mefloquine,O[C@@H](c1cc(C(F)(F)F)nc2c(C(F)(F)F)cccc12)[C@H]1CCCCN1
XEFQLINVKFYRCS-UHFFFAOYSA-N,triclosan,Oc1cc(Cl)ccc1Oc1ccc(Cl)cc1Cl
XEYBRNLFEZDVAW-ARSRFYASSA-N,dinoprostone,CCCCC[C@H](O)/C=C/[C@H]1[C@H](O)CC(=O)[C@@H]1C/C=C\CCCC(=O)O
XFDJYSQDBULQSI-UHFFFAOYSA-N,doxapram,CCN1CC(CCN2CCOCC2)C(c2ccccc2)(c2ccccc2)C1=O
XGALLCVXEZPNRQ-UHFFFAOYSA-N,gefitinib,COc1cc2ncnc(Nc3ccc(F)c(Cl)c3)c2cc1OCCCN1CCOCC1
XGGHHHBGPSNXFE-ZSHCYNCHSA-N,octatropine methylbromide,CCCC(CCC)C(=O)O[C@H]1C[C@H]2CC[C@@H](C1)[N+]2(C)C
XIURVHNZVLADCM-IUODEOHRSA-N,cefalotin,CC(=O)OCC1=C(C(=O)O)N2C(=O)[C@@H](NC(=O)Cc3cccs3)[C@H]2SC1
XIUUSFJTJXFNGH-UHFFFAOYSA-N,mebicar,CN1C(=O)N(C)C2C1N(C)C(=O)N2C
XJGFWWJLMVZSIG-UHFFFAOYSA-N,aminoacridine,Nc1c2ccccc2nc2ccccc12
XJGVXQDUIWGIRW-UHFFFAOYSA-N,loxapine,CN1CCN(C2=Nc3ccccc3Oc3ccc(Cl)cc32)CC1
XKFIQZCHJUUSBA-UHFFFAOYSA-N,perisoxal,OC(CN1CCCCC1)c1cc(-c2ccccc2)on1
XKLMZUWKNUAPSZ-UHFFFAOYSA-N,ranolazine,COc1ccccc1OCC(O)CN1CCN(CC(=O)Nc2c(C)cccc2C)CC1
XMXHEBAFVSFQEX-UHFFFAOYSA-N,iloperidone,COc1cc(C(C)=O)ccc1OCCCN1CCC(c2noc3cc(F)ccc23)CC1
XPCFTKFZXHTYIP-PMACEKPBSA-N,benazepril,CCOC(=O)[C@H](CCc1ccccc1)N[C@H]1CCc2ccccc2N(CC(=O)O)C1=O
XQLWNAFCTODIRK-UHFFFAOYSA-N,gallopamil,COc1ccc(CCN(C)CCCC(C#N)(c2cc(OC)c(OC)c(OC)c2)C(C)C)cc1OC
XQTARQNQIVVBRX-UHFFFAOYSA-N,tazanolast,CCCCOC(=O)C(=O)Nc1cccc(-c2nnn[nH]2)c1
XRECTZIEBJDKEO-UHFFFAOYSA-N,flucytosine,Nc1nc(=O)[nH]cc1F
XSBSKEQEUFOSDD-UHFFFAOYSA-N,pentolonium,C[N+]1(CCCCC[N+]2(C)CCCC2)CCCC1
XSCGXQMFQXDFCW-UHFFFAOYSA-N,triflupromazine,CN(C)CCCN1c2ccccc2Sc2ccc(C(F)(F)F)cc21
XSDQTOBWRPYKKA-UHFFFAOYSA-N,amiloride,N=C(N)NC(=O)c1nc(Cl)c(N)nc1N
XSEUMFJMFFMCIU-UHFFFAOYSA-N,buformin,CCCCNC(=N)NC(=N)N
XTNGUQKDFGDXSJ-ZXGKGEBGSA-N,canagliflozin,Cc1ccc([C@@H]2O[C@H](CO)[C@@H](O)[C@H](O)[C@H]2O)cc1Cc1ccc(-c2ccc(F)cc2)s1
XTTZERNUQAFMOF-QMMMGPOBSA-N,lorcaserin,C[C@H]1CNCCc2ccc(Cl)cc21
XUBOMFCQGDBHNK-UHFFFAOYSA-N,gatifloxacin,COc1c(N2CCNC(C)C2)c(F)cc2c(=O)c(C(=O)O)cn(C3CC3)c12
XUIIKFGFIJCVMT-LBPRGKRZSA-N,levothyroxine,N[C@@H](Cc1cc(I)c(Oc2cc(I)c(O)c(I)c2)c(I)c1)C(=O)O
XUKUURHRXDUEBC-KAYWLYCHSA-N,atorvastatin,CC(C)c1c(C(=O)Nc2ccccc2)c(-c2ccccc2)c(-c2ccc(F)cc2)n1CC[C@@H](O)C[C@@H](O)CC(=O)O
XUZMWHLSFXCVMG-UHFFFAOYSA-N,baricitinib,CCS(=O)(=O)N1CC(CC#N)(n2cc(-c3ncnc4[nH]ccc34)cn2)C1
XVUQHFRQHBLHQD-UHFFFAOYSA-N,lonazolac,O=C(O)Cc1cn(-c2ccccc2)nc1-c1ccc(Cl)cc1
XWXYUMMDTVBTOU-UHFFFAOYSA-N,nilutamide,CC1(C)NC(=O)N(c2ccc([N+](=O)[O-])c(C(F)(F)F)c2)C1=O
XXPANQJNYNUNES-UHFFFAOYSA-N,nomifensine,CN1Cc2c(N)cccc2C(c2ccccc2)C1
XXUPXHKCPIKWLR-JHUOEJJVSA-N,unoprostone isopropyl,CCCCCCCC(=O)CC[C@@H]1[C@@H](C/C=C\CCCC(=O)OC(C)C)[C@@H](O)C[C@H]1O
XYFPWWZEPKGCCK-GOSISDBHSA-N,ibrutinib,C=CC(=O)N1CCC[C@@H](n2nc(-c3ccc(Oc4ccccc4)cc3)c3c(N)ncnc32)C1
XYWJNTOURDMTPI-UHFFFAOYSA-N,procodazole,O=C(O)CCc1nc2ccccc2[nH]1
XZXHXSATPCNXJR-ZIADKAODSA-N,nintedanib,COC(=O)c1ccc2c(c1)NC(=O)/C2=C(\Nc1ccc(N(C)C(=O)CN2CCN(C)CC2)cc1)c1ccccc1
YAPQBXQYLJRXSA-UHFFFAOYSA-N,theobromine,Cn1cnc2c1c(=O)[nH]c(=O)n2C
YASAKCUCGLMORW-UHFFFAOYSA-N,rosiglitazone,CN(CCOc1ccc(CC2SC(=O)NC2=O)cc1)c1ccccn1
YBBLVLTVTVSKRW-UHFFFAOYSA-N,anastrozole,CC(C)(C#N)c1cc(Cn2cncn2)cc(C(C)(C)C#N)c1
YEHCICAEULNIGD-MZMPZRCHSA-N,pergolide,CCCN1C[C@H](CSC)C[C@@H]2c3cccc4[nH]cc(c34)C[C@H]21
YEZNLOUZAIOMLT-UHFFFAOYSA-N,tolfenamic acid,Cc1c(Cl)cccc1Nc1ccccc1C(=O)O
YHXISWVBGDMDLQ-UHFFFAOYSA-N,moclobemide,O=C(NCCN1CCOCC1)c1ccc(Cl)cc1
YIQPUIGJQJDJOS-UHFFFAOYSA-N,plerixafor,c1cc(CN2CCCNCCNCCCNCC2)ccc1CN1CCCNCCNCCCNCC1
YLCXGBZIZBEVPZ-UHFFFAOYSA-N,medazepam,CN1CCN=C(c2ccccc2)c2cc(Cl)ccc21
YLJREFDVOIBQDA-UHFFFAOYSA-N,tacrine,Nc1c2c(nc3ccccc13)CCCC2
YMARZQAQMVYCKC-OEMFJLHTSA-N,amprenavir,CC(C)CN(C[C@@H](O)[C@H](Cc1ccccc1)NC(=O)O[C@H]1CCOC1)S(=O)(=O)c1ccc(N)cc1
YMTINGFKWWXKFG-UHFFFAOYSA-N,fenofibrate,CC(C)OC(=O)C(C)(C)Oc1ccc(C(=O)c2ccc(Cl)cc2)cc1
YMVWGSQGCWCDGW-UHFFFAOYSA-N,nitracrine,CN(C)CCCNc1c2ccccc2nc2cccc([N+](=O)[O-])c12
YNNUSGIPVFPVBX-NHCUHLMSSA-N,clemastine,CN1CCC[C@@H]1CCO[C@](C)(c1ccccc1)c1ccc(Cl)cc1
YNZXWQJZEDLQEG-UHFFFAOYSA-N,trimazosin,COc1cc2c(N)nc(N3CCN(C(=O)OCC(C)(C)O)CC3)nc2c(OC)c1OC
YOSHYTLCDANDAN-UHFFFAOYSA-N,irbesartan,CCCCC1=NC2(CCCC2)C(=O)N1Cc1ccc(-c2ccccc2-c2nnn[nH]2)cc1
YOZBGTLTNGAVFU-UHFFFAOYSA-N,roxadustat,Cc1nc(C(=O)NCC(=O)O)c(O)c2ccc(Oc3ccccc3)cc12
YPBATNHYBCGSSN-VWPFQQQWSA-N,mezlocillin,CC1(C)S[C@@H]2[C@H](NC(=O)[C@H](NC(=O)N3CCN(S(C)(=O)=O)C3=O)c3ccccc3)C(=O)N2[C@H]1C(=O)O
YPELFRMCRYSPKZ-UHFFFAOYSA-N,mosapride,CCOc1cc(N)c(Cl)cc1C(=O)NCC1CN(Cc2ccc(F)cc2)CCO1
YPIQVCUJEKAZCP-UHFFFAOYSA-N,malotilate,CC(C)OC(=O)C(C(=O)OC(C)C)=C1SC=CS1
YQNQNVDNTFHQSW-UHFFFAOYSA-N,nitazoxanide,CC(=O)Oc1ccccc1C(=O)Nc1ncc([N+](=O)[O-])s1
YREYEVIYCVEVJK-UHFFFAOYSA-N,rabeprazole,COCCCOc1ccnc(CS(=O)c2nc3ccccc3[nH]2)c1C
YSAUAVHXTIETRK-AATRIKPKSA-N,pyrantel,CN1CCCN=C1/C=C/c1cccs1
YSEXMKHXIOCEJA-FVFQAYNVSA-N,nicergoline,CO[C@]12C[C@@H](COC(=O)c3cncc(Br)c3)CN(C)[C@@H]1Cc1cn(C)c3cccc2c13
YSIITVVESCNIPR-UHFFFAOYSA-N,troxipide,COc1cc(C(=O)NC2CCCNC2)cc(OC)c1OC
YTGJWQPHMWSCST-UHFFFAOYSA-N,tiopronin,CC(S)C(=O)NCC(=O)O
YTKUWDBFDASYHO-UHFFFAOYSA-N,bendamustine,Cn1c(CCCC(=O)O)nc2cc(N(CCCl)CCCl)ccc21
YTRMTPPVNRALON-UHFFFAOYSA-N,cinchophen,O=C(O)c1cc(-c2ccccc2)nc2ccccc12
YUGZHQHSNYIFLG-UHFFFAOYSA-N,diperodon,O=C(Nc1ccccc1)OCC(CN1CCCCC1)OC(=O)Nc1ccccc1
YWGDOWXRIALTES-NRFANRHFSA-N,bepotastine,O=C(O)CCCN1CCC(O[C@@H](c2ccc(Cl)cc2)c2ccccn2)CC1
YWPHCCPCQOJSGZ-UHFFFAOYSA-N,viloxazine,CCOc1ccccc1OCC1CNCCO1
YXSLJKQTIDHPOT-UHFFFAOYSA-N,atracurium,COc1ccc(CC2c3cc(OC)c(OC)cc3CC[N+]2(C)CCC(=O)OCCCCCOC(=O)CC[N+]2(C)CCc3cc(OC)c(OC)cc3C2Cc2ccc(OC)c(OC)c2)cc1OC
YYUAYBYLJSNDCX-UHFFFAOYSA-N,isoxicam,Cc1cc(NC(=O)C2=C(O)c3ccccc3S(=O)(=O)N2C)no1
YZMCKZRAOLZXAZ-UHFFFAOYSA-N,sulfisomidine,Cc1cc(NS(=O)(=O)c2ccc(N)cc2)nc(C)n1
ZAKOWWREFLAJOT-CEFNRUSXSA-N,alpha-tocopherol acetate,CC(=O)Oc1c(C)c(C)c2c(c1C)CC[C@@](C)(CCC[C@H](C)CCC[C@H](C)CCCC(C)C)O2
ZBGXUVOIWDMMJE-QHNZEKIYSA-N,vorapaxar,CCOC(=O)N[C@@H]1CC[C@@H]2[C@@H](C1)C[C@H]1C(=O)O[C@H](C)[C@H]1[C@H]2/C=C/c1ccc(-c2cccc(F)c2)cn1
ZBIAKUMOEKILTF-UHFFFAOYSA-N,lidoflazine,Cc1cccc(C)c1NC(=O)CN1CCN(CCCC(c2ccc(F)cc2)c2ccc(F)cc2)CC1
ZBNZXTGUTAYRHI-UHFFFAOYSA-N,dasatinib,Cc1nc(Nc2ncc(C(=O)Nc3c(C)cccc3Cl)s2)cc(N2CCN(CCO)CC2)n1
ZBPLOVFIXSTCRZ-UHFFFAOYSA-N,bromfenac,Nc1c(CC(=O)O)cccc1C(=O)c1ccc(Br)cc1
ZBVKEHDGYSLCCC-UHFFFAOYSA-N,seratrodast,CC1=C(C)C(=O)C(C(CCCCCC(=O)O)c2ccccc2)=C(C)C1=O
ZCGNOVWYSGBHAU-UHFFFAOYSA-N,favipiravir,NC(=O)c1nc(F)cnc1O
ZCJYUTQZBAIHBS-UHFFFAOYSA-N,fenticonazole,Clc1ccc(C(Cn2ccnc2)OCc2ccc(Sc3ccccc3)cc2)c(Cl)c1
ZCVMWBYGMWKGHF-UHFFFAOYSA-N,ketotifen,CN1CCC(=C2c3ccccc3CC(=O)c3sccc32)CC1
ZDXUKAKRHYTAKV-UHFFFAOYSA-N,lercanidipine,COC(=O)C1=C(C)NC(C)=C(C(=O)OC(C)(C)CN(C)CCC(c2ccccc2)c2ccccc2)C1c1cccc([N+](=O)[O-])c1
ZEKZLJVOYLTDKK-UHFFFAOYSA-N,lomefloxacin,CCn1cc(C(=O)O)c(=O)c2cc(F)c(N3CCNC(C)C3)c(F)c21
ZEUITGRIYCTCEM-KRWDZBQOSA-N,duloxetine,CNCC[C@H](Oc1cccc2ccccc12)c1cccs1
ZEWQUBUPAILYHI-UHFFFAOYSA-N,trifluoperazine,CN1CCN(CCCN2c3ccccc3Sc3ccc(C(F)(F)F)cc32)CC1
ZFMITUMMTDLWHR-UHFFFAOYSA-N,minoxidil,Nc1cc(N2CCCCC2)nc(N)[n+]1[O-]
ZGUGWUXLJSTTMA-UHFFFAOYSA-N,promazine,CN(C)CCCN1c2ccccc2Sc2ccccc21
ZJAOAACCNHFJAH-UHFFFAOYSA-N,foscarnet,O=C(O)P(=O)(O)O
ZJKNESGOIKRXQY-UHFFFAOYSA-N,enoximone,CSc1ccc(C(=O)c2[nH]c(=O)[nH]c2C)cc1
ZJVFLBOZORBYFE-UHFFFAOYSA-N,ibudilast,CC(C)C(=O)c1c(C(C)C)nn2ccccc12
ZKFQEACEUNWPMT-UHFFFAOYSA-N,azelnidipine,CC1=C(C(=O)OC(C)C)C(c2cccc([N+](=O)[O-])c2)C(C(=O)OC2CN(C(c3ccccc3)c3ccccc3)C2)=C(N)N1
ZLHZLMOSPGACSZ-NSHDSACASA-N,pretomanid,O=[N+]([O-])c1cn2c(n1)OC[C@@H](OCc1ccc(OC(F)(F)F)cc1)C2
ZNEWHQLOPFWXOF-UHFFFAOYSA-N,mesna,O=S(=O)(O)CCS
ZPAKPRAICRBAOD-UHFFFAOYSA-N,fenbufen,O=C(O)CCC(=O)c1ccc(-c2ccccc2)cc1
ZPEIMTDSQAKGNT-UHFFFAOYSA-N,chlorpromazine,CN(C)CCCN1c2ccccc2Sc2ccc(Cl)cc21
ZPFXAOWNKLFJDN-UHFFFAOYSA-N,alverine,CCN(CCCc1ccccc1)CCCc1ccccc1
ZPLQIPFOCGIIHV-UHFFFAOYSA-N,gimeracil,O=c1cc(O)c(Cl)c[nH]1
ZQTNQVWKHCQYLQ-UHFFFAOYSA-N,dronedarone,CCCCc1oc2ccc(NS(C)(=O)=O)cc2c1C(=O)c1ccc(OCCCN(CCCC)CCCC)cc1
ZRIHAIZYIMGOAB-UHFFFAOYSA-N,secbutabarbital,CCC(C)C1(CC)C(=O)NC(=O)NC1=O
ZRVUJXDFFKFLMG-UHFFFAOYSA-N,meloxicam,Cc1cnc(NC(=O)C2=C(O)c3ccccc3S(=O)(=O)N2C)s1
ZRYHPQCHHOKSMD-UHFFFAOYSA-N,hexocyclium,C[N+]1(C)CCN(CC(O)(c2ccccc2)C2CCCCC2)CC1
ZSKVGTPCRGIANV-ZXFLCMHBSA-N,imipenem,C[C@@H](O)[C@H]1C(=O)N2C(C(=O)O)=C(SCCNC=N)C[C@H]12
ZWAOHEXOSAUJHY-ZIYNGMLESA-N,doxifluridine,C[C@H]1O[C@@H](n2cc(F)c(=O)[nH]c2=O)[C@H](O)[C@@H]1O
ZXIBCJHYVWYIKI-PZJWPPBQSA-N,ximelagatran,CCOC(=O)CN[C@@H](C(=O)N1CC[C@H]1C(=O)NCc1ccc(C(=N)NO)cc1)C1CCCCC1
ZZHLYYDVIOPZBE-UHFFFAOYSA-N,alimemazine,CC(CN(C)C)CN1c2ccccc2Sc2ccccc21
ZZORFUFYDOWNEF-UHFFFAOYSA-N,sulfadimethoxine,COc1cc(NS(=O)(=O)c2ccc(N)cc2)nc(OC)n1
ZZUFCTLCJUWOSV-UHFFFAOYSA-N,furosemide,NS(=O)(=O)c1cc(C(=O)O)c(NCc2ccco2)cc1Cl
