assay group ID,preferred assay ID,assay name,event,Format,mode,Readout,Technology,EntrezGeneID,EntrezGeneSymbol,Protein/Target/Name,Protein/Target/ProteinClass,assay_species,representative_human_gene,number of tested drugs across all assays in group,number of unique tested drugs within assay group,assay_group,mapped_human_gene,binding_event
3086,3086,ADRB1 inhibition,protein binding assay,in vitro assay,inhibition,radioactivity readout,radioactivity method,153,ADRB1,Beta-1 adrenergic receptor,GPCR,Human (Homo sapiens),ADRB1,1206,1195,3086,ADRB1,True
3130,3130,CHRM1 inhibition,protein binding assay,in vitro assay with cellular components,inhibition,radioactivity readout,scintillation proximity assay,1128,CHRM1,Muscarinic acetylcholine receptor M1,GPCR,Human (Homo sapiens),CHRM1,1266,1248,3130,CHRM1,True
3131,3131,CHRM3 Binding,protein binding assay,in vitro assay with cellular components,Binding,radioactivity readout,scintillation proximity assay,1131,CHRM3,Muscarinic acetylcholine receptor M3,GPCR,Human (Homo sapiens),CHRM3,1197,1188,3131,CHRM3,True
3157,3157,DRD2 Binding,protein binding assay,in vitro assay with cellular components,Binding,radioactivity readout,"membrane filtration, scintillation proximity assay",1813,DRD2,D(2) dopamine receptor,GPCR,Human (Homo sapiens),DRD2,1244,1228,3157,DRD2,True
49102,49102,HRH1 Binding,protein binding assay,in vitro assay,Binding,radioactivity readout,filtration,3269,HRH1,Histamine H1 receptor,GPCR,Human (Homo sapiens),HRH1,1257,1239,49102,HRH1,True
3081,3081,KCNH2 (dofelitide binding) inhibition,protein binding assay,in vitro assay with cellular components,inhibition,radioactivity readout,"membrane filtration, radioactivity method",3757,KCNH2,Potassium voltage-gated channel subfamily H member 2,Ion Channel,Human (Homo sapiens),KCNH2,1822,1804,3081,KCNH2,True
3218,3218,NR3C1 Binding,protein binding assay,in vitro cell free assay,Binding,radioactivity readout,"filtration, radioactivity method",2908,NR3C1,Glucocorticoid receptor,Nuclear Hormone Receptor,Human (Homo sapiens),NR3C1,1100,1095,3218,NR3C1,True
"3161, 41626",41626,SLC6A2 Binding,protein binding assay,in vitro assay with cellular components,Binding,radioactivity readout,scintillation counting,6530,SLC6A2,Sodium-dependent noradrenaline transporter,Transporter,Human (Homo sapiens),SLC6A2,2147,1924,"3161, 41626",SLC6A2,True
"3088, 41625",41625,SLC6A3 Binding,protein binding assay,in vitro assay with cellular components,Binding,radioactivity readout,scintillation counting,6531,SLC6A3,Sodium-dependent dopamine transporter,Transporter,Human (Homo sapiens),SLC6A3,2164,1941,"3088, 41625",SLC6A3,True
"3176, 31504, 41627",41627,SLC6A4 Binding,protein binding assay,in vitro assay with cellular components,Binding,radioactivity readout,scintillation counting,6532,SLC6A4,Sodium-dependent serotonin transporter,Transporter,Human (Homo sapiens),SLC6A4,2138,1933,"3176, 31504, 41627",SLC6A4,True
