dataset,policy,regime,axis,method,fraction,stratum,macro,pooled,queries,pairs,query_q10,query_q50,query_q90,observed_support_cells,error_cells,exact_error_cells,interval_mae,exact_mae,evaluated_target_folds,expected_target_folds,evaluated_target_contexts,expected_target_contexts,context_coverage_complete
SPD,source_representative,new_targets_known_molecules,target,native__boltz_affinity,1.0,all_determinate,0.5620658891389907,0.5946736453201971,373,6496,0.1111111111111111,0.6,0.939607843137255,61497,0,0,,,45,45,45,45,True
SPD,source_representative,new_targets_known_molecules,target,native__boltz_affinity,1.0,both_exact,0.5827234210375972,0.603579418344519,261,2235,0.0,0.6666666666666666,1.0,0,0,0,,,45,45,45,45,True
SPD,source_representative,new_targets_known_molecules,target,native__boltz_affinity,1.0,one_bounded,0.5584008730119223,0.5900023468669326,340,4261,0.0,0.6055555555555556,1.0,0,0,0,,,45,45,45,45,True
SPD,source_representative,new_targets_known_molecules,target,native__boltz_affinity,1.0,both_bounded,,,0,0,,,,0,0,0,,,45,45,45,45,True
SPD,source_representative,new_targets_known_molecules,target,native__boltz_binary,1.0,all_determinate,0.6588247248321865,0.6816502463054187,373,6496,0.2512820512820513,0.7058823529411765,1.0,61497,0,0,,,45,45,45,45,True
SPD,source_representative,new_targets_known_molecules,target,native__boltz_binary,1.0,both_exact,0.6193682860349526,0.6563758389261745,261,2235,0.0,0.6666666666666666,1.0,0,0,0,,,45,45,45,45,True
SPD,source_representative,new_targets_known_molecules,target,native__boltz_binary,1.0,one_bounded,0.669977022623152,0.6949072987561605,340,4261,0.25,0.75,1.0,0,0,0,,,45,45,45,45,True
SPD,source_representative,new_targets_known_molecules,target,native__boltz_binary,1.0,both_bounded,,,0,0,,,,0,0,0,,,45,45,45,45,True
SPD,source_representative,new_targets_known_molecules,target,native__boltzina_vina_far_affinity,1.0,all_determinate,0.5633429089572257,0.5868226600985221,373,6496,0.1492877492877493,0.5909090909090909,0.9933333333333337,61497,0,0,,,45,45,45,45,True
SPD,source_representative,new_targets_known_molecules,target,native__boltzina_vina_far_affinity,1.0,both_exact,0.5747355879539788,0.6062639821029083,261,2235,0.0,0.6666666666666666,1.0,0,0,0,,,45,45,45,45,True
SPD,source_representative,new_targets_known_molecules,target,native__boltzina_vina_far_affinity,1.0,one_bounded,0.5609944838593803,0.5766252053508566,340,4261,0.1111111111111111,0.6,1.0,0,0,0,,,45,45,45,45,True
SPD,source_representative,new_targets_known_molecules,target,native__boltzina_vina_far_affinity,1.0,both_bounded,,,0,0,,,,0,0,0,,,45,45,45,45,True
SPD,source_representative,new_targets_known_molecules,target,native__boltzina_vina_far_binary,1.0,all_determinate,0.6701386313571764,0.6919642857142857,373,6496,0.3093117408906883,0.7142857142857143,1.0,61497,0,0,,,45,45,45,45,True
SPD,source_representative,new_targets_known_molecules,target,native__boltzina_vina_far_binary,1.0,both_exact,0.6373898628687901,0.6724832214765101,261,2235,0.0,0.6666666666666666,1.0,0,0,0,,,45,45,45,45,True
SPD,source_representative,new_targets_known_molecules,target,native__boltzina_vina_far_binary,1.0,one_bounded,0.6848865517360594,0.7021825862473597,340,4261,0.24880952380952379,0.75,1.0,0,0,0,,,45,45,45,45,True
SPD,source_representative,new_targets_known_molecules,target,native__boltzina_vina_far_binary,1.0,both_bounded,,,0,0,,,,0,0,0,,,45,45,45,45,True
SPD,source_representative,new_targets_known_molecules,target,native__boltzina_vina_zero_affinity,1.0,all_determinate,0.5633429089572257,0.5868226600985221,373,6496,0.1492877492877493,0.5909090909090909,0.9933333333333337,61497,0,0,,,45,45,45,45,True
SPD,source_representative,new_targets_known_molecules,target,native__boltzina_vina_zero_affinity,1.0,both_exact,0.5747355879539788,0.6062639821029083,261,2235,0.0,0.6666666666666666,1.0,0,0,0,,,45,45,45,45,True
SPD,source_representative,new_targets_known_molecules,target,native__boltzina_vina_zero_affinity,1.0,one_bounded,0.5609944838593803,0.5766252053508566,340,4261,0.1111111111111111,0.6,1.0,0,0,0,,,45,45,45,45,True
SPD,source_representative,new_targets_known_molecules,target,native__boltzina_vina_zero_affinity,1.0,both_bounded,,,0,0,,,,0,0,0,,,45,45,45,45,True
SPD,source_representative,new_targets_known_molecules,target,native__boltzina_vina_zero_binary,1.0,all_determinate,0.6701386313571764,0.6919642857142857,373,6496,0.3093117408906883,0.7142857142857143,1.0,61497,0,0,,,45,45,45,45,True
SPD,source_representative,new_targets_known_molecules,target,native__boltzina_vina_zero_binary,1.0,both_exact,0.6373898628687901,0.6724832214765101,261,2235,0.0,0.6666666666666666,1.0,0,0,0,,,45,45,45,45,True
SPD,source_representative,new_targets_known_molecules,target,native__boltzina_vina_zero_binary,1.0,one_bounded,0.6848865517360594,0.7021825862473597,340,4261,0.24880952380952379,0.75,1.0,0,0,0,,,45,45,45,45,True
SPD,source_representative,new_targets_known_molecules,target,native__boltzina_vina_zero_binary,1.0,both_bounded,,,0,0,,,,0,0,0,,,45,45,45,45,True
SPD,source_representative,new_targets_known_molecules,target,native__gnina,1.0,all_determinate,0.6129066023803486,0.6031403940886699,373,6496,0.3333333333333333,0.6,1.0,61497,0,0,,,45,45,45,45,True
SPD,source_representative,new_targets_known_molecules,target,native__gnina,1.0,both_exact,0.5876546895703983,0.5892617449664429,261,2235,0.0,0.6428571428571429,1.0,0,0,0,,,45,45,45,45,True
SPD,source_representative,new_targets_known_molecules,target,native__gnina,1.0,one_bounded,0.6096930109173158,0.6104200891809435,340,4261,0.25,0.625,1.0,0,0,0,,,45,45,45,45,True
SPD,source_representative,new_targets_known_molecules,target,native__gnina,1.0,both_bounded,,,0,0,,,,0,0,0,,,45,45,45,45,True
SPD,source_representative,new_targets_known_molecules,target,native__nesso_affinity,1.0,all_determinate,0.55521162589458,0.583128078817734,373,6496,0.1111111111111111,0.5952380952380952,0.9366666666666668,61497,0,0,,,45,45,45,45,True
SPD,source_representative,new_targets_known_molecules,target,native__nesso_affinity,1.0,both_exact,0.5424660765656935,0.5740492170022371,261,2235,0.0,0.5714285714285714,1.0,0,0,0,,,45,45,45,45,True
SPD,source_representative,new_targets_known_molecules,target,native__nesso_affinity,1.0,one_bounded,0.5676277551262378,0.5878901666275522,340,4261,0.06101190476190474,0.5954545454545455,1.0,0,0,0,,,45,45,45,45,True
SPD,source_representative,new_targets_known_molecules,target,native__nesso_affinity,1.0,both_bounded,,,0,0,,,,0,0,0,,,45,45,45,45,True
SPD,source_representative,new_targets_known_molecules,target,native__nesso_binary,1.0,all_determinate,0.6190976568175237,0.6439347290640394,373,6496,0.25,0.6666666666666666,1.0,61497,0,0,,,45,45,45,45,True
SPD,source_representative,new_targets_known_molecules,target,native__nesso_binary,1.0,both_exact,0.5881406659184437,0.5986577181208054,261,2235,0.0,0.6666666666666666,1.0,0,0,0,,,45,45,45,45,True
SPD,source_representative,new_targets_known_molecules,target,native__nesso_binary,1.0,one_bounded,0.6501608491366812,0.6676836423374795,340,4261,0.21999999999999995,0.7071078431372549,1.0,0,0,0,,,45,45,45,45,True
SPD,source_representative,new_targets_known_molecules,target,native__nesso_binary,1.0,both_bounded,,,0,0,,,,0,0,0,,,45,45,45,45,True
SPD,source_representative,new_targets_known_molecules,target,native__raw_ad4,1.0,all_determinate,0.5432162975080075,0.5544950738916257,373,6496,0.13333333333333344,0.5555555555555556,0.9329411764705887,61497,0,0,,,45,45,45,45,True
SPD,source_representative,new_targets_known_molecules,target,native__raw_ad4,1.0,both_exact,0.5072764683875794,0.5277404921700224,261,2235,0.0,0.5,1.0,0,0,0,,,45,45,45,45,True
SPD,source_representative,new_targets_known_molecules,target,native__raw_ad4,1.0,one_bounded,0.5596458954862389,0.5685285144332316,340,4261,0.1111111111111111,0.5669642857142857,1.0,0,0,0,,,45,45,45,45,True
SPD,source_representative,new_targets_known_molecules,target,native__raw_ad4,1.0,both_bounded,,,0,0,,,,0,0,0,,,45,45,45,45,True
SPD,source_representative,new_targets_known_molecules,target,native__raw_gnina_own,1.0,all_determinate,0.62776057059596,0.5980603448275862,373,6496,0.3076923076923077,0.65,1.0,61497,0,0,,,45,45,45,45,True
SPD,source_representative,new_targets_known_molecules,target,native__raw_gnina_own,1.0,both_exact,0.6045267489711934,0.5991051454138703,261,2235,0.0,0.6666666666666666,1.0,0,0,0,,,45,45,45,45,True
SPD,source_representative,new_targets_known_molecules,target,native__raw_gnina_own,1.0,one_bounded,0.620668381156207,0.5975123210513964,340,4261,0.21999999999999995,0.6449579831932774,1.0,0,0,0,,,45,45,45,45,True
SPD,source_representative,new_targets_known_molecules,target,native__raw_gnina_own,1.0,both_bounded,,,0,0,,,,0,0,0,,,45,45,45,45,True
SPD,source_representative,new_targets_known_molecules,target,native__vina,1.0,all_determinate,0.5804399141812819,0.6009082512315271,373,6496,0.2222222222222222,0.6071428571428571,0.8888888888888888,61497,0,0,,,45,45,45,45,True
SPD,source_representative,new_targets_known_molecules,target,native__vina,1.0,both_exact,0.4954656490097103,0.5203579418344519,261,2235,0.0,0.5,1.0,0,0,0,,,45,45,45,45,True
SPD,source_representative,new_targets_known_molecules,target,native__vina,1.0,one_bounded,0.6211274507583027,0.64315888289134,340,4261,0.2222222222222222,0.6666666666666666,1.0,0,0,0,,,45,45,45,45,True
SPD,source_representative,new_targets_known_molecules,target,native__vina,1.0,both_bounded,,,0,0,,,,0,0,0,,,45,45,45,45,True
SPD,source_representative,new_targets_known_molecules,target,baseline,1.0,all_determinate,0.5117848518074712,0.5335591133004927,373,6496,0.16666666666666666,0.5294117647058824,0.8333333333333334,61497,61497,10863,0.22083500972637887,0.7351983026012685,45,45,45,45,True
SPD,source_representative,new_targets_known_molecules,target,baseline,1.0,both_exact,0.5065592985133215,0.5588366890380313,261,2235,0.0,0.5,1.0,0,0,0,,,45,45,45,45,True
SPD,source_representative,new_targets_known_molecules,target,baseline,1.0,one_bounded,0.5040145108859646,0.5203003989673786,340,4261,0.12361111111111109,0.5,0.8755000000000002,0,0,0,,,45,45,45,45,True
SPD,source_representative,new_targets_known_molecules,target,baseline,1.0,both_bounded,,,0,0,,,,0,0,0,,,45,45,45,45,True
SPD,source_representative,new_targets_known_molecules,target,target_prior,1.0,all_determinate,0.4701374452389007,0.4413485221674877,373,6496,0.125,0.4583333333333333,0.8333333333333334,61497,61497,10863,0.3038431499698693,0.8886607504229085,45,45,45,45,True
SPD,source_representative,new_targets_known_molecules,target,target_prior,1.0,both_exact,0.5696590978200174,0.5427293064876958,261,2235,0.0,0.6,1.0,0,0,0,,,45,45,45,45,True
SPD,source_representative,new_targets_known_molecules,target,target_prior,1.0,one_bounded,0.4227266149942882,0.3881717906594696,340,4261,0.0,0.375,0.8888888888888888,0,0,0,,,45,45,45,45,True
SPD,source_representative,new_targets_known_molecules,target,target_prior,1.0,both_bounded,,,0,0,,,,0,0,0,,,45,45,45,45,True
SPD,source_representative,new_targets_known_molecules,target,calibrated__boltz_affinity,1.0,all_determinate,0.5481670793044707,0.5914408866995073,373,6496,0.1111111111111111,0.5909090909090909,0.939607843137255,61497,61497,10863,0.23352698023099352,0.7955932917868116,45,45,45,45,True
SPD,source_representative,new_targets_known_molecules,target,calibrated__boltz_affinity,1.0,both_exact,0.5332817317491647,0.5803131991051454,261,2235,0.0,0.6,1.0,0,0,0,,,45,45,45,45,True
SPD,source_representative,new_targets_known_molecules,target,calibrated__boltz_affinity,1.0,one_bounded,0.5579077202232187,0.5972776343581319,340,4261,0.0,0.6055555555555556,1.0,0,0,0,,,45,45,45,45,True
SPD,source_representative,new_targets_known_molecules,target,calibrated__boltz_affinity,1.0,both_bounded,,,0,0,,,,0,0,0,,,45,45,45,45,True
SPD,source_representative,new_targets_known_molecules,target,availability__boltz_affinity,1.0,all_determinate,0.511896558688615,0.5337130541871922,373,6496,0.16666666666666666,0.5294117647058824,0.8333333333333334,61497,61497,10863,0.22083798470706623,0.7351910777633085,45,45,45,45,True
SPD,source_representative,new_targets_known_molecules,target,availability__boltz_affinity,1.0,both_exact,0.5078364377214952,0.5592841163310962,261,2235,0.0,0.5,1.0,0,0,0,,,45,45,45,45,True
SPD,source_representative,new_targets_known_molecules,target,availability__boltz_affinity,1.0,one_bounded,0.5040145108859646,0.5203003989673786,340,4261,0.12361111111111109,0.5,0.8755000000000002,0,0,0,,,45,45,45,45,True
SPD,source_representative,new_targets_known_molecules,target,availability__boltz_affinity,1.0,both_bounded,,,0,0,,,,0,0,0,,,45,45,45,45,True
SPD,source_representative,new_targets_known_molecules,target,plus__boltz_affinity,1.0,all_determinate,0.573395439052507,0.6088362068965517,373,6496,0.16666666666666666,0.6,1.0,61497,61497,10863,0.2108908862936033,0.7447145049718379,45,45,45,45,True
SPD,source_representative,new_targets_known_molecules,target,plus__boltz_affinity,1.0,both_exact,0.5535501889908021,0.5888143176733781,261,2235,0.0,0.6071428571428571,1.0,0,0,0,,,45,45,45,45,True
SPD,source_representative,new_targets_known_molecules,target,plus__boltz_affinity,1.0,one_bounded,0.5838661124981972,0.6193381835249941,340,4261,0.1111111111111111,0.6055555555555556,1.0,0,0,0,,,45,45,45,45,True
SPD,source_representative,new_targets_known_molecules,target,plus__boltz_affinity,1.0,both_bounded,,,0,0,,,,0,0,0,,,45,45,45,45,True
SPD,source_representative,new_targets_known_molecules,target,calibrated__boltz_binary,1.0,all_determinate,0.6650516056803323,0.6687192118226601,373,6496,0.3333333333333333,0.6785714285714286,1.0,61497,61497,10863,0.2540704411311442,0.760697638064103,45,45,45,45,True
SPD,source_representative,new_targets_known_molecules,target,calibrated__boltz_binary,1.0,both_exact,0.6235149340513325,0.6451901565995526,261,2235,0.0,0.6666666666666666,1.0,0,0,0,,,45,45,45,45,True
SPD,source_representative,new_targets_known_molecules,target,calibrated__boltz_binary,1.0,one_bounded,0.671139394071538,0.6810607838535555,340,4261,0.25,0.75,1.0,0,0,0,,,45,45,45,45,True
SPD,source_representative,new_targets_known_molecules,target,calibrated__boltz_binary,1.0,both_bounded,,,0,0,,,,0,0,0,,,45,45,45,45,True
SPD,source_representative,new_targets_known_molecules,target,availability__boltz_binary,1.0,all_determinate,0.511896558688615,0.5337130541871922,373,6496,0.16666666666666666,0.5294117647058824,0.8333333333333334,61497,61497,10863,0.22083798470706623,0.7351910777633085,45,45,45,45,True
SPD,source_representative,new_targets_known_molecules,target,availability__boltz_binary,1.0,both_exact,0.5078364377214952,0.5592841163310962,261,2235,0.0,0.5,1.0,0,0,0,,,45,45,45,45,True
SPD,source_representative,new_targets_known_molecules,target,availability__boltz_binary,1.0,one_bounded,0.5040145108859646,0.5203003989673786,340,4261,0.12361111111111109,0.5,0.8755000000000002,0,0,0,,,45,45,45,45,True
SPD,source_representative,new_targets_known_molecules,target,availability__boltz_binary,1.0,both_bounded,,,0,0,,,,0,0,0,,,45,45,45,45,True
SPD,source_representative,new_targets_known_molecules,target,plus__boltz_binary,1.0,all_determinate,0.6678290505966081,0.6805726600985221,373,6496,0.3333333333333333,0.6764705882352942,1.0,61497,61497,10863,0.21721931872395514,0.6958776129981887,45,45,45,45,True
SPD,source_representative,new_targets_known_molecules,target,plus__boltz_binary,1.0,both_exact,0.6209920773139164,0.6541387024608502,261,2235,0.0,0.6666666666666666,1.0,0,0,0,,,45,45,45,45,True
SPD,source_representative,new_targets_known_molecules,target,plus__boltz_binary,1.0,one_bounded,0.6789079389448888,0.6944379253696316,340,4261,0.2910714285714286,0.7222222222222222,1.0,0,0,0,,,45,45,45,45,True
SPD,source_representative,new_targets_known_molecules,target,plus__boltz_binary,1.0,both_bounded,,,0,0,,,,0,0,0,,,45,45,45,45,True
SPD,source_representative,new_targets_known_molecules,target,calibrated__boltzina_vina_far_affinity,1.0,all_determinate,0.5547725451830854,0.5972906403940886,373,6496,0.16666666666666666,0.5769230769230769,0.9,61497,61497,10863,0.23614007568668974,0.8016698325663584,45,45,45,45,True
SPD,source_representative,new_targets_known_molecules,target,calibrated__boltzina_vina_far_affinity,1.0,both_exact,0.5311408188802824,0.5910514541387024,261,2235,0.0,0.6,1.0,0,0,0,,,45,45,45,45,True
SPD,source_representative,new_targets_known_molecules,target,calibrated__boltzina_vina_far_affinity,1.0,one_bounded,0.5660671213605382,0.6005632480638348,340,4261,0.1111111111111111,0.6,1.0,0,0,0,,,45,45,45,45,True
SPD,source_representative,new_targets_known_molecules,target,calibrated__boltzina_vina_far_affinity,1.0,both_bounded,,,0,0,,,,0,0,0,,,45,45,45,45,True
SPD,source_representative,new_targets_known_molecules,target,availability__boltzina_vina_far_affinity,1.0,all_determinate,0.5101257673183914,0.5321736453201971,373,6496,0.16666666666666666,0.5294117647058824,0.8333333333333334,61497,61497,10863,0.22243590164932792,0.7368925823501692,45,45,45,45,True
SPD,source_representative,new_targets_known_molecules,target,availability__boltzina_vina_far_affinity,1.0,both_exact,0.5006114787723983,0.556599552572707,261,2235,0.0,0.5,1.0,0,0,0,,,45,45,45,45,True
SPD,source_representative,new_targets_known_molecules,target,availability__boltzina_vina_far_affinity,1.0,one_bounded,0.5043015726803793,0.5193616521943206,340,4261,0.12361111111111109,0.5,0.8755000000000002,0,0,0,,,45,45,45,45,True
SPD,source_representative,new_targets_known_molecules,target,availability__boltzina_vina_far_affinity,1.0,both_bounded,,,0,0,,,,0,0,0,,,45,45,45,45,True
SPD,source_representative,new_targets_known_molecules,target,plus__boltzina_vina_far_affinity,1.0,all_determinate,0.5554923621422746,0.6039100985221675,373,6496,0.16666666666666666,0.5833333333333334,0.9,61497,61497,10863,0.2110520089657516,0.7464049634043142,45,45,45,45,True
SPD,source_representative,new_targets_known_molecules,target,plus__boltzina_vina_far_affinity,1.0,both_exact,0.5349919556816107,0.5932885906040268,261,2235,0.0,0.6,1.0,0,0,0,,,45,45,45,45,True
SPD,source_representative,new_targets_known_molecules,target,plus__boltzina_vina_far_affinity,1.0,one_bounded,0.5688396455036688,0.6094813424078854,340,4261,0.1111111111111111,0.6,1.0,0,0,0,,,45,45,45,45,True
SPD,source_representative,new_targets_known_molecules,target,plus__boltzina_vina_far_affinity,1.0,both_bounded,,,0,0,,,,0,0,0,,,45,45,45,45,True
SPD,source_representative,new_targets_known_molecules,target,calibrated__boltzina_vina_far_binary,1.0,all_determinate,0.665861863899567,0.6722598522167488,373,6496,0.31929824561403514,0.6829268292682927,1.0,61497,61497,10863,0.25004661176859644,0.7557404566944982,45,45,45,45,True
SPD,source_representative,new_targets_known_molecules,target,calibrated__boltzina_vina_far_binary,1.0,both_exact,0.6213324634780574,0.6465324384787472,261,2235,0.0,0.6666666666666666,1.0,0,0,0,,,45,45,45,45,True
SPD,source_representative,new_targets_known_molecules,target,calibrated__boltzina_vina_far_binary,1.0,one_bounded,0.679675210376227,0.6857545177188453,340,4261,0.28514285714285714,0.7142857142857143,1.0,0,0,0,,,45,45,45,45,True
SPD,source_representative,new_targets_known_molecules,target,calibrated__boltzina_vina_far_binary,1.0,both_bounded,,,0,0,,,,0,0,0,,,45,45,45,45,True
SPD,source_representative,new_targets_known_molecules,target,availability__boltzina_vina_far_binary,1.0,all_determinate,0.5101257673183914,0.5321736453201971,373,6496,0.16666666666666666,0.5294117647058824,0.8333333333333334,61497,61497,10863,0.22243590164932792,0.7368925823501692,45,45,45,45,True
SPD,source_representative,new_targets_known_molecules,target,availability__boltzina_vina_far_binary,1.0,both_exact,0.5006114787723983,0.556599552572707,261,2235,0.0,0.5,1.0,0,0,0,,,45,45,45,45,True
SPD,source_representative,new_targets_known_molecules,target,availability__boltzina_vina_far_binary,1.0,one_bounded,0.5043015726803793,0.5193616521943206,340,4261,0.12361111111111109,0.5,0.8755000000000002,0,0,0,,,45,45,45,45,True
SPD,source_representative,new_targets_known_molecules,target,availability__boltzina_vina_far_binary,1.0,both_bounded,,,0,0,,,,0,0,0,,,45,45,45,45,True
SPD,source_representative,new_targets_known_molecules,target,plus__boltzina_vina_far_binary,1.0,all_determinate,0.6849270414582961,0.697198275862069,373,6496,0.3333333333333333,0.7058823529411765,1.0,61497,61497,10863,0.21332485671674062,0.6836179373081601,45,45,45,45,True
SPD,source_representative,new_targets_known_molecules,target,plus__boltzina_vina_far_binary,1.0,both_exact,0.6324092042482847,0.6662192393736018,261,2235,0.0,0.6666666666666666,1.0,0,0,0,,,45,45,45,45,True
SPD,source_representative,new_targets_known_molecules,target,plus__boltzina_vina_far_binary,1.0,one_bounded,0.6994005825286141,0.7134475475240554,340,4261,0.28514285714285714,0.75,1.0,0,0,0,,,45,45,45,45,True
SPD,source_representative,new_targets_known_molecules,target,plus__boltzina_vina_far_binary,1.0,both_bounded,,,0,0,,,,0,0,0,,,45,45,45,45,True
SPD,source_representative,new_targets_known_molecules,target,calibrated__boltzina_vina_zero_affinity,1.0,all_determinate,0.5548363776865961,0.5974445812807881,373,6496,0.16666666666666666,0.5769230769230769,0.9,61497,61497,10863,0.2361391983142794,0.8016685294341768,45,45,45,45,True
SPD,source_representative,new_targets_known_molecules,target,calibrated__boltzina_vina_zero_affinity,1.0,both_exact,0.5312776552240154,0.5914988814317673,261,2235,0.0,0.6,1.0,0,0,0,,,45,45,45,45,True
SPD,source_representative,new_targets_known_molecules,target,calibrated__boltzina_vina_zero_affinity,1.0,one_bounded,0.5660671213605382,0.6005632480638348,340,4261,0.1111111111111111,0.6,1.0,0,0,0,,,45,45,45,45,True
SPD,source_representative,new_targets_known_molecules,target,calibrated__boltzina_vina_zero_affinity,1.0,both_bounded,,,0,0,,,,0,0,0,,,45,45,45,45,True
SPD,source_representative,new_targets_known_molecules,target,availability__boltzina_vina_zero_affinity,1.0,all_determinate,0.5101257673183914,0.5321736453201971,373,6496,0.16666666666666666,0.5294117647058824,0.8333333333333334,61497,61497,10863,0.22243590164932792,0.7368925823501692,45,45,45,45,True
SPD,source_representative,new_targets_known_molecules,target,availability__boltzina_vina_zero_affinity,1.0,both_exact,0.5006114787723983,0.556599552572707,261,2235,0.0,0.5,1.0,0,0,0,,,45,45,45,45,True
SPD,source_representative,new_targets_known_molecules,target,availability__boltzina_vina_zero_affinity,1.0,one_bounded,0.5043015726803793,0.5193616521943206,340,4261,0.12361111111111109,0.5,0.8755000000000002,0,0,0,,,45,45,45,45,True
SPD,source_representative,new_targets_known_molecules,target,availability__boltzina_vina_zero_affinity,1.0,both_bounded,,,0,0,,,,0,0,0,,,45,45,45,45,True
SPD,source_representative,new_targets_known_molecules,target,plus__boltzina_vina_zero_affinity,1.0,all_determinate,0.5554923621422746,0.6039100985221675,373,6496,0.16666666666666666,0.5833333333333334,0.9,61497,61497,10863,0.21105150783603038,0.7464049325755702,45,45,45,45,True
SPD,source_representative,new_targets_known_molecules,target,plus__boltzina_vina_zero_affinity,1.0,both_exact,0.5349919556816107,0.5932885906040268,261,2235,0.0,0.6,1.0,0,0,0,,,45,45,45,45,True
SPD,source_representative,new_targets_known_molecules,target,plus__boltzina_vina_zero_affinity,1.0,one_bounded,0.5688396455036688,0.6094813424078854,340,4261,0.1111111111111111,0.6,1.0,0,0,0,,,45,45,45,45,True
SPD,source_representative,new_targets_known_molecules,target,plus__boltzina_vina_zero_affinity,1.0,both_bounded,,,0,0,,,,0,0,0,,,45,45,45,45,True
SPD,source_representative,new_targets_known_molecules,target,calibrated__boltzina_vina_zero_binary,1.0,all_determinate,0.665861863899567,0.6722598522167488,373,6496,0.31929824561403514,0.6829268292682927,1.0,61497,61497,10863,0.2500466342417538,0.7557413668423781,45,45,45,45,True
SPD,source_representative,new_targets_known_molecules,target,calibrated__boltzina_vina_zero_binary,1.0,both_exact,0.6213324634780574,0.6465324384787472,261,2235,0.0,0.6666666666666666,1.0,0,0,0,,,45,45,45,45,True
SPD,source_representative,new_targets_known_molecules,target,calibrated__boltzina_vina_zero_binary,1.0,one_bounded,0.679675210376227,0.6857545177188453,340,4261,0.28514285714285714,0.7142857142857143,1.0,0,0,0,,,45,45,45,45,True
SPD,source_representative,new_targets_known_molecules,target,calibrated__boltzina_vina_zero_binary,1.0,both_bounded,,,0,0,,,,0,0,0,,,45,45,45,45,True
SPD,source_representative,new_targets_known_molecules,target,availability__boltzina_vina_zero_binary,1.0,all_determinate,0.5101257673183914,0.5321736453201971,373,6496,0.16666666666666666,0.5294117647058824,0.8333333333333334,61497,61497,10863,0.22243590164932792,0.7368925823501692,45,45,45,45,True
SPD,source_representative,new_targets_known_molecules,target,availability__boltzina_vina_zero_binary,1.0,both_exact,0.5006114787723983,0.556599552572707,261,2235,0.0,0.5,1.0,0,0,0,,,45,45,45,45,True
SPD,source_representative,new_targets_known_molecules,target,availability__boltzina_vina_zero_binary,1.0,one_bounded,0.5043015726803793,0.5193616521943206,340,4261,0.12361111111111109,0.5,0.8755000000000002,0,0,0,,,45,45,45,45,True
SPD,source_representative,new_targets_known_molecules,target,availability__boltzina_vina_zero_binary,1.0,both_bounded,,,0,0,,,,0,0,0,,,45,45,45,45,True
SPD,source_representative,new_targets_known_molecules,target,plus__boltzina_vina_zero_binary,1.0,all_determinate,0.6849270414582961,0.697198275862069,373,6496,0.3333333333333333,0.7058823529411765,1.0,61497,61497,10863,0.21332485927061018,0.6836183103058396,45,45,45,45,True
SPD,source_representative,new_targets_known_molecules,target,plus__boltzina_vina_zero_binary,1.0,both_exact,0.6324092042482847,0.6662192393736018,261,2235,0.0,0.6666666666666666,1.0,0,0,0,,,45,45,45,45,True
SPD,source_representative,new_targets_known_molecules,target,plus__boltzina_vina_zero_binary,1.0,one_bounded,0.6994005825286141,0.7134475475240554,340,4261,0.28514285714285714,0.75,1.0,0,0,0,,,45,45,45,45,True
SPD,source_representative,new_targets_known_molecules,target,plus__boltzina_vina_zero_binary,1.0,both_bounded,,,0,0,,,,0,0,0,,,45,45,45,45,True
SPD,source_representative,new_targets_known_molecules,target,calibrated__gnina,1.0,all_determinate,0.5897066572158925,0.5654248768472906,373,6496,0.25,0.5813953488372093,1.0,61497,61497,10863,0.2867707549981563,0.8548784260844575,45,45,45,45,True
SPD,source_representative,new_targets_known_molecules,target,calibrated__gnina,1.0,both_exact,0.5878110607995666,0.5794183445190156,261,2235,0.0,0.6571428571428571,1.0,0,0,0,,,45,45,45,45,True
SPD,source_representative,new_targets_known_molecules,target,calibrated__gnina,1.0,one_bounded,0.5745558959607007,0.5580849565829618,340,4261,0.19047619047619047,0.5555555555555556,1.0,0,0,0,,,45,45,45,45,True
SPD,source_representative,new_targets_known_molecules,target,calibrated__gnina,1.0,both_bounded,,,0,0,,,,0,0,0,,,45,45,45,45,True
SPD,source_representative,new_targets_known_molecules,target,availability__gnina,1.0,all_determinate,0.5092625602771368,0.5321736453201971,373,6496,0.16666666666666666,0.5294117647058824,0.8333333333333334,61497,61497,10863,0.222266892219083,0.7371296189888983,45,45,45,45,True
SPD,source_representative,new_targets_known_molecules,target,availability__gnina,1.0,both_exact,0.501888617980572,0.5570469798657718,261,2235,0.0,0.5,1.0,0,0,0,,,45,45,45,45,True
SPD,source_representative,new_targets_known_molecules,target,availability__gnina,1.0,one_bounded,0.5031957136701085,0.5191269655010561,340,4261,0.12361111111111109,0.5,0.8755000000000002,0,0,0,,,45,45,45,45,True
SPD,source_representative,new_targets_known_molecules,target,availability__gnina,1.0,both_bounded,,,0,0,,,,0,0,0,,,45,45,45,45,True
SPD,source_representative,new_targets_known_molecules,target,plus__gnina,1.0,all_determinate,0.5921067220809927,0.582820197044335,373,6496,0.27532467532467536,0.6,1.0,61497,61497,10863,0.23858639179681074,0.7715129099842846,45,45,45,45,True
SPD,source_representative,new_targets_known_molecules,target,plus__gnina,1.0,both_exact,0.5859801260184402,0.5991051454138703,261,2235,0.0,0.6666666666666666,1.0,0,0,0,,,45,45,45,45,True
SPD,source_representative,new_targets_known_molecules,target,plus__gnina,1.0,one_bounded,0.5787007625579657,0.5742783384182117,340,4261,0.2222222222222222,0.5833333333333334,1.0,0,0,0,,,45,45,45,45,True
SPD,source_representative,new_targets_known_molecules,target,plus__gnina,1.0,both_bounded,,,0,0,,,,0,0,0,,,45,45,45,45,True
SPD,source_representative,new_targets_known_molecules,target,calibrated__nesso_affinity,1.0,all_determinate,0.5419886467948051,0.5869766009852216,373,6496,0.1111111111111111,0.5882352941176471,0.9,61497,61497,10863,0.24403668204364876,0.8263216393735712,45,45,45,45,True
SPD,source_representative,new_targets_known_molecules,target,calibrated__nesso_affinity,1.0,both_exact,0.5350292746844472,0.574496644295302,261,2235,0.0,0.5333333333333333,1.0,0,0,0,,,45,45,45,45,True
SPD,source_representative,new_targets_known_molecules,target,calibrated__nesso_affinity,1.0,one_bounded,0.5571039246186849,0.5935226472659,340,4261,0.0,0.6043478260869566,1.0,0,0,0,,,45,45,45,45,True
SPD,source_representative,new_targets_known_molecules,target,calibrated__nesso_affinity,1.0,both_bounded,,,0,0,,,,0,0,0,,,45,45,45,45,True
SPD,source_representative,new_targets_known_molecules,target,availability__nesso_affinity,1.0,all_determinate,0.5092625602771368,0.5321736453201971,373,6496,0.16666666666666666,0.5294117647058824,0.8333333333333334,61497,61497,10863,0.222266892219083,0.7371296189888983,45,45,45,45,True
SPD,source_representative,new_targets_known_molecules,target,availability__nesso_affinity,1.0,both_exact,0.501888617980572,0.5570469798657718,261,2235,0.0,0.5,1.0,0,0,0,,,45,45,45,45,True
SPD,source_representative,new_targets_known_molecules,target,availability__nesso_affinity,1.0,one_bounded,0.5031957136701085,0.5191269655010561,340,4261,0.12361111111111109,0.5,0.8755000000000002,0,0,0,,,45,45,45,45,True
SPD,source_representative,new_targets_known_molecules,target,availability__nesso_affinity,1.0,both_bounded,,,0,0,,,,0,0,0,,,45,45,45,45,True
SPD,source_representative,new_targets_known_molecules,target,plus__nesso_affinity,1.0,all_determinate,0.5512107873234711,0.5954433497536946,373,6496,0.1111111111111111,0.5909090909090909,0.9,61497,61497,10863,0.2125726690483676,0.7486481970893434,45,45,45,45,True
SPD,source_representative,new_targets_known_molecules,target,plus__nesso_affinity,1.0,both_exact,0.5383961859057644,0.5807606263982102,261,2235,0.0,0.5333333333333333,1.0,0,0,0,,,45,45,45,45,True
SPD,source_representative,new_targets_known_molecules,target,plus__nesso_affinity,1.0,one_bounded,0.565564870529251,0.6031448016897442,340,4261,0.09999999999999984,0.5954545454545455,1.0,0,0,0,,,45,45,45,45,True
SPD,source_representative,new_targets_known_molecules,target,plus__nesso_affinity,1.0,both_bounded,,,0,0,,,,0,0,0,,,45,45,45,45,True
SPD,source_representative,new_targets_known_molecules,target,calibrated__nesso_binary,1.0,all_determinate,0.6190827946983894,0.6457820197044335,373,6496,0.22444444444444447,0.6666666666666666,1.0,61497,61497,10863,0.2400080808517424,0.7559555214155751,45,45,45,45,True
SPD,source_representative,new_targets_known_molecules,target,calibrated__nesso_binary,1.0,both_exact,0.5940093325150797,0.614765100671141,261,2235,0.0,0.6666666666666666,1.0,0,0,0,,,45,45,45,45,True
SPD,source_representative,new_targets_known_molecules,target,calibrated__nesso_binary,1.0,one_bounded,0.6446829547287402,0.6620511616991317,340,4261,0.2208333333333333,0.6666666666666666,1.0,0,0,0,,,45,45,45,45,True
SPD,source_representative,new_targets_known_molecules,target,calibrated__nesso_binary,1.0,both_bounded,,,0,0,,,,0,0,0,,,45,45,45,45,True
SPD,source_representative,new_targets_known_molecules,target,availability__nesso_binary,1.0,all_determinate,0.5092625602771368,0.5321736453201971,373,6496,0.16666666666666666,0.5294117647058824,0.8333333333333334,61497,61497,10863,0.222266892219083,0.7371296189888983,45,45,45,45,True
SPD,source_representative,new_targets_known_molecules,target,availability__nesso_binary,1.0,both_exact,0.501888617980572,0.5570469798657718,261,2235,0.0,0.5,1.0,0,0,0,,,45,45,45,45,True
SPD,source_representative,new_targets_known_molecules,target,availability__nesso_binary,1.0,one_bounded,0.5031957136701085,0.5191269655010561,340,4261,0.12361111111111109,0.5,0.8755000000000002,0,0,0,,,45,45,45,45,True
SPD,source_representative,new_targets_known_molecules,target,availability__nesso_binary,1.0,both_bounded,,,0,0,,,,0,0,0,,,45,45,45,45,True
SPD,source_representative,new_targets_known_molecules,target,plus__nesso_binary,1.0,all_determinate,0.6251566494064517,0.6545566502463054,373,6496,0.27009803921568637,0.6666666666666666,1.0,61497,61497,10863,0.2091004902763636,0.702654981257954,45,45,45,45,True
SPD,source_representative,new_targets_known_molecules,target,plus__nesso_binary,1.0,both_exact,0.580199734989007,0.6196868008948546,261,2235,0.0,0.6666666666666666,1.0,0,0,0,,,45,45,45,45,True
SPD,source_representative,new_targets_known_molecules,target,plus__nesso_binary,1.0,one_bounded,0.6537284928598016,0.6728467495892982,340,4261,0.23736263736263735,0.6875,1.0,0,0,0,,,45,45,45,45,True
SPD,source_representative,new_targets_known_molecules,target,plus__nesso_binary,1.0,both_bounded,,,0,0,,,,0,0,0,,,45,45,45,45,True
SPD,source_representative,new_targets_known_molecules,target,calibrated__raw_ad4,1.0,all_determinate,0.4904348220666295,0.4872229064039409,373,6496,0.16666666666666666,0.47619047619047616,0.875,61497,61497,10863,0.29669546332732877,0.8744379423171939,45,45,45,45,True
SPD,source_representative,new_targets_known_molecules,target,calibrated__raw_ad4,1.0,both_exact,0.5465320049611238,0.5548098434004475,261,2235,0.0,0.5428571428571428,1.0,0,0,0,,,45,45,45,45,True
SPD,source_representative,new_targets_known_molecules,target,calibrated__raw_ad4,1.0,one_bounded,0.46377702405865295,0.4517718845341469,340,4261,0.1111111111111111,0.4409722222222222,0.9000000000000025,0,0,0,,,45,45,45,45,True
SPD,source_representative,new_targets_known_molecules,target,calibrated__raw_ad4,1.0,both_bounded,,,0,0,,,,0,0,0,,,45,45,45,45,True
SPD,source_representative,new_targets_known_molecules,target,availability__raw_ad4,1.0,all_determinate,0.5092625602771368,0.5321736453201971,373,6496,0.16666666666666666,0.5294117647058824,0.8333333333333334,61497,61497,10863,0.222266892219083,0.7371296189888983,45,45,45,45,True
SPD,source_representative,new_targets_known_molecules,target,availability__raw_ad4,1.0,both_exact,0.501888617980572,0.5570469798657718,261,2235,0.0,0.5,1.0,0,0,0,,,45,45,45,45,True
SPD,source_representative,new_targets_known_molecules,target,availability__raw_ad4,1.0,one_bounded,0.5031957136701085,0.5191269655010561,340,4261,0.12361111111111109,0.5,0.8755000000000002,0,0,0,,,45,45,45,45,True
SPD,source_representative,new_targets_known_molecules,target,availability__raw_ad4,1.0,both_bounded,,,0,0,,,,0,0,0,,,45,45,45,45,True
SPD,source_representative,new_targets_known_molecules,target,plus__raw_ad4,1.0,all_determinate,0.5398261641455029,0.5546490147783252,373,6496,0.16666666666666666,0.5714285714285714,0.8571428571428571,61497,61497,10863,0.21462629368132502,0.7237463347548467,45,45,45,45,True
SPD,source_representative,new_targets_known_molecules,target,plus__raw_ad4,1.0,both_exact,0.5336782346360891,0.5718120805369128,261,2235,0.0,0.6,1.0,0,0,0,,,45,45,45,45,True
SPD,source_representative,new_targets_known_molecules,target,plus__raw_ad4,1.0,one_bounded,0.5330209731098735,0.5456465618399436,340,4261,0.1111111111111111,0.5333333333333333,0.9090909090909091,0,0,0,,,45,45,45,45,True
SPD,source_representative,new_targets_known_molecules,target,plus__raw_ad4,1.0,both_bounded,,,0,0,,,,0,0,0,,,45,45,45,45,True
SPD,source_representative,new_targets_known_molecules,target,calibrated__raw_gnina_own,1.0,all_determinate,0.5829599679379814,0.5446428571428571,373,6496,0.24512195121951222,0.5882352941176471,1.0,61497,61497,10863,0.2860215245633249,0.8506474581574933,45,45,45,45,True
SPD,source_representative,new_targets_known_molecules,target,calibrated__raw_gnina_own,1.0,both_exact,0.5784185588783289,0.5700223713646533,261,2235,0.0,0.6428571428571429,1.0,0,0,0,,,45,45,45,45,True
SPD,source_representative,new_targets_known_molecules,target,calibrated__raw_gnina_own,1.0,one_bounded,0.5634861809149785,0.5313306735508097,340,4261,0.19047619047619047,0.5555555555555556,1.0,0,0,0,,,45,45,45,45,True
SPD,source_representative,new_targets_known_molecules,target,calibrated__raw_gnina_own,1.0,both_bounded,,,0,0,,,,0,0,0,,,45,45,45,45,True
SPD,source_representative,new_targets_known_molecules,target,availability__raw_gnina_own,1.0,all_determinate,0.5104541003426716,0.5324815270935961,373,6496,0.16666666666666666,0.5294117647058824,0.8333333333333334,61497,61497,10863,0.22227192306592736,0.7371233208481983,45,45,45,45,True
SPD,source_representative,new_targets_known_molecules,target,availability__raw_gnina_own,1.0,both_exact,0.501888617980572,0.5570469798657718,261,2235,0.0,0.5,1.0,0,0,0,,,45,45,45,45,True
SPD,source_representative,new_targets_known_molecules,target,availability__raw_gnina_own,1.0,one_bounded,0.5045029032125922,0.519596338887585,340,4261,0.12361111111111109,0.5,0.8755000000000002,0,0,0,,,45,45,45,45,True
SPD,source_representative,new_targets_known_molecules,target,availability__raw_gnina_own,1.0,both_bounded,,,0,0,,,,0,0,0,,,45,45,45,45,True
SPD,source_representative,new_targets_known_molecules,target,plus__raw_gnina_own,1.0,all_determinate,0.5968133966525385,0.5675800492610837,373,6496,0.3333333333333333,0.5882352941176471,1.0,61497,61497,10863,0.23927684759726284,0.764325612523275,45,45,45,45,True
SPD,source_representative,new_targets_known_molecules,target,plus__raw_gnina_own,1.0,both_exact,0.5698896463264279,0.5852348993288591,261,2235,0.0,0.6190476190476191,1.0,0,0,0,,,45,45,45,45,True
SPD,source_representative,new_targets_known_molecules,target,plus__raw_gnina_own,1.0,one_bounded,0.5823112194587613,0.5583196432762262,340,4261,0.23781512605042016,0.5669642857142857,1.0,0,0,0,,,45,45,45,45,True
SPD,source_representative,new_targets_known_molecules,target,plus__raw_gnina_own,1.0,both_bounded,,,0,0,,,,0,0,0,,,45,45,45,45,True
SPD,source_representative,new_targets_known_molecules,target,calibrated__vina,1.0,all_determinate,0.5517646732444104,0.5407943349753694,373,6496,0.2699300699300699,0.5581395348837209,0.8861111111111112,61497,61497,10863,0.28954698076154917,0.8821754798133273,45,45,45,45,True
SPD,source_representative,new_targets_known_molecules,target,calibrated__vina,1.0,both_exact,0.5563586052091799,0.545413870246085,261,2235,0.0,0.5714285714285714,1.0,0,0,0,,,45,45,45,45,True
SPD,source_representative,new_targets_known_molecules,target,calibrated__vina,1.0,one_bounded,0.5524746937205357,0.5383712743487444,340,4261,0.23398692810457514,0.56125,0.8888888888888888,0,0,0,,,45,45,45,45,True
SPD,source_representative,new_targets_known_molecules,target,calibrated__vina,1.0,both_bounded,,,0,0,,,,0,0,0,,,45,45,45,45,True
SPD,source_representative,new_targets_known_molecules,target,availability__vina,1.0,all_determinate,0.5092625602771368,0.5321736453201971,373,6496,0.16666666666666666,0.5294117647058824,0.8333333333333334,61497,61497,10863,0.222266892219083,0.7371296189888983,45,45,45,45,True
SPD,source_representative,new_targets_known_molecules,target,availability__vina,1.0,both_exact,0.501888617980572,0.5570469798657718,261,2235,0.0,0.5,1.0,0,0,0,,,45,45,45,45,True
SPD,source_representative,new_targets_known_molecules,target,availability__vina,1.0,one_bounded,0.5031957136701085,0.5191269655010561,340,4261,0.12361111111111109,0.5,0.8755000000000002,0,0,0,,,45,45,45,45,True
SPD,source_representative,new_targets_known_molecules,target,availability__vina,1.0,both_bounded,,,0,0,,,,0,0,0,,,45,45,45,45,True
SPD,source_representative,new_targets_known_molecules,target,plus__vina,1.0,all_determinate,0.5897283447505599,0.5992918719211823,373,6496,0.2222222222222222,0.6136363636363636,1.0,61497,61497,10863,0.21376677722297663,0.724859686038156,45,45,45,45,True
SPD,source_representative,new_targets_known_molecules,target,plus__vina,1.0,both_exact,0.5602652137134896,0.5892617449664429,261,2235,0.0,0.6,1.0,0,0,0,,,45,45,45,45,True
SPD,source_representative,new_targets_known_molecules,target,plus__vina,1.0,one_bounded,0.5981193378679067,0.6045529218493312,340,4261,0.2222222222222222,0.6190476190476191,1.0,0,0,0,,,45,45,45,45,True
SPD,source_representative,new_targets_known_molecules,target,plus__vina,1.0,both_bounded,,,0,0,,,,0,0,0,,,45,45,45,45,True
