method,outer_fold,fraction,stage,inner_fold,ridge,fallback_method,gradient_max,iterations,primary_iterations
representation_readout,0,0.125,inner,0.0,0.001,dense_active_set_newton,1.9996605588013753e-16,12,2000
representation_plus_chemistry,0,0.125,inner,0.0,0.001,dense_active_set_newton,2.633101575260193e-16,11,2000
representation_readout,0,0.125,inner,1.0,0.001,dense_active_set_newton,3.0019821738581746e-16,8,2000
representation_plus_chemistry,0,0.125,inner,1.0,0.001,dense_active_set_newton,3.696676245548789e-16,10,2000
representation_readout,0,0.125,inner,2.0,0.001,dense_active_set_newton,4.622089386577266e-16,4,2000
representation_plus_chemistry,0,0.125,inner,2.0,0.001,dense_active_set_newton,3.5039868379602764e-16,5,2000
representation_plus_chemistry,0,0.25,inner,0.0,0.001,continued_LBFGS,2.367155472273151e-05,1275,2000
representation_plus_chemistry,0,0.25,inner,1.0,0.001,continued_LBFGS,1.7054558180783742e-05,619,2000
representation_plus_chemistry,0,0.25,inner,2.0,0.001,continued_LBFGS,1.282405144505028e-05,375,2000
representation_plus_chemistry,0,0.5,inner,2.0,0.001,continued_LBFGS,1.3886047666985153e-05,4,2000
representation_readout,1,0.125,inner,0.0,0.001,dense_active_set_newton,6.323156008394924e-16,3,2000
representation_plus_chemistry,1,0.125,inner,0.0,0.001,dense_active_set_newton,3.2872095908615186e-08,4,2000
representation_readout,1,0.125,inner,1.0,0.001,dense_active_set_newton,1.2525889342678703e-15,2,2000
representation_plus_chemistry,1,0.125,inner,1.0,0.001,dense_active_set_newton,6.229215819379685e-16,6,2000
representation_plus_chemistry,1,0.125,inner,2.0,0.001,dense_active_set_newton,2.551737575580415e-16,5,2000
representation_plus_chemistry,1,0.25,inner,0.0,0.001,continued_LBFGS,1.922006031519435e-05,936,2000
representation_plus_chemistry,1,0.25,inner,1.0,0.001,continued_LBFGS,3.922747754661357e-05,1080,2000
representation_plus_chemistry,1,0.25,inner,2.0,0.001,continued_LBFGS,1.5427153230010674e-05,343,2000
representation_readout,2,0.125,inner,0.0,0.001,dense_active_set_newton,1.4397368405572085e-16,9,2000
representation_plus_chemistry,2,0.125,inner,0.0,0.001,dense_active_set_newton,2.270077944794679e-16,9,2000
representation_readout,2,0.125,inner,1.0,0.001,dense_active_set_newton,1.1852955547403052e-16,21,2000
representation_plus_chemistry,2,0.125,inner,1.0,0.001,dense_active_set_newton,1.5385559393486315e-16,17,2000
representation_readout,2,0.125,inner,2.0,0.001,dense_active_set_newton,2.3688155166649285e-16,6,2000
representation_plus_chemistry,2,0.125,inner,2.0,0.001,dense_active_set_newton,2.773759734132344e-16,9,2000
representation_readout,2,0.25,inner,0.0,0.001,dense_active_set_newton,4.575316906055492e-08,4,2000
representation_plus_chemistry,2,0.25,inner,0.0,0.001,continued_LBFGS,1.4594161460429497e-05,785,2000
representation_plus_chemistry,2,0.25,inner,1.0,0.001,continued_LBFGS,4.427423636817983e-05,539,2000
representation_plus_chemistry,2,0.25,inner,2.0,0.001,continued_LBFGS,3.015707908759998e-05,477,2000
representation_readout,3,0.125,inner,0.0,0.001,dense_active_set_newton,5.305492509080981e-16,10,2000
representation_plus_chemistry,3,0.125,inner,0.0,0.001,dense_active_set_newton,1.996100902840539e-16,10,2000
representation_readout,3,0.125,inner,1.0,0.001,dense_active_set_newton,4.1329892694265836e-16,5,2000
representation_plus_chemistry,3,0.125,inner,1.0,0.001,dense_active_set_newton,6.010429230309377e-09,6,2000
representation_plus_chemistry,3,0.125,inner,2.0,0.001,dense_active_set_newton,5.398166383840074e-16,4,2000
representation_readout,3,0.25,inner,0.0,0.001,dense_active_set_newton,1.1465649732271023e-15,3,2000
representation_plus_chemistry,3,0.25,inner,0.0,0.001,continued_LBFGS,2.2874580186592032e-05,1314,2000
representation_plus_chemistry,3,0.25,inner,1.0,0.001,continued_LBFGS,3.693489274152583e-05,213,2000
representation_plus_chemistry,3,0.25,inner,2.0,0.001,continued_LBFGS,1.611434394685689e-05,845,2000
representation_plus_chemistry,3,0.5,inner,0.0,0.001,continued_LBFGS,3.598068645390821e-05,73,2000
representation_readout,4,0.125,inner,0.0,0.001,dense_active_set_newton,2.0287264413416036e-09,15,2000
representation_plus_chemistry,4,0.125,inner,0.0,0.001,dense_active_set_newton,1.3232299333280037e-09,11,2000
representation_readout,4,0.125,inner,1.0,0.001,dense_active_set_newton,2.416777844095807e-15,7,2000
representation_plus_chemistry,4,0.125,inner,1.0,0.001,dense_active_set_newton,4.0254923180905403e-16,7,2000
representation_readout,4,0.125,inner,2.0,0.001,dense_active_set_newton,2.4412442451934597e-16,2,2000
representation_plus_chemistry,4,0.125,inner,2.0,0.001,dense_active_set_newton,6.329965314374562e-08,5,2000
representation_plus_chemistry,4,0.125,outer_final,,0.001,continued_LBFGS,8.824483615131698e-06,2377,2000
representation_plus_chemistry,4,0.25,inner,0.0,0.001,continued_LBFGS,2.5895491618653537e-05,1580,2000
representation_plus_chemistry,4,0.25,inner,1.0,0.001,continued_LBFGS,4.884943427462596e-05,1357,2000
representation_plus_chemistry,4,0.25,inner,2.0,0.001,continued_LBFGS,2.6261401516591498e-05,800,2000
representation_plus_chemistry,4,0.5,inner,0.0,0.001,continued_LBFGS,6.377289134479475e-06,74,2000
