method,fraction,local_label_fraction,kind,stratum,bootstrap_unit,queries,resampled_units,pairs,macro_concordance,macro_ci_low,macro_ci_high,pooled_concordance,pooled_ci_low,pooled_ci_high,training_molecules_min,training_molecules_median,training_molecules_max,training_groups_min,training_groups_median,training_groups_max,known_training_labels_min,known_training_labels_median,known_training_labels_max,exact_training_labels_min,exact_training_labels_median,exact_training_labels_max,bounded_training_labels_min,bounded_training_labels_median,bounded_training_labels_max
target_prior,0.125,0.125,trained_oof,all_determinate,molecule,47,47,1850556,0.6722971308833562,0.6408272020915824,0.7041968355216955,0.6791904703235135,0.6492886736908916,0.7108341582198684,5.0,5.0,5.0,5.0,5.0,5.0,2210.0,2210.0,2210.0,288.0,589.0,768.0,1442.0,1621.0,1922.0
target_prior,0.25,0.25,trained_oof,all_determinate,molecule,47,47,1850556,0.6937891304351068,0.6594782328156878,0.7269131208850016,0.6931438443365129,0.6623815855422494,0.725072271229723,10.0,10.0,10.0,10.0,10.0,10.0,4420.0,4420.0,4420.0,745.0,1037.0,1289.0,3131.0,3383.0,3675.0
target_prior,0.5,0.5,trained_oof,all_determinate,molecule,47,47,1850556,0.708618122679806,0.6697423580385203,0.7448259030909831,0.7104105468842877,0.6776615743285103,0.7438224722535344,19.0,19.0,19.0,19.0,19.0,19.0,8398.0,8398.0,8398.0,1277.0,2001.0,2421.0,5977.0,6397.0,7121.0
target_prior,1.0,1.0,trained_oof,all_determinate,molecule,47,47,1850556,0.7220100512082277,0.6836093535796797,0.7600175969302033,0.7239229723391241,0.6895350546549075,0.758849016731086,37.0,38.0,38.0,37.0,38.0,38.0,16354.0,16796.0,16796.0,4028.0,4208.0,4367.0,12053.0,12429.0,12768.0
chemistry,0.125,0.125,trained_oof,all_determinate,molecule,47,47,1850556,0.6782085745322245,0.6454736022400515,0.7118378757626813,0.6855682832618953,0.654536982238025,0.7183864798917258,5.0,5.0,5.0,5.0,5.0,5.0,2210.0,2210.0,2210.0,288.0,589.0,768.0,1442.0,1621.0,1922.0
chemistry,0.25,0.25,trained_oof,all_determinate,molecule,47,47,1850556,0.7018047522510734,0.6639843550690596,0.7386145440930494,0.7008534191886114,0.6677618886683577,0.7344859082661009,10.0,10.0,10.0,10.0,10.0,10.0,4420.0,4420.0,4420.0,745.0,1037.0,1289.0,3131.0,3383.0,3675.0
chemistry,0.5,0.5,trained_oof,all_determinate,molecule,47,47,1850556,0.7149552570091909,0.6745396637266161,0.7533004435582105,0.7174949042341869,0.6840462168316029,0.7521830439153948,19.0,19.0,19.0,19.0,19.0,19.0,8398.0,8398.0,8398.0,1277.0,2001.0,2421.0,5977.0,6397.0,7121.0
chemistry,1.0,1.0,trained_oof,all_determinate,molecule,47,47,1850556,0.7245185556352408,0.6847442537132684,0.7632551919583431,0.7254133352354644,0.6887879299192842,0.7623323651395888,37.0,38.0,38.0,37.0,38.0,38.0,16354.0,16796.0,16796.0,4028.0,4208.0,4367.0,12053.0,12429.0,12768.0
calibrated__boltz_affinity,0.125,0.125,trained_oof,all_determinate,molecule,47,47,1850556,0.7072355637806215,0.6710448073025543,0.7410182587509396,0.7091598416908216,0.6820224288611252,0.7373065115018317,5.0,5.0,5.0,5.0,5.0,5.0,2210.0,2210.0,2210.0,288.0,589.0,768.0,1442.0,1621.0,1922.0
calibrated__boltz_affinity,0.25,0.25,trained_oof,all_determinate,molecule,47,47,1850556,0.73650809857069,0.7021964303635331,0.7687208234621644,0.732130775831696,0.7031210786185652,0.7617062974075755,10.0,10.0,10.0,10.0,10.0,10.0,4420.0,4420.0,4420.0,745.0,1037.0,1289.0,3131.0,3383.0,3675.0
calibrated__boltz_affinity,0.5,0.5,trained_oof,all_determinate,molecule,47,47,1850556,0.7626103505804095,0.7257786398758396,0.7966686643613954,0.7583056119350077,0.7312413491314629,0.7863774844886301,19.0,19.0,19.0,19.0,19.0,19.0,8398.0,8398.0,8398.0,1277.0,2001.0,2421.0,5977.0,6397.0,7121.0
calibrated__boltz_affinity,1.0,1.0,trained_oof,all_determinate,molecule,47,47,1850556,0.7790475949392289,0.7394030853745018,0.8145870105546263,0.7724678420971859,0.7463622750883523,0.8009808385097762,37.0,38.0,38.0,37.0,38.0,38.0,16354.0,16796.0,16796.0,4028.0,4208.0,4367.0,12053.0,12429.0,12768.0
availability__boltz_affinity,0.125,0.125,trained_oof,all_determinate,molecule,47,47,1850556,0.6782085745322245,0.6454736022400515,0.7118378757626813,0.6855682832618953,0.654536982238025,0.7183864798917258,5.0,5.0,5.0,5.0,5.0,5.0,2210.0,2210.0,2210.0,288.0,589.0,768.0,1442.0,1621.0,1922.0
availability__boltz_affinity,0.25,0.25,trained_oof,all_determinate,molecule,47,47,1850556,0.7018047522510734,0.6639843550690596,0.7386145440930494,0.7008534191886114,0.6677618886683577,0.7344859082661009,10.0,10.0,10.0,10.0,10.0,10.0,4420.0,4420.0,4420.0,745.0,1037.0,1289.0,3131.0,3383.0,3675.0
availability__boltz_affinity,0.5,0.5,trained_oof,all_determinate,molecule,47,47,1850556,0.7149552570091909,0.6745396637266161,0.7533004435582105,0.7174949042341869,0.6840462168316029,0.7521830439153948,19.0,19.0,19.0,19.0,19.0,19.0,8398.0,8398.0,8398.0,1277.0,2001.0,2421.0,5977.0,6397.0,7121.0
availability__boltz_affinity,1.0,1.0,trained_oof,all_determinate,molecule,47,47,1850556,0.7245185556352408,0.6847442537132684,0.7632551919583431,0.7254133352354644,0.6887879299192842,0.7623323651395888,37.0,38.0,38.0,37.0,38.0,38.0,16354.0,16796.0,16796.0,4028.0,4208.0,4367.0,12053.0,12429.0,12768.0
plus__boltz_affinity,0.125,0.125,trained_oof,all_determinate,molecule,47,47,1850556,0.7052438033138465,0.6696695577227529,0.7382971725556419,0.7073565998543141,0.6797899003791539,0.7348334380647511,5.0,5.0,5.0,5.0,5.0,5.0,2210.0,2210.0,2210.0,288.0,589.0,768.0,1442.0,1621.0,1922.0
plus__boltz_affinity,0.25,0.25,trained_oof,all_determinate,molecule,47,47,1850556,0.7335502513670102,0.6983751961853902,0.7668883798095654,0.7311602567012293,0.7030706513904842,0.7603869947291511,10.0,10.0,10.0,10.0,10.0,10.0,4420.0,4420.0,4420.0,745.0,1037.0,1289.0,3131.0,3383.0,3675.0
plus__boltz_affinity,0.5,0.5,trained_oof,all_determinate,molecule,47,47,1850556,0.7576142406618416,0.7195995921929571,0.7920729391808855,0.753887480303217,0.7253426788340552,0.7833748432512257,19.0,19.0,19.0,19.0,19.0,19.0,8398.0,8398.0,8398.0,1277.0,2001.0,2421.0,5977.0,6397.0,7121.0
plus__boltz_affinity,1.0,1.0,trained_oof,all_determinate,molecule,47,47,1850556,0.7788035320810883,0.7410866648162993,0.813206697188666,0.7729795801910345,0.7456386422897904,0.8017474141094522,37.0,38.0,38.0,37.0,38.0,38.0,16354.0,16796.0,16796.0,4028.0,4208.0,4367.0,12053.0,12429.0,12768.0
calibrated__boltz_binder,0.125,0.125,trained_oof,all_determinate,molecule,47,47,1850556,0.7543665635747567,0.7227747776548132,0.7838802677731967,0.7399889546709205,0.7100653484896216,0.7706073024513492,5.0,5.0,5.0,5.0,5.0,5.0,2210.0,2210.0,2210.0,288.0,589.0,768.0,1442.0,1621.0,1922.0
calibrated__boltz_binder,0.25,0.25,trained_oof,all_determinate,molecule,47,47,1850556,0.7819449226927341,0.7563078939005389,0.8076805009934086,0.7637958537866457,0.7381340643611677,0.7909723538664815,10.0,10.0,10.0,10.0,10.0,10.0,4420.0,4420.0,4420.0,745.0,1037.0,1289.0,3131.0,3383.0,3675.0
calibrated__boltz_binder,0.5,0.5,trained_oof,all_determinate,molecule,47,47,1850556,0.8052363023519742,0.7804023534569539,0.8306532661450714,0.7844961190042344,0.7569049081444436,0.8124579567099843,19.0,19.0,19.0,19.0,19.0,19.0,8398.0,8398.0,8398.0,1277.0,2001.0,2421.0,5977.0,6397.0,7121.0
calibrated__boltz_binder,1.0,1.0,trained_oof,all_determinate,molecule,47,47,1850556,0.8179021566822658,0.7910581892050548,0.8436288411410555,0.8000676553425025,0.7772990832162462,0.8243459626798637,37.0,38.0,38.0,37.0,38.0,38.0,16354.0,16796.0,16796.0,4028.0,4208.0,4367.0,12053.0,12429.0,12768.0
availability__boltz_binder,0.125,0.125,trained_oof,all_determinate,molecule,47,47,1850556,0.6782085745322245,0.6454736022400515,0.7118378757626813,0.6855682832618953,0.654536982238025,0.7183864798917258,5.0,5.0,5.0,5.0,5.0,5.0,2210.0,2210.0,2210.0,288.0,589.0,768.0,1442.0,1621.0,1922.0
availability__boltz_binder,0.25,0.25,trained_oof,all_determinate,molecule,47,47,1850556,0.7018047522510734,0.6639843550690596,0.7386145440930494,0.7008534191886114,0.6677618886683577,0.7344859082661009,10.0,10.0,10.0,10.0,10.0,10.0,4420.0,4420.0,4420.0,745.0,1037.0,1289.0,3131.0,3383.0,3675.0
availability__boltz_binder,0.5,0.5,trained_oof,all_determinate,molecule,47,47,1850556,0.7149552570091909,0.6745396637266161,0.7533004435582105,0.7174949042341869,0.6840462168316029,0.7521830439153948,19.0,19.0,19.0,19.0,19.0,19.0,8398.0,8398.0,8398.0,1277.0,2001.0,2421.0,5977.0,6397.0,7121.0
availability__boltz_binder,1.0,1.0,trained_oof,all_determinate,molecule,47,47,1850556,0.7245185556352408,0.6847442537132684,0.7632551919583431,0.7254133352354644,0.6887879299192842,0.7623323651395888,37.0,38.0,38.0,37.0,38.0,38.0,16354.0,16796.0,16796.0,4028.0,4208.0,4367.0,12053.0,12429.0,12768.0
plus__boltz_binder,0.125,0.125,trained_oof,all_determinate,molecule,47,47,1850556,0.7535153114978824,0.7201786441334241,0.7836662893915847,0.7380987119546774,0.7104471563915953,0.7667911803344807,5.0,5.0,5.0,5.0,5.0,5.0,2210.0,2210.0,2210.0,288.0,589.0,768.0,1442.0,1621.0,1922.0
plus__boltz_binder,0.25,0.25,trained_oof,all_determinate,molecule,47,47,1850556,0.7778263551538754,0.750140125090633,0.8040671193834042,0.7619120956080226,0.7365012674486701,0.7883355900291175,10.0,10.0,10.0,10.0,10.0,10.0,4420.0,4420.0,4420.0,745.0,1037.0,1289.0,3131.0,3383.0,3675.0
plus__boltz_binder,0.5,0.5,trained_oof,all_determinate,molecule,47,47,1850556,0.8019936104235081,0.7737069033162777,0.8295477111561435,0.7855590427957868,0.7589364590942288,0.8130489889742603,19.0,19.0,19.0,19.0,19.0,19.0,8398.0,8398.0,8398.0,1277.0,2001.0,2421.0,5977.0,6397.0,7121.0
plus__boltz_binder,1.0,1.0,trained_oof,all_determinate,molecule,47,47,1850556,0.8178286960239245,0.7916020209133453,0.842703121633858,0.8009371237617235,0.7755896467622502,0.8263379637706911,37.0,38.0,38.0,37.0,38.0,38.0,16354.0,16796.0,16796.0,4028.0,4208.0,4367.0,12053.0,12429.0,12768.0
representation_readout,0.125,0.125,trained_oof,all_determinate,molecule,47,47,1850556,0.7253343888452645,0.685763366104827,0.7611142513983792,0.7310532618304985,0.7066799418348515,0.7573003358228972,5.0,5.0,5.0,5.0,5.0,5.0,2210.0,2210.0,2210.0,288.0,589.0,768.0,1442.0,1621.0,1922.0
representation_readout,0.25,0.25,trained_oof,all_determinate,molecule,47,47,1850556,0.7671155430783401,0.73079930778011,0.7993734565434885,0.7702312169964054,0.7480686987065848,0.7934639898604953,10.0,10.0,10.0,10.0,10.0,10.0,4420.0,4420.0,4420.0,745.0,1037.0,1289.0,3131.0,3383.0,3675.0
representation_readout,0.5,0.5,trained_oof,all_determinate,molecule,47,47,1850556,0.7992009978628989,0.7729978276354181,0.8242040406926894,0.7950351137712125,0.7708068991496391,0.8200846308028634,19.0,19.0,19.0,19.0,19.0,19.0,8398.0,8398.0,8398.0,1277.0,2001.0,2421.0,5977.0,6397.0,7121.0
representation_readout,1.0,1.0,trained_oof,all_determinate,molecule,47,47,1850556,0.828044065900828,0.8060293550963862,0.8493799828944433,0.8166307855585024,0.7955462975361673,0.8389405537858725,37.0,38.0,38.0,37.0,38.0,38.0,16354.0,16796.0,16796.0,4028.0,4208.0,4367.0,12053.0,12429.0,12768.0
representation_plus_chemistry,0.125,0.125,trained_oof,all_determinate,molecule,47,47,1850556,0.7225794436105532,0.6816354475387614,0.7590732220413378,0.7299200888813956,0.7051468681292479,0.7567241144502592,5.0,5.0,5.0,5.0,5.0,5.0,2210.0,2210.0,2210.0,288.0,589.0,768.0,1442.0,1621.0,1922.0
representation_plus_chemistry,0.25,0.25,trained_oof,all_determinate,molecule,47,47,1850556,0.7598799373842727,0.723030371996526,0.79282357729204,0.7652537939948859,0.7435365215169977,0.7883914159576896,10.0,10.0,10.0,10.0,10.0,10.0,4420.0,4420.0,4420.0,745.0,1037.0,1289.0,3131.0,3383.0,3675.0
representation_plus_chemistry,0.5,0.5,trained_oof,all_determinate,molecule,47,47,1850556,0.7981958313720513,0.7723817054637057,0.8234266276709309,0.7945017605519639,0.770284528258322,0.819674263522353,19.0,19.0,19.0,19.0,19.0,19.0,8398.0,8398.0,8398.0,1277.0,2001.0,2421.0,5977.0,6397.0,7121.0
representation_plus_chemistry,1.0,1.0,trained_oof,all_determinate,molecule,47,47,1850556,0.8275308227054226,0.8048151296701432,0.8498936499931492,0.8176358888896094,0.795317124327707,0.8410442337499076,37.0,38.0,38.0,37.0,38.0,38.0,16354.0,16796.0,16796.0,4028.0,4208.0,4367.0,12053.0,12429.0,12768.0
representation_pca4_readout,0.125,0.125,trained_oof,all_determinate,molecule,47,47,1850556,0.7891135527452281,0.7580244210820586,0.8181667020361542,0.7797013438123461,0.7524239751834229,0.808447034824718,5.0,5.0,5.0,5.0,5.0,5.0,2210.0,2210.0,2210.0,288.0,589.0,768.0,1442.0,1621.0,1922.0
representation_pca4_readout,0.25,0.25,trained_oof,all_determinate,molecule,47,47,1850556,0.8161226316292033,0.7891574294849325,0.8410718191090215,0.8026376937525803,0.7776270800347254,0.8279423568350236,10.0,10.0,10.0,10.0,10.0,10.0,4420.0,4420.0,4420.0,745.0,1037.0,1289.0,3131.0,3383.0,3675.0
representation_pca4_readout,0.5,0.5,trained_oof,all_determinate,molecule,47,47,1850556,0.8306936852414327,0.8096835207201813,0.851988024112141,0.8121478085505113,0.7860545605205309,0.8375822362505465,19.0,19.0,19.0,19.0,19.0,19.0,8398.0,8398.0,8398.0,1277.0,2001.0,2421.0,5977.0,6397.0,7121.0
representation_pca4_readout,1.0,1.0,trained_oof,all_determinate,molecule,47,47,1850556,0.8394310604413139,0.8185045855923383,0.8602839472762299,0.8223236692107669,0.8005868234148004,0.8456295648608901,37.0,38.0,38.0,37.0,38.0,38.0,16354.0,16796.0,16796.0,4028.0,4208.0,4367.0,12053.0,12429.0,12768.0
scalar_members_readout,0.125,0.125,trained_oof,all_determinate,molecule,47,47,1850556,0.7888750721397105,0.7619480022248817,0.8152497574565067,0.7789032053069456,0.7519976567032001,0.8056590891735292,5.0,5.0,5.0,5.0,5.0,5.0,2210.0,2210.0,2210.0,288.0,589.0,768.0,1442.0,1621.0,1922.0
scalar_members_readout,0.25,0.25,trained_oof,all_determinate,molecule,47,47,1850556,0.8039072334994234,0.7774198797690541,0.8293070785281691,0.7883711706103463,0.7620609050817495,0.8155372919827519,10.0,10.0,10.0,10.0,10.0,10.0,4420.0,4420.0,4420.0,745.0,1037.0,1289.0,3131.0,3383.0,3675.0
scalar_members_readout,0.5,0.5,trained_oof,all_determinate,molecule,47,47,1850556,0.8147030332763019,0.7892032890322547,0.8388127238406332,0.7970388358958065,0.769661928301525,0.8239589570246626,19.0,19.0,19.0,19.0,19.0,19.0,8398.0,8398.0,8398.0,1277.0,2001.0,2421.0,5977.0,6397.0,7121.0
scalar_members_readout,1.0,1.0,trained_oof,all_determinate,molecule,47,47,1850556,0.8291463861213388,0.8075090441005885,0.8495809374482762,0.8126141548810195,0.7902132869751175,0.8360019536144326,37.0,38.0,38.0,37.0,38.0,38.0,16354.0,16796.0,16796.0,4028.0,4208.0,4367.0,12053.0,12429.0,12768.0
native__boltz_affinity,0.125,0.0,static_native_reference,all_determinate,molecule,47,47,1850556,0.6951388290517139,0.6541722003906237,0.7345906132278499,0.7022767751962113,0.672037575185551,0.7339773842604362,0.0,0.0,0.0,0.0,0.0,0.0,0.0,0.0,0.0,0.0,0.0,0.0,0.0,0.0,0.0
native__boltz_affinity,0.25,0.0,static_native_reference,all_determinate,molecule,47,47,1850556,0.6951388290517139,0.6541722003906237,0.7345906132278499,0.7022767751962113,0.672037575185551,0.7339773842604362,0.0,0.0,0.0,0.0,0.0,0.0,0.0,0.0,0.0,0.0,0.0,0.0,0.0,0.0,0.0
native__boltz_affinity,0.5,0.0,static_native_reference,all_determinate,molecule,47,47,1850556,0.6951388290517139,0.6541722003906237,0.7345906132278499,0.7022767751962113,0.672037575185551,0.7339773842604362,0.0,0.0,0.0,0.0,0.0,0.0,0.0,0.0,0.0,0.0,0.0,0.0,0.0,0.0,0.0
native__boltz_affinity,1.0,0.0,static_native_reference,all_determinate,molecule,47,47,1850556,0.6951388290517139,0.6541722003906237,0.7345906132278499,0.7022767751962113,0.672037575185551,0.7339773842604362,0.0,0.0,0.0,0.0,0.0,0.0,0.0,0.0,0.0,0.0,0.0,0.0,0.0,0.0,0.0
native__boltz_binder,0.125,0.0,static_native_reference,all_determinate,molecule,47,47,1850556,0.7742115823390078,0.7480027093523489,0.8020960891915461,0.759651153491167,0.7329555440117256,0.7838263576436507,0.0,0.0,0.0,0.0,0.0,0.0,0.0,0.0,0.0,0.0,0.0,0.0,0.0,0.0,0.0
native__boltz_binder,0.25,0.0,static_native_reference,all_determinate,molecule,47,47,1850556,0.7742115823390078,0.7480027093523489,0.8020960891915461,0.759651153491167,0.7329555440117256,0.7838263576436507,0.0,0.0,0.0,0.0,0.0,0.0,0.0,0.0,0.0,0.0,0.0,0.0,0.0,0.0,0.0
native__boltz_binder,0.5,0.0,static_native_reference,all_determinate,molecule,47,47,1850556,0.7742115823390078,0.7480027093523489,0.8020960891915461,0.759651153491167,0.7329555440117256,0.7838263576436507,0.0,0.0,0.0,0.0,0.0,0.0,0.0,0.0,0.0,0.0,0.0,0.0,0.0,0.0,0.0
native__boltz_binder,1.0,0.0,static_native_reference,all_determinate,molecule,47,47,1850556,0.7742115823390078,0.7480027093523489,0.8020960891915461,0.759651153491167,0.7329555440117256,0.7838263576436507,0.0,0.0,0.0,0.0,0.0,0.0,0.0,0.0,0.0,0.0,0.0,0.0,0.0,0.0,0.0
target_prior,0.125,0.125,trained_oof,all_determinate,scaffold,47,47,1850556,0.6722971308833562,0.6408272020915824,0.7041968355216955,0.6791904703235135,0.6492886736908916,0.7108341582198684,5.0,5.0,5.0,5.0,5.0,5.0,2210.0,2210.0,2210.0,288.0,589.0,768.0,1442.0,1621.0,1922.0
target_prior,0.25,0.25,trained_oof,all_determinate,scaffold,47,47,1850556,0.6937891304351068,0.6594782328156878,0.7269131208850016,0.6931438443365129,0.6623815855422494,0.725072271229723,10.0,10.0,10.0,10.0,10.0,10.0,4420.0,4420.0,4420.0,745.0,1037.0,1289.0,3131.0,3383.0,3675.0
target_prior,0.5,0.5,trained_oof,all_determinate,scaffold,47,47,1850556,0.708618122679806,0.6697423580385203,0.7448259030909831,0.7104105468842877,0.6776615743285103,0.7438224722535344,19.0,19.0,19.0,19.0,19.0,19.0,8398.0,8398.0,8398.0,1277.0,2001.0,2421.0,5977.0,6397.0,7121.0
target_prior,1.0,1.0,trained_oof,all_determinate,scaffold,47,47,1850556,0.7220100512082277,0.6836093535796797,0.7600175969302033,0.7239229723391241,0.6895350546549075,0.758849016731086,37.0,38.0,38.0,37.0,38.0,38.0,16354.0,16796.0,16796.0,4028.0,4208.0,4367.0,12053.0,12429.0,12768.0
chemistry,0.125,0.125,trained_oof,all_determinate,scaffold,47,47,1850556,0.6782085745322245,0.6454736022400515,0.7118378757626813,0.6855682832618953,0.654536982238025,0.7183864798917258,5.0,5.0,5.0,5.0,5.0,5.0,2210.0,2210.0,2210.0,288.0,589.0,768.0,1442.0,1621.0,1922.0
chemistry,0.25,0.25,trained_oof,all_determinate,scaffold,47,47,1850556,0.7018047522510734,0.6639843550690596,0.7386145440930494,0.7008534191886114,0.6677618886683577,0.7344859082661009,10.0,10.0,10.0,10.0,10.0,10.0,4420.0,4420.0,4420.0,745.0,1037.0,1289.0,3131.0,3383.0,3675.0
chemistry,0.5,0.5,trained_oof,all_determinate,scaffold,47,47,1850556,0.7149552570091909,0.6745396637266161,0.7533004435582105,0.7174949042341869,0.6840462168316029,0.7521830439153948,19.0,19.0,19.0,19.0,19.0,19.0,8398.0,8398.0,8398.0,1277.0,2001.0,2421.0,5977.0,6397.0,7121.0
chemistry,1.0,1.0,trained_oof,all_determinate,scaffold,47,47,1850556,0.7245185556352408,0.6847442537132684,0.7632551919583431,0.7254133352354644,0.6887879299192842,0.7623323651395888,37.0,38.0,38.0,37.0,38.0,38.0,16354.0,16796.0,16796.0,4028.0,4208.0,4367.0,12053.0,12429.0,12768.0
calibrated__boltz_affinity,0.125,0.125,trained_oof,all_determinate,scaffold,47,47,1850556,0.7072355637806215,0.6710448073025543,0.7410182587509396,0.7091598416908216,0.6820224288611252,0.7373065115018317,5.0,5.0,5.0,5.0,5.0,5.0,2210.0,2210.0,2210.0,288.0,589.0,768.0,1442.0,1621.0,1922.0
calibrated__boltz_affinity,0.25,0.25,trained_oof,all_determinate,scaffold,47,47,1850556,0.73650809857069,0.7021964303635331,0.7687208234621644,0.732130775831696,0.7031210786185652,0.7617062974075755,10.0,10.0,10.0,10.0,10.0,10.0,4420.0,4420.0,4420.0,745.0,1037.0,1289.0,3131.0,3383.0,3675.0
calibrated__boltz_affinity,0.5,0.5,trained_oof,all_determinate,scaffold,47,47,1850556,0.7626103505804095,0.7257786398758396,0.7966686643613954,0.7583056119350077,0.7312413491314629,0.7863774844886301,19.0,19.0,19.0,19.0,19.0,19.0,8398.0,8398.0,8398.0,1277.0,2001.0,2421.0,5977.0,6397.0,7121.0
calibrated__boltz_affinity,1.0,1.0,trained_oof,all_determinate,scaffold,47,47,1850556,0.7790475949392289,0.7394030853745018,0.8145870105546263,0.7724678420971859,0.7463622750883523,0.8009808385097762,37.0,38.0,38.0,37.0,38.0,38.0,16354.0,16796.0,16796.0,4028.0,4208.0,4367.0,12053.0,12429.0,12768.0
availability__boltz_affinity,0.125,0.125,trained_oof,all_determinate,scaffold,47,47,1850556,0.6782085745322245,0.6454736022400515,0.7118378757626813,0.6855682832618953,0.654536982238025,0.7183864798917258,5.0,5.0,5.0,5.0,5.0,5.0,2210.0,2210.0,2210.0,288.0,589.0,768.0,1442.0,1621.0,1922.0
availability__boltz_affinity,0.25,0.25,trained_oof,all_determinate,scaffold,47,47,1850556,0.7018047522510734,0.6639843550690596,0.7386145440930494,0.7008534191886114,0.6677618886683577,0.7344859082661009,10.0,10.0,10.0,10.0,10.0,10.0,4420.0,4420.0,4420.0,745.0,1037.0,1289.0,3131.0,3383.0,3675.0
availability__boltz_affinity,0.5,0.5,trained_oof,all_determinate,scaffold,47,47,1850556,0.7149552570091909,0.6745396637266161,0.7533004435582105,0.7174949042341869,0.6840462168316029,0.7521830439153948,19.0,19.0,19.0,19.0,19.0,19.0,8398.0,8398.0,8398.0,1277.0,2001.0,2421.0,5977.0,6397.0,7121.0
availability__boltz_affinity,1.0,1.0,trained_oof,all_determinate,scaffold,47,47,1850556,0.7245185556352408,0.6847442537132684,0.7632551919583431,0.7254133352354644,0.6887879299192842,0.7623323651395888,37.0,38.0,38.0,37.0,38.0,38.0,16354.0,16796.0,16796.0,4028.0,4208.0,4367.0,12053.0,12429.0,12768.0
plus__boltz_affinity,0.125,0.125,trained_oof,all_determinate,scaffold,47,47,1850556,0.7052438033138465,0.6696695577227529,0.7382971725556419,0.7073565998543141,0.6797899003791539,0.7348334380647511,5.0,5.0,5.0,5.0,5.0,5.0,2210.0,2210.0,2210.0,288.0,589.0,768.0,1442.0,1621.0,1922.0
plus__boltz_affinity,0.25,0.25,trained_oof,all_determinate,scaffold,47,47,1850556,0.7335502513670102,0.6983751961853902,0.7668883798095654,0.7311602567012293,0.7030706513904842,0.7603869947291511,10.0,10.0,10.0,10.0,10.0,10.0,4420.0,4420.0,4420.0,745.0,1037.0,1289.0,3131.0,3383.0,3675.0
plus__boltz_affinity,0.5,0.5,trained_oof,all_determinate,scaffold,47,47,1850556,0.7576142406618416,0.7195995921929571,0.7920729391808855,0.753887480303217,0.7253426788340552,0.7833748432512257,19.0,19.0,19.0,19.0,19.0,19.0,8398.0,8398.0,8398.0,1277.0,2001.0,2421.0,5977.0,6397.0,7121.0
plus__boltz_affinity,1.0,1.0,trained_oof,all_determinate,scaffold,47,47,1850556,0.7788035320810883,0.7410866648162993,0.813206697188666,0.7729795801910345,0.7456386422897904,0.8017474141094522,37.0,38.0,38.0,37.0,38.0,38.0,16354.0,16796.0,16796.0,4028.0,4208.0,4367.0,12053.0,12429.0,12768.0
calibrated__boltz_binder,0.125,0.125,trained_oof,all_determinate,scaffold,47,47,1850556,0.7543665635747567,0.7227747776548132,0.7838802677731967,0.7399889546709205,0.7100653484896216,0.7706073024513492,5.0,5.0,5.0,5.0,5.0,5.0,2210.0,2210.0,2210.0,288.0,589.0,768.0,1442.0,1621.0,1922.0
calibrated__boltz_binder,0.25,0.25,trained_oof,all_determinate,scaffold,47,47,1850556,0.7819449226927341,0.7563078939005389,0.8076805009934086,0.7637958537866457,0.7381340643611677,0.7909723538664815,10.0,10.0,10.0,10.0,10.0,10.0,4420.0,4420.0,4420.0,745.0,1037.0,1289.0,3131.0,3383.0,3675.0
calibrated__boltz_binder,0.5,0.5,trained_oof,all_determinate,scaffold,47,47,1850556,0.8052363023519742,0.7804023534569539,0.8306532661450714,0.7844961190042344,0.7569049081444436,0.8124579567099843,19.0,19.0,19.0,19.0,19.0,19.0,8398.0,8398.0,8398.0,1277.0,2001.0,2421.0,5977.0,6397.0,7121.0
calibrated__boltz_binder,1.0,1.0,trained_oof,all_determinate,scaffold,47,47,1850556,0.8179021566822658,0.7910581892050548,0.8436288411410555,0.8000676553425025,0.7772990832162462,0.8243459626798637,37.0,38.0,38.0,37.0,38.0,38.0,16354.0,16796.0,16796.0,4028.0,4208.0,4367.0,12053.0,12429.0,12768.0
availability__boltz_binder,0.125,0.125,trained_oof,all_determinate,scaffold,47,47,1850556,0.6782085745322245,0.6454736022400515,0.7118378757626813,0.6855682832618953,0.654536982238025,0.7183864798917258,5.0,5.0,5.0,5.0,5.0,5.0,2210.0,2210.0,2210.0,288.0,589.0,768.0,1442.0,1621.0,1922.0
availability__boltz_binder,0.25,0.25,trained_oof,all_determinate,scaffold,47,47,1850556,0.7018047522510734,0.6639843550690596,0.7386145440930494,0.7008534191886114,0.6677618886683577,0.7344859082661009,10.0,10.0,10.0,10.0,10.0,10.0,4420.0,4420.0,4420.0,745.0,1037.0,1289.0,3131.0,3383.0,3675.0
availability__boltz_binder,0.5,0.5,trained_oof,all_determinate,scaffold,47,47,1850556,0.7149552570091909,0.6745396637266161,0.7533004435582105,0.7174949042341869,0.6840462168316029,0.7521830439153948,19.0,19.0,19.0,19.0,19.0,19.0,8398.0,8398.0,8398.0,1277.0,2001.0,2421.0,5977.0,6397.0,7121.0
availability__boltz_binder,1.0,1.0,trained_oof,all_determinate,scaffold,47,47,1850556,0.7245185556352408,0.6847442537132684,0.7632551919583431,0.7254133352354644,0.6887879299192842,0.7623323651395888,37.0,38.0,38.0,37.0,38.0,38.0,16354.0,16796.0,16796.0,4028.0,4208.0,4367.0,12053.0,12429.0,12768.0
plus__boltz_binder,0.125,0.125,trained_oof,all_determinate,scaffold,47,47,1850556,0.7535153114978824,0.7201786441334241,0.7836662893915847,0.7380987119546774,0.7104471563915953,0.7667911803344807,5.0,5.0,5.0,5.0,5.0,5.0,2210.0,2210.0,2210.0,288.0,589.0,768.0,1442.0,1621.0,1922.0
plus__boltz_binder,0.25,0.25,trained_oof,all_determinate,scaffold,47,47,1850556,0.7778263551538754,0.750140125090633,0.8040671193834042,0.7619120956080226,0.7365012674486701,0.7883355900291175,10.0,10.0,10.0,10.0,10.0,10.0,4420.0,4420.0,4420.0,745.0,1037.0,1289.0,3131.0,3383.0,3675.0
plus__boltz_binder,0.5,0.5,trained_oof,all_determinate,scaffold,47,47,1850556,0.8019936104235081,0.7737069033162777,0.8295477111561435,0.7855590427957868,0.7589364590942288,0.8130489889742603,19.0,19.0,19.0,19.0,19.0,19.0,8398.0,8398.0,8398.0,1277.0,2001.0,2421.0,5977.0,6397.0,7121.0
plus__boltz_binder,1.0,1.0,trained_oof,all_determinate,scaffold,47,47,1850556,0.8178286960239245,0.7916020209133453,0.842703121633858,0.8009371237617235,0.7755896467622502,0.8263379637706911,37.0,38.0,38.0,37.0,38.0,38.0,16354.0,16796.0,16796.0,4028.0,4208.0,4367.0,12053.0,12429.0,12768.0
representation_readout,0.125,0.125,trained_oof,all_determinate,scaffold,47,47,1850556,0.7253343888452645,0.685763366104827,0.7611142513983792,0.7310532618304985,0.7066799418348515,0.7573003358228972,5.0,5.0,5.0,5.0,5.0,5.0,2210.0,2210.0,2210.0,288.0,589.0,768.0,1442.0,1621.0,1922.0
representation_readout,0.25,0.25,trained_oof,all_determinate,scaffold,47,47,1850556,0.7671155430783401,0.73079930778011,0.7993734565434885,0.7702312169964054,0.7480686987065848,0.7934639898604953,10.0,10.0,10.0,10.0,10.0,10.0,4420.0,4420.0,4420.0,745.0,1037.0,1289.0,3131.0,3383.0,3675.0
representation_readout,0.5,0.5,trained_oof,all_determinate,scaffold,47,47,1850556,0.7992009978628989,0.7729978276354181,0.8242040406926894,0.7950351137712125,0.7708068991496391,0.8200846308028634,19.0,19.0,19.0,19.0,19.0,19.0,8398.0,8398.0,8398.0,1277.0,2001.0,2421.0,5977.0,6397.0,7121.0
representation_readout,1.0,1.0,trained_oof,all_determinate,scaffold,47,47,1850556,0.828044065900828,0.8060293550963862,0.8493799828944433,0.8166307855585024,0.7955462975361673,0.8389405537858725,37.0,38.0,38.0,37.0,38.0,38.0,16354.0,16796.0,16796.0,4028.0,4208.0,4367.0,12053.0,12429.0,12768.0
representation_plus_chemistry,0.125,0.125,trained_oof,all_determinate,scaffold,47,47,1850556,0.7225794436105532,0.6816354475387614,0.7590732220413378,0.7299200888813956,0.7051468681292479,0.7567241144502592,5.0,5.0,5.0,5.0,5.0,5.0,2210.0,2210.0,2210.0,288.0,589.0,768.0,1442.0,1621.0,1922.0
representation_plus_chemistry,0.25,0.25,trained_oof,all_determinate,scaffold,47,47,1850556,0.7598799373842727,0.723030371996526,0.79282357729204,0.7652537939948859,0.7435365215169977,0.7883914159576896,10.0,10.0,10.0,10.0,10.0,10.0,4420.0,4420.0,4420.0,745.0,1037.0,1289.0,3131.0,3383.0,3675.0
representation_plus_chemistry,0.5,0.5,trained_oof,all_determinate,scaffold,47,47,1850556,0.7981958313720513,0.7723817054637057,0.8234266276709309,0.7945017605519639,0.770284528258322,0.819674263522353,19.0,19.0,19.0,19.0,19.0,19.0,8398.0,8398.0,8398.0,1277.0,2001.0,2421.0,5977.0,6397.0,7121.0
representation_plus_chemistry,1.0,1.0,trained_oof,all_determinate,scaffold,47,47,1850556,0.8275308227054226,0.8048151296701432,0.8498936499931492,0.8176358888896094,0.795317124327707,0.8410442337499076,37.0,38.0,38.0,37.0,38.0,38.0,16354.0,16796.0,16796.0,4028.0,4208.0,4367.0,12053.0,12429.0,12768.0
representation_pca4_readout,0.125,0.125,trained_oof,all_determinate,scaffold,47,47,1850556,0.7891135527452281,0.7580244210820586,0.8181667020361542,0.7797013438123461,0.7524239751834229,0.808447034824718,5.0,5.0,5.0,5.0,5.0,5.0,2210.0,2210.0,2210.0,288.0,589.0,768.0,1442.0,1621.0,1922.0
representation_pca4_readout,0.25,0.25,trained_oof,all_determinate,scaffold,47,47,1850556,0.8161226316292033,0.7891574294849325,0.8410718191090215,0.8026376937525803,0.7776270800347254,0.8279423568350236,10.0,10.0,10.0,10.0,10.0,10.0,4420.0,4420.0,4420.0,745.0,1037.0,1289.0,3131.0,3383.0,3675.0
representation_pca4_readout,0.5,0.5,trained_oof,all_determinate,scaffold,47,47,1850556,0.8306936852414327,0.8096835207201813,0.851988024112141,0.8121478085505113,0.7860545605205309,0.8375822362505465,19.0,19.0,19.0,19.0,19.0,19.0,8398.0,8398.0,8398.0,1277.0,2001.0,2421.0,5977.0,6397.0,7121.0
representation_pca4_readout,1.0,1.0,trained_oof,all_determinate,scaffold,47,47,1850556,0.8394310604413139,0.8185045855923383,0.8602839472762299,0.8223236692107669,0.8005868234148004,0.8456295648608901,37.0,38.0,38.0,37.0,38.0,38.0,16354.0,16796.0,16796.0,4028.0,4208.0,4367.0,12053.0,12429.0,12768.0
scalar_members_readout,0.125,0.125,trained_oof,all_determinate,scaffold,47,47,1850556,0.7888750721397105,0.7619480022248817,0.8152497574565067,0.7789032053069456,0.7519976567032001,0.8056590891735292,5.0,5.0,5.0,5.0,5.0,5.0,2210.0,2210.0,2210.0,288.0,589.0,768.0,1442.0,1621.0,1922.0
scalar_members_readout,0.25,0.25,trained_oof,all_determinate,scaffold,47,47,1850556,0.8039072334994234,0.7774198797690541,0.8293070785281691,0.7883711706103463,0.7620609050817495,0.8155372919827519,10.0,10.0,10.0,10.0,10.0,10.0,4420.0,4420.0,4420.0,745.0,1037.0,1289.0,3131.0,3383.0,3675.0
scalar_members_readout,0.5,0.5,trained_oof,all_determinate,scaffold,47,47,1850556,0.8147030332763019,0.7892032890322547,0.8388127238406332,0.7970388358958065,0.769661928301525,0.8239589570246626,19.0,19.0,19.0,19.0,19.0,19.0,8398.0,8398.0,8398.0,1277.0,2001.0,2421.0,5977.0,6397.0,7121.0
scalar_members_readout,1.0,1.0,trained_oof,all_determinate,scaffold,47,47,1850556,0.8291463861213388,0.8075090441005885,0.8495809374482762,0.8126141548810195,0.7902132869751175,0.8360019536144326,37.0,38.0,38.0,37.0,38.0,38.0,16354.0,16796.0,16796.0,4028.0,4208.0,4367.0,12053.0,12429.0,12768.0
native__boltz_affinity,0.125,0.0,static_native_reference,all_determinate,scaffold,47,47,1850556,0.6951388290517139,0.6541722003906237,0.7345906132278499,0.7022767751962113,0.672037575185551,0.7339773842604362,0.0,0.0,0.0,0.0,0.0,0.0,0.0,0.0,0.0,0.0,0.0,0.0,0.0,0.0,0.0
native__boltz_affinity,0.25,0.0,static_native_reference,all_determinate,scaffold,47,47,1850556,0.6951388290517139,0.6541722003906237,0.7345906132278499,0.7022767751962113,0.672037575185551,0.7339773842604362,0.0,0.0,0.0,0.0,0.0,0.0,0.0,0.0,0.0,0.0,0.0,0.0,0.0,0.0,0.0
native__boltz_affinity,0.5,0.0,static_native_reference,all_determinate,scaffold,47,47,1850556,0.6951388290517139,0.6541722003906237,0.7345906132278499,0.7022767751962113,0.672037575185551,0.7339773842604362,0.0,0.0,0.0,0.0,0.0,0.0,0.0,0.0,0.0,0.0,0.0,0.0,0.0,0.0,0.0
native__boltz_affinity,1.0,0.0,static_native_reference,all_determinate,scaffold,47,47,1850556,0.6951388290517139,0.6541722003906237,0.7345906132278499,0.7022767751962113,0.672037575185551,0.7339773842604362,0.0,0.0,0.0,0.0,0.0,0.0,0.0,0.0,0.0,0.0,0.0,0.0,0.0,0.0,0.0
native__boltz_binder,0.125,0.0,static_native_reference,all_determinate,scaffold,47,47,1850556,0.7742115823390078,0.7480027093523489,0.8020960891915461,0.759651153491167,0.7329555440117256,0.7838263576436507,0.0,0.0,0.0,0.0,0.0,0.0,0.0,0.0,0.0,0.0,0.0,0.0,0.0,0.0,0.0
native__boltz_binder,0.25,0.0,static_native_reference,all_determinate,scaffold,47,47,1850556,0.7742115823390078,0.7480027093523489,0.8020960891915461,0.759651153491167,0.7329555440117256,0.7838263576436507,0.0,0.0,0.0,0.0,0.0,0.0,0.0,0.0,0.0,0.0,0.0,0.0,0.0,0.0,0.0
native__boltz_binder,0.5,0.0,static_native_reference,all_determinate,scaffold,47,47,1850556,0.7742115823390078,0.7480027093523489,0.8020960891915461,0.759651153491167,0.7329555440117256,0.7838263576436507,0.0,0.0,0.0,0.0,0.0,0.0,0.0,0.0,0.0,0.0,0.0,0.0,0.0,0.0,0.0
native__boltz_binder,1.0,0.0,static_native_reference,all_determinate,scaffold,47,47,1850556,0.7742115823390078,0.7480027093523489,0.8020960891915461,0.759651153491167,0.7329555440117256,0.7838263576436507,0.0,0.0,0.0,0.0,0.0,0.0,0.0,0.0,0.0,0.0,0.0,0.0,0.0,0.0,0.0
target_prior,0.125,0.125,trained_oof,both_exact,molecule,47,47,458903,0.5786813521926772,0.5478462191392653,0.6106841598734283,0.5976731466126829,0.5721603577338975,0.6290549874901461,5.0,5.0,5.0,5.0,5.0,5.0,2210.0,2210.0,2210.0,288.0,589.0,768.0,1442.0,1621.0,1922.0
target_prior,0.25,0.25,trained_oof,both_exact,molecule,47,47,458903,0.5793005174322733,0.5475418632432756,0.6114019387926783,0.6081742764810865,0.5851728706029828,0.6347972507228785,10.0,10.0,10.0,10.0,10.0,10.0,4420.0,4420.0,4420.0,745.0,1037.0,1289.0,3131.0,3383.0,3675.0
target_prior,0.5,0.5,trained_oof,both_exact,molecule,47,47,458903,0.5775785466582039,0.5415833170928134,0.6171833779833676,0.6169549992046249,0.591108056562139,0.6452711595487317,19.0,19.0,19.0,19.0,19.0,19.0,8398.0,8398.0,8398.0,1277.0,2001.0,2421.0,5977.0,6397.0,7121.0
target_prior,1.0,1.0,trained_oof,both_exact,molecule,47,47,458903,0.5826071319460316,0.5435773497111832,0.6223870921000138,0.6213807710997749,0.5959207446645399,0.6501241026658671,37.0,38.0,38.0,37.0,38.0,38.0,16354.0,16796.0,16796.0,4028.0,4208.0,4367.0,12053.0,12429.0,12768.0
chemistry,0.125,0.125,trained_oof,both_exact,molecule,47,47,458903,0.5829388917877614,0.5504882738849104,0.6170561018451576,0.5985219098589463,0.5712237775305535,0.631539491536502,5.0,5.0,5.0,5.0,5.0,5.0,2210.0,2210.0,2210.0,288.0,589.0,768.0,1442.0,1621.0,1922.0
chemistry,0.25,0.25,trained_oof,both_exact,molecule,47,47,458903,0.5888992673067891,0.5584698169866279,0.6197645942130742,0.6108360590364412,0.5873875815912533,0.6373053157284728,10.0,10.0,10.0,10.0,10.0,10.0,4420.0,4420.0,4420.0,745.0,1037.0,1289.0,3131.0,3383.0,3675.0
chemistry,0.5,0.5,trained_oof,both_exact,molecule,47,47,458903,0.5848588471642228,0.5476334830743202,0.6247566737396643,0.6204829778842151,0.5963196350677238,0.6478516280860859,19.0,19.0,19.0,19.0,19.0,19.0,8398.0,8398.0,8398.0,1277.0,2001.0,2421.0,5977.0,6397.0,7121.0
chemistry,1.0,1.0,trained_oof,both_exact,molecule,47,47,458903,0.5890032180578827,0.5547719845186105,0.6233816740859311,0.6273275615979848,0.6014468923528264,0.6572440067054272,37.0,38.0,38.0,37.0,38.0,38.0,16354.0,16796.0,16796.0,4028.0,4208.0,4367.0,12053.0,12429.0,12768.0
calibrated__boltz_affinity,0.125,0.125,trained_oof,both_exact,molecule,47,47,458903,0.6294879261690987,0.5985267400355226,0.6587101676700442,0.6279976378450348,0.6011477913995201,0.6614518179832152,5.0,5.0,5.0,5.0,5.0,5.0,2210.0,2210.0,2210.0,288.0,589.0,768.0,1442.0,1621.0,1922.0
calibrated__boltz_affinity,0.25,0.25,trained_oof,both_exact,molecule,47,47,458903,0.6257519798126495,0.5977535516093874,0.6508267453124936,0.6352148493254566,0.6106982338973831,0.6662072229955368,10.0,10.0,10.0,10.0,10.0,10.0,4420.0,4420.0,4420.0,745.0,1037.0,1289.0,3131.0,3383.0,3675.0
calibrated__boltz_affinity,0.5,0.5,trained_oof,both_exact,molecule,47,47,458903,0.6554312629095389,0.62898113902605,0.6810072487455006,0.6533711917333292,0.6251769168026728,0.6835506736390818,19.0,19.0,19.0,19.0,19.0,19.0,8398.0,8398.0,8398.0,1277.0,2001.0,2421.0,5977.0,6397.0,7121.0
calibrated__boltz_affinity,1.0,1.0,trained_oof,both_exact,molecule,47,47,458903,0.6701038767861658,0.6454999091419245,0.6929464704699952,0.6686075270808863,0.6439419298371419,0.6950099141359518,37.0,38.0,38.0,37.0,38.0,38.0,16354.0,16796.0,16796.0,4028.0,4208.0,4367.0,12053.0,12429.0,12768.0
availability__boltz_affinity,0.125,0.125,trained_oof,both_exact,molecule,47,47,458903,0.5829388917877614,0.5504882738849104,0.6170561018451576,0.5985219098589463,0.5712237775305535,0.631539491536502,5.0,5.0,5.0,5.0,5.0,5.0,2210.0,2210.0,2210.0,288.0,589.0,768.0,1442.0,1621.0,1922.0
availability__boltz_affinity,0.25,0.25,trained_oof,both_exact,molecule,47,47,458903,0.5888992673067891,0.5584698169866279,0.6197645942130742,0.6108360590364412,0.5873875815912533,0.6373053157284728,10.0,10.0,10.0,10.0,10.0,10.0,4420.0,4420.0,4420.0,745.0,1037.0,1289.0,3131.0,3383.0,3675.0
availability__boltz_affinity,0.5,0.5,trained_oof,both_exact,molecule,47,47,458903,0.5848588471642228,0.5476334830743202,0.6247566737396643,0.6204829778842151,0.5963196350677238,0.6478516280860859,19.0,19.0,19.0,19.0,19.0,19.0,8398.0,8398.0,8398.0,1277.0,2001.0,2421.0,5977.0,6397.0,7121.0
availability__boltz_affinity,1.0,1.0,trained_oof,both_exact,molecule,47,47,458903,0.5890032180578827,0.5547719845186105,0.6233816740859311,0.6273275615979848,0.6014468923528264,0.6572440067054272,37.0,38.0,38.0,37.0,38.0,38.0,16354.0,16796.0,16796.0,4028.0,4208.0,4367.0,12053.0,12429.0,12768.0
plus__boltz_affinity,0.125,0.125,trained_oof,both_exact,molecule,47,47,458903,0.628569872267045,0.5976393821005579,0.6573940412265236,0.6289368341457781,0.6020506942084283,0.6625836480357988,5.0,5.0,5.0,5.0,5.0,5.0,2210.0,2210.0,2210.0,288.0,589.0,768.0,1442.0,1621.0,1922.0
plus__boltz_affinity,0.25,0.25,trained_oof,both_exact,molecule,47,47,458903,0.6381150427191061,0.6111384781384535,0.663758616763513,0.636979928220125,0.612300289595286,0.6679636533333809,10.0,10.0,10.0,10.0,10.0,10.0,4420.0,4420.0,4420.0,745.0,1037.0,1289.0,3131.0,3383.0,3675.0
plus__boltz_affinity,0.5,0.5,trained_oof,both_exact,molecule,47,47,458903,0.6608623487390608,0.6358210962717996,0.6849182739092746,0.651701993667507,0.6235426810338203,0.6837647233902803,19.0,19.0,19.0,19.0,19.0,19.0,8398.0,8398.0,8398.0,1277.0,2001.0,2421.0,5977.0,6397.0,7121.0
plus__boltz_affinity,1.0,1.0,trained_oof,both_exact,molecule,47,47,458903,0.6797618747527384,0.6575369015927637,0.7011828660584194,0.6733340161210539,0.6493585726921725,0.7011965627141933,37.0,38.0,38.0,37.0,38.0,38.0,16354.0,16796.0,16796.0,4028.0,4208.0,4367.0,12053.0,12429.0,12768.0
calibrated__boltz_binder,0.125,0.125,trained_oof,both_exact,molecule,47,47,458903,0.6320312138327178,0.6031116796038934,0.6613432486270354,0.6272589196409699,0.5987034354466887,0.6635038166995524,5.0,5.0,5.0,5.0,5.0,5.0,2210.0,2210.0,2210.0,288.0,589.0,768.0,1442.0,1621.0,1922.0
calibrated__boltz_binder,0.25,0.25,trained_oof,both_exact,molecule,47,47,458903,0.6431759652058734,0.6159985878173273,0.668187465280579,0.6361998069308764,0.6128845828428316,0.66572023400757,10.0,10.0,10.0,10.0,10.0,10.0,4420.0,4420.0,4420.0,745.0,1037.0,1289.0,3131.0,3383.0,3675.0
calibrated__boltz_binder,0.5,0.5,trained_oof,both_exact,molecule,47,47,458903,0.652606001159097,0.626101289533839,0.6790582645850257,0.650910976829526,0.6253324140513706,0.6805769573995912,19.0,19.0,19.0,19.0,19.0,19.0,8398.0,8398.0,8398.0,1277.0,2001.0,2421.0,5977.0,6397.0,7121.0
calibrated__boltz_binder,1.0,1.0,trained_oof,both_exact,molecule,47,47,458903,0.6719124969889518,0.6442872249158833,0.6960512492514551,0.6706123080476702,0.6522953339438736,0.6938364614261365,37.0,38.0,38.0,37.0,38.0,38.0,16354.0,16796.0,16796.0,4028.0,4208.0,4367.0,12053.0,12429.0,12768.0
availability__boltz_binder,0.125,0.125,trained_oof,both_exact,molecule,47,47,458903,0.5829388917877614,0.5504882738849104,0.6170561018451576,0.5985219098589463,0.5712237775305535,0.631539491536502,5.0,5.0,5.0,5.0,5.0,5.0,2210.0,2210.0,2210.0,288.0,589.0,768.0,1442.0,1621.0,1922.0
availability__boltz_binder,0.25,0.25,trained_oof,both_exact,molecule,47,47,458903,0.5888992673067891,0.5584698169866279,0.6197645942130742,0.6108360590364412,0.5873875815912533,0.6373053157284728,10.0,10.0,10.0,10.0,10.0,10.0,4420.0,4420.0,4420.0,745.0,1037.0,1289.0,3131.0,3383.0,3675.0
availability__boltz_binder,0.5,0.5,trained_oof,both_exact,molecule,47,47,458903,0.5848588471642228,0.5476334830743202,0.6247566737396643,0.6204829778842151,0.5963196350677238,0.6478516280860859,19.0,19.0,19.0,19.0,19.0,19.0,8398.0,8398.0,8398.0,1277.0,2001.0,2421.0,5977.0,6397.0,7121.0
availability__boltz_binder,1.0,1.0,trained_oof,both_exact,molecule,47,47,458903,0.5890032180578827,0.5547719845186105,0.6233816740859311,0.6273275615979848,0.6014468923528264,0.6572440067054272,37.0,38.0,38.0,37.0,38.0,38.0,16354.0,16796.0,16796.0,4028.0,4208.0,4367.0,12053.0,12429.0,12768.0
plus__boltz_binder,0.125,0.125,trained_oof,both_exact,molecule,47,47,458903,0.6313762557882767,0.6007310601952845,0.6624885599060434,0.6305559126874307,0.603316862777219,0.66317702496444,5.0,5.0,5.0,5.0,5.0,5.0,2210.0,2210.0,2210.0,288.0,589.0,768.0,1442.0,1621.0,1922.0
plus__boltz_binder,0.25,0.25,trained_oof,both_exact,molecule,47,47,458903,0.6517360444415012,0.628359559721599,0.6753253564240731,0.6395512777209998,0.6165128785510121,0.668440221334926,10.0,10.0,10.0,10.0,10.0,10.0,4420.0,4420.0,4420.0,745.0,1037.0,1289.0,3131.0,3383.0,3675.0
plus__boltz_binder,0.5,0.5,trained_oof,both_exact,molecule,47,47,458903,0.6620794009004471,0.6347992489059511,0.6887455034643745,0.6548682401291777,0.6300304328329502,0.6845555811061813,19.0,19.0,19.0,19.0,19.0,19.0,8398.0,8398.0,8398.0,1277.0,2001.0,2421.0,5977.0,6397.0,7121.0
plus__boltz_binder,1.0,1.0,trained_oof,both_exact,molecule,47,47,458903,0.6816173450827459,0.6554286641168128,0.7057368427154384,0.6750838412474968,0.65188097636285,0.7014385228402829,37.0,38.0,38.0,37.0,38.0,38.0,16354.0,16796.0,16796.0,4028.0,4208.0,4367.0,12053.0,12429.0,12768.0
representation_readout,0.125,0.125,trained_oof,both_exact,molecule,47,47,458903,0.6477401938114686,0.6222426158794969,0.6757970473556508,0.6449837983190347,0.622302020974889,0.6739901897248585,5.0,5.0,5.0,5.0,5.0,5.0,2210.0,2210.0,2210.0,288.0,589.0,768.0,1442.0,1621.0,1922.0
representation_readout,0.25,0.25,trained_oof,both_exact,molecule,47,47,458903,0.6645931683566567,0.6387725525475798,0.6884695253848833,0.6722161328210973,0.6500241287036016,0.6963705223217707,10.0,10.0,10.0,10.0,10.0,10.0,4420.0,4420.0,4420.0,745.0,1037.0,1289.0,3131.0,3383.0,3675.0
representation_readout,0.5,0.5,trained_oof,both_exact,molecule,47,47,458903,0.6641009807658009,0.6411946065814309,0.6857620402406119,0.6776159667729346,0.6525882802297857,0.7026978081232612,19.0,19.0,19.0,19.0,19.0,19.0,8398.0,8398.0,8398.0,1277.0,2001.0,2421.0,5977.0,6397.0,7121.0
representation_readout,1.0,1.0,trained_oof,both_exact,molecule,47,47,458903,0.6736022629703957,0.6455829335846831,0.6992293924889484,0.6949900087818123,0.6727253641687558,0.7181045636293059,37.0,38.0,38.0,37.0,38.0,38.0,16354.0,16796.0,16796.0,4028.0,4208.0,4367.0,12053.0,12429.0,12768.0
representation_plus_chemistry,0.125,0.125,trained_oof,both_exact,molecule,47,47,458903,0.6480021434509502,0.6219530446881734,0.6761008066792595,0.6451472315500225,0.6222613560819654,0.6739814458692902,5.0,5.0,5.0,5.0,5.0,5.0,2210.0,2210.0,2210.0,288.0,589.0,768.0,1442.0,1621.0,1922.0
representation_plus_chemistry,0.25,0.25,trained_oof,both_exact,molecule,47,47,458903,0.6591945438058693,0.6340340126654057,0.6827642913049408,0.6696273504422503,0.6478404509302553,0.6936275130890109,10.0,10.0,10.0,10.0,10.0,10.0,4420.0,4420.0,4420.0,745.0,1037.0,1289.0,3131.0,3383.0,3675.0
representation_plus_chemistry,0.5,0.5,trained_oof,both_exact,molecule,47,47,458903,0.6682450016096871,0.6418544584867638,0.6926573263355823,0.6766811286916843,0.6514514932437869,0.702461063445433,19.0,19.0,19.0,19.0,19.0,19.0,8398.0,8398.0,8398.0,1277.0,2001.0,2421.0,5977.0,6397.0,7121.0
representation_plus_chemistry,1.0,1.0,trained_oof,both_exact,molecule,47,47,458903,0.6834689797886602,0.6586740949502004,0.7074753034561394,0.6976201942458428,0.6749126316234243,0.7217956577500183,37.0,38.0,38.0,37.0,38.0,38.0,16354.0,16796.0,16796.0,4028.0,4208.0,4367.0,12053.0,12429.0,12768.0
representation_pca4_readout,0.125,0.125,trained_oof,both_exact,molecule,47,47,458903,0.6672202653968425,0.6409870608917777,0.692439012895393,0.6638025900898447,0.6338690899996654,0.6979551774018163,5.0,5.0,5.0,5.0,5.0,5.0,2210.0,2210.0,2210.0,288.0,589.0,768.0,1442.0,1621.0,1922.0
representation_pca4_readout,0.25,0.25,trained_oof,both_exact,molecule,47,47,458903,0.6743809777037952,0.6500218702435167,0.6965749053834492,0.6802614060051907,0.6491910381841054,0.7097510475555701,10.0,10.0,10.0,10.0,10.0,10.0,4420.0,4420.0,4420.0,745.0,1037.0,1289.0,3131.0,3383.0,3675.0
representation_pca4_readout,0.5,0.5,trained_oof,both_exact,molecule,47,47,458903,0.6784183689265624,0.6572651472633914,0.698771944176871,0.6845891179617479,0.6545032964408626,0.7124304158093289,19.0,19.0,19.0,19.0,19.0,19.0,8398.0,8398.0,8398.0,1277.0,2001.0,2421.0,5977.0,6397.0,7121.0
representation_pca4_readout,1.0,1.0,trained_oof,both_exact,molecule,47,47,458903,0.6862553557780173,0.662128526940996,0.7096550952511304,0.6960555934478528,0.6739806905661423,0.7189732676319784,37.0,38.0,38.0,37.0,38.0,38.0,16354.0,16796.0,16796.0,4028.0,4208.0,4367.0,12053.0,12429.0,12768.0
scalar_members_readout,0.125,0.125,trained_oof,both_exact,molecule,47,47,458903,0.6743412151903527,0.6511025699550094,0.6972980681432142,0.6670908666973194,0.6309928094093478,0.7020552308853473,5.0,5.0,5.0,5.0,5.0,5.0,2210.0,2210.0,2210.0,288.0,589.0,768.0,1442.0,1621.0,1922.0
scalar_members_readout,0.25,0.25,trained_oof,both_exact,molecule,47,47,458903,0.6749655218920779,0.653129745443936,0.6967565161582168,0.6723730287228455,0.6440916812593246,0.7024867387832198,10.0,10.0,10.0,10.0,10.0,10.0,4420.0,4420.0,4420.0,745.0,1037.0,1289.0,3131.0,3383.0,3675.0
scalar_members_readout,0.5,0.5,trained_oof,both_exact,molecule,47,47,458903,0.6747925897056231,0.6494302290319027,0.699243860633483,0.6753867375022609,0.6460402917971702,0.7032349349189302,19.0,19.0,19.0,19.0,19.0,19.0,8398.0,8398.0,8398.0,1277.0,2001.0,2421.0,5977.0,6397.0,7121.0
scalar_members_readout,1.0,1.0,trained_oof,both_exact,molecule,47,47,458903,0.6791683839278109,0.6526393635792717,0.7033008359543438,0.6909019988973705,0.6679524678202277,0.7135585609012539,37.0,38.0,38.0,37.0,38.0,38.0,16354.0,16796.0,16796.0,4028.0,4208.0,4367.0,12053.0,12429.0,12768.0
native__boltz_affinity,0.125,0.0,static_native_reference,both_exact,molecule,47,47,458903,0.642970350823289,0.619902109309661,0.6666178012586015,0.6353695661174584,0.6014850889749571,0.6691220432874987,0.0,0.0,0.0,0.0,0.0,0.0,0.0,0.0,0.0,0.0,0.0,0.0,0.0,0.0,0.0
native__boltz_affinity,0.25,0.0,static_native_reference,both_exact,molecule,47,47,458903,0.642970350823289,0.619902109309661,0.6666178012586015,0.6353695661174584,0.6014850889749571,0.6691220432874987,0.0,0.0,0.0,0.0,0.0,0.0,0.0,0.0,0.0,0.0,0.0,0.0,0.0,0.0,0.0
native__boltz_affinity,0.5,0.0,static_native_reference,both_exact,molecule,47,47,458903,0.642970350823289,0.619902109309661,0.6666178012586015,0.6353695661174584,0.6014850889749571,0.6691220432874987,0.0,0.0,0.0,0.0,0.0,0.0,0.0,0.0,0.0,0.0,0.0,0.0,0.0,0.0,0.0
native__boltz_affinity,1.0,0.0,static_native_reference,both_exact,molecule,47,47,458903,0.642970350823289,0.619902109309661,0.6666178012586015,0.6353695661174584,0.6014850889749571,0.6691220432874987,0.0,0.0,0.0,0.0,0.0,0.0,0.0,0.0,0.0,0.0,0.0,0.0,0.0,0.0,0.0
native__boltz_binder,0.125,0.0,static_native_reference,both_exact,molecule,47,47,458903,0.6313250689820991,0.5941948293428664,0.6641279127316723,0.6443017369683789,0.6120525789694968,0.6744738751356841,0.0,0.0,0.0,0.0,0.0,0.0,0.0,0.0,0.0,0.0,0.0,0.0,0.0,0.0,0.0
native__boltz_binder,0.25,0.0,static_native_reference,both_exact,molecule,47,47,458903,0.6313250689820991,0.5941948293428664,0.6641279127316723,0.6443017369683789,0.6120525789694968,0.6744738751356841,0.0,0.0,0.0,0.0,0.0,0.0,0.0,0.0,0.0,0.0,0.0,0.0,0.0,0.0,0.0
native__boltz_binder,0.5,0.0,static_native_reference,both_exact,molecule,47,47,458903,0.6313250689820991,0.5941948293428664,0.6641279127316723,0.6443017369683789,0.6120525789694968,0.6744738751356841,0.0,0.0,0.0,0.0,0.0,0.0,0.0,0.0,0.0,0.0,0.0,0.0,0.0,0.0,0.0
native__boltz_binder,1.0,0.0,static_native_reference,both_exact,molecule,47,47,458903,0.6313250689820991,0.5941948293428664,0.6641279127316723,0.6443017369683789,0.6120525789694968,0.6744738751356841,0.0,0.0,0.0,0.0,0.0,0.0,0.0,0.0,0.0,0.0,0.0,0.0,0.0,0.0,0.0
target_prior,0.125,0.125,trained_oof,both_exact,scaffold,47,47,458903,0.5786813521926772,0.5478462191392653,0.6106841598734283,0.5976731466126829,0.5721603577338975,0.6290549874901461,5.0,5.0,5.0,5.0,5.0,5.0,2210.0,2210.0,2210.0,288.0,589.0,768.0,1442.0,1621.0,1922.0
target_prior,0.25,0.25,trained_oof,both_exact,scaffold,47,47,458903,0.5793005174322733,0.5475418632432756,0.6114019387926783,0.6081742764810865,0.5851728706029828,0.6347972507228785,10.0,10.0,10.0,10.0,10.0,10.0,4420.0,4420.0,4420.0,745.0,1037.0,1289.0,3131.0,3383.0,3675.0
target_prior,0.5,0.5,trained_oof,both_exact,scaffold,47,47,458903,0.5775785466582039,0.5415833170928134,0.6171833779833676,0.6169549992046249,0.591108056562139,0.6452711595487317,19.0,19.0,19.0,19.0,19.0,19.0,8398.0,8398.0,8398.0,1277.0,2001.0,2421.0,5977.0,6397.0,7121.0
target_prior,1.0,1.0,trained_oof,both_exact,scaffold,47,47,458903,0.5826071319460316,0.5435773497111832,0.6223870921000138,0.6213807710997749,0.5959207446645399,0.6501241026658671,37.0,38.0,38.0,37.0,38.0,38.0,16354.0,16796.0,16796.0,4028.0,4208.0,4367.0,12053.0,12429.0,12768.0
chemistry,0.125,0.125,trained_oof,both_exact,scaffold,47,47,458903,0.5829388917877614,0.5504882738849104,0.6170561018451576,0.5985219098589463,0.5712237775305535,0.631539491536502,5.0,5.0,5.0,5.0,5.0,5.0,2210.0,2210.0,2210.0,288.0,589.0,768.0,1442.0,1621.0,1922.0
chemistry,0.25,0.25,trained_oof,both_exact,scaffold,47,47,458903,0.5888992673067891,0.5584698169866279,0.6197645942130742,0.6108360590364412,0.5873875815912533,0.6373053157284728,10.0,10.0,10.0,10.0,10.0,10.0,4420.0,4420.0,4420.0,745.0,1037.0,1289.0,3131.0,3383.0,3675.0
chemistry,0.5,0.5,trained_oof,both_exact,scaffold,47,47,458903,0.5848588471642228,0.5476334830743202,0.6247566737396643,0.6204829778842151,0.5963196350677238,0.6478516280860859,19.0,19.0,19.0,19.0,19.0,19.0,8398.0,8398.0,8398.0,1277.0,2001.0,2421.0,5977.0,6397.0,7121.0
chemistry,1.0,1.0,trained_oof,both_exact,scaffold,47,47,458903,0.5890032180578827,0.5547719845186105,0.6233816740859311,0.6273275615979848,0.6014468923528264,0.6572440067054272,37.0,38.0,38.0,37.0,38.0,38.0,16354.0,16796.0,16796.0,4028.0,4208.0,4367.0,12053.0,12429.0,12768.0
calibrated__boltz_affinity,0.125,0.125,trained_oof,both_exact,scaffold,47,47,458903,0.6294879261690987,0.5985267400355226,0.6587101676700442,0.6279976378450348,0.6011477913995201,0.6614518179832152,5.0,5.0,5.0,5.0,5.0,5.0,2210.0,2210.0,2210.0,288.0,589.0,768.0,1442.0,1621.0,1922.0
calibrated__boltz_affinity,0.25,0.25,trained_oof,both_exact,scaffold,47,47,458903,0.6257519798126495,0.5977535516093874,0.6508267453124936,0.6352148493254566,0.6106982338973831,0.6662072229955368,10.0,10.0,10.0,10.0,10.0,10.0,4420.0,4420.0,4420.0,745.0,1037.0,1289.0,3131.0,3383.0,3675.0
calibrated__boltz_affinity,0.5,0.5,trained_oof,both_exact,scaffold,47,47,458903,0.6554312629095389,0.62898113902605,0.6810072487455006,0.6533711917333292,0.6251769168026728,0.6835506736390818,19.0,19.0,19.0,19.0,19.0,19.0,8398.0,8398.0,8398.0,1277.0,2001.0,2421.0,5977.0,6397.0,7121.0
calibrated__boltz_affinity,1.0,1.0,trained_oof,both_exact,scaffold,47,47,458903,0.6701038767861658,0.6454999091419245,0.6929464704699952,0.6686075270808863,0.6439419298371419,0.6950099141359518,37.0,38.0,38.0,37.0,38.0,38.0,16354.0,16796.0,16796.0,4028.0,4208.0,4367.0,12053.0,12429.0,12768.0
availability__boltz_affinity,0.125,0.125,trained_oof,both_exact,scaffold,47,47,458903,0.5829388917877614,0.5504882738849104,0.6170561018451576,0.5985219098589463,0.5712237775305535,0.631539491536502,5.0,5.0,5.0,5.0,5.0,5.0,2210.0,2210.0,2210.0,288.0,589.0,768.0,1442.0,1621.0,1922.0
availability__boltz_affinity,0.25,0.25,trained_oof,both_exact,scaffold,47,47,458903,0.5888992673067891,0.5584698169866279,0.6197645942130742,0.6108360590364412,0.5873875815912533,0.6373053157284728,10.0,10.0,10.0,10.0,10.0,10.0,4420.0,4420.0,4420.0,745.0,1037.0,1289.0,3131.0,3383.0,3675.0
availability__boltz_affinity,0.5,0.5,trained_oof,both_exact,scaffold,47,47,458903,0.5848588471642228,0.5476334830743202,0.6247566737396643,0.6204829778842151,0.5963196350677238,0.6478516280860859,19.0,19.0,19.0,19.0,19.0,19.0,8398.0,8398.0,8398.0,1277.0,2001.0,2421.0,5977.0,6397.0,7121.0
availability__boltz_affinity,1.0,1.0,trained_oof,both_exact,scaffold,47,47,458903,0.5890032180578827,0.5547719845186105,0.6233816740859311,0.6273275615979848,0.6014468923528264,0.6572440067054272,37.0,38.0,38.0,37.0,38.0,38.0,16354.0,16796.0,16796.0,4028.0,4208.0,4367.0,12053.0,12429.0,12768.0
plus__boltz_affinity,0.125,0.125,trained_oof,both_exact,scaffold,47,47,458903,0.628569872267045,0.5976393821005579,0.6573940412265236,0.6289368341457781,0.6020506942084283,0.6625836480357988,5.0,5.0,5.0,5.0,5.0,5.0,2210.0,2210.0,2210.0,288.0,589.0,768.0,1442.0,1621.0,1922.0
plus__boltz_affinity,0.25,0.25,trained_oof,both_exact,scaffold,47,47,458903,0.6381150427191061,0.6111384781384535,0.663758616763513,0.636979928220125,0.612300289595286,0.6679636533333809,10.0,10.0,10.0,10.0,10.0,10.0,4420.0,4420.0,4420.0,745.0,1037.0,1289.0,3131.0,3383.0,3675.0
plus__boltz_affinity,0.5,0.5,trained_oof,both_exact,scaffold,47,47,458903,0.6608623487390608,0.6358210962717996,0.6849182739092746,0.651701993667507,0.6235426810338203,0.6837647233902803,19.0,19.0,19.0,19.0,19.0,19.0,8398.0,8398.0,8398.0,1277.0,2001.0,2421.0,5977.0,6397.0,7121.0
plus__boltz_affinity,1.0,1.0,trained_oof,both_exact,scaffold,47,47,458903,0.6797618747527384,0.6575369015927637,0.7011828660584194,0.6733340161210539,0.6493585726921725,0.7011965627141933,37.0,38.0,38.0,37.0,38.0,38.0,16354.0,16796.0,16796.0,4028.0,4208.0,4367.0,12053.0,12429.0,12768.0
calibrated__boltz_binder,0.125,0.125,trained_oof,both_exact,scaffold,47,47,458903,0.6320312138327178,0.6031116796038934,0.6613432486270354,0.6272589196409699,0.5987034354466887,0.6635038166995524,5.0,5.0,5.0,5.0,5.0,5.0,2210.0,2210.0,2210.0,288.0,589.0,768.0,1442.0,1621.0,1922.0
calibrated__boltz_binder,0.25,0.25,trained_oof,both_exact,scaffold,47,47,458903,0.6431759652058734,0.6159985878173273,0.668187465280579,0.6361998069308764,0.6128845828428316,0.66572023400757,10.0,10.0,10.0,10.0,10.0,10.0,4420.0,4420.0,4420.0,745.0,1037.0,1289.0,3131.0,3383.0,3675.0
calibrated__boltz_binder,0.5,0.5,trained_oof,both_exact,scaffold,47,47,458903,0.652606001159097,0.626101289533839,0.6790582645850257,0.650910976829526,0.6253324140513706,0.6805769573995912,19.0,19.0,19.0,19.0,19.0,19.0,8398.0,8398.0,8398.0,1277.0,2001.0,2421.0,5977.0,6397.0,7121.0
calibrated__boltz_binder,1.0,1.0,trained_oof,both_exact,scaffold,47,47,458903,0.6719124969889518,0.6442872249158833,0.6960512492514551,0.6706123080476702,0.6522953339438736,0.6938364614261365,37.0,38.0,38.0,37.0,38.0,38.0,16354.0,16796.0,16796.0,4028.0,4208.0,4367.0,12053.0,12429.0,12768.0
availability__boltz_binder,0.125,0.125,trained_oof,both_exact,scaffold,47,47,458903,0.5829388917877614,0.5504882738849104,0.6170561018451576,0.5985219098589463,0.5712237775305535,0.631539491536502,5.0,5.0,5.0,5.0,5.0,5.0,2210.0,2210.0,2210.0,288.0,589.0,768.0,1442.0,1621.0,1922.0
availability__boltz_binder,0.25,0.25,trained_oof,both_exact,scaffold,47,47,458903,0.5888992673067891,0.5584698169866279,0.6197645942130742,0.6108360590364412,0.5873875815912533,0.6373053157284728,10.0,10.0,10.0,10.0,10.0,10.0,4420.0,4420.0,4420.0,745.0,1037.0,1289.0,3131.0,3383.0,3675.0
availability__boltz_binder,0.5,0.5,trained_oof,both_exact,scaffold,47,47,458903,0.5848588471642228,0.5476334830743202,0.6247566737396643,0.6204829778842151,0.5963196350677238,0.6478516280860859,19.0,19.0,19.0,19.0,19.0,19.0,8398.0,8398.0,8398.0,1277.0,2001.0,2421.0,5977.0,6397.0,7121.0
availability__boltz_binder,1.0,1.0,trained_oof,both_exact,scaffold,47,47,458903,0.5890032180578827,0.5547719845186105,0.6233816740859311,0.6273275615979848,0.6014468923528264,0.6572440067054272,37.0,38.0,38.0,37.0,38.0,38.0,16354.0,16796.0,16796.0,4028.0,4208.0,4367.0,12053.0,12429.0,12768.0
plus__boltz_binder,0.125,0.125,trained_oof,both_exact,scaffold,47,47,458903,0.6313762557882767,0.6007310601952845,0.6624885599060434,0.6305559126874307,0.603316862777219,0.66317702496444,5.0,5.0,5.0,5.0,5.0,5.0,2210.0,2210.0,2210.0,288.0,589.0,768.0,1442.0,1621.0,1922.0
plus__boltz_binder,0.25,0.25,trained_oof,both_exact,scaffold,47,47,458903,0.6517360444415012,0.628359559721599,0.6753253564240731,0.6395512777209998,0.6165128785510121,0.668440221334926,10.0,10.0,10.0,10.0,10.0,10.0,4420.0,4420.0,4420.0,745.0,1037.0,1289.0,3131.0,3383.0,3675.0
plus__boltz_binder,0.5,0.5,trained_oof,both_exact,scaffold,47,47,458903,0.6620794009004471,0.6347992489059511,0.6887455034643745,0.6548682401291777,0.6300304328329502,0.6845555811061813,19.0,19.0,19.0,19.0,19.0,19.0,8398.0,8398.0,8398.0,1277.0,2001.0,2421.0,5977.0,6397.0,7121.0
plus__boltz_binder,1.0,1.0,trained_oof,both_exact,scaffold,47,47,458903,0.6816173450827459,0.6554286641168128,0.7057368427154384,0.6750838412474968,0.65188097636285,0.7014385228402829,37.0,38.0,38.0,37.0,38.0,38.0,16354.0,16796.0,16796.0,4028.0,4208.0,4367.0,12053.0,12429.0,12768.0
representation_readout,0.125,0.125,trained_oof,both_exact,scaffold,47,47,458903,0.6477401938114686,0.6222426158794969,0.6757970473556508,0.6449837983190347,0.622302020974889,0.6739901897248585,5.0,5.0,5.0,5.0,5.0,5.0,2210.0,2210.0,2210.0,288.0,589.0,768.0,1442.0,1621.0,1922.0
representation_readout,0.25,0.25,trained_oof,both_exact,scaffold,47,47,458903,0.6645931683566567,0.6387725525475798,0.6884695253848833,0.6722161328210973,0.6500241287036016,0.6963705223217707,10.0,10.0,10.0,10.0,10.0,10.0,4420.0,4420.0,4420.0,745.0,1037.0,1289.0,3131.0,3383.0,3675.0
representation_readout,0.5,0.5,trained_oof,both_exact,scaffold,47,47,458903,0.6641009807658009,0.6411946065814309,0.6857620402406119,0.6776159667729346,0.6525882802297857,0.7026978081232612,19.0,19.0,19.0,19.0,19.0,19.0,8398.0,8398.0,8398.0,1277.0,2001.0,2421.0,5977.0,6397.0,7121.0
representation_readout,1.0,1.0,trained_oof,both_exact,scaffold,47,47,458903,0.6736022629703957,0.6455829335846831,0.6992293924889484,0.6949900087818123,0.6727253641687558,0.7181045636293059,37.0,38.0,38.0,37.0,38.0,38.0,16354.0,16796.0,16796.0,4028.0,4208.0,4367.0,12053.0,12429.0,12768.0
representation_plus_chemistry,0.125,0.125,trained_oof,both_exact,scaffold,47,47,458903,0.6480021434509502,0.6219530446881734,0.6761008066792595,0.6451472315500225,0.6222613560819654,0.6739814458692902,5.0,5.0,5.0,5.0,5.0,5.0,2210.0,2210.0,2210.0,288.0,589.0,768.0,1442.0,1621.0,1922.0
representation_plus_chemistry,0.25,0.25,trained_oof,both_exact,scaffold,47,47,458903,0.6591945438058693,0.6340340126654057,0.6827642913049408,0.6696273504422503,0.6478404509302553,0.6936275130890109,10.0,10.0,10.0,10.0,10.0,10.0,4420.0,4420.0,4420.0,745.0,1037.0,1289.0,3131.0,3383.0,3675.0
representation_plus_chemistry,0.5,0.5,trained_oof,both_exact,scaffold,47,47,458903,0.6682450016096871,0.6418544584867638,0.6926573263355823,0.6766811286916843,0.6514514932437869,0.702461063445433,19.0,19.0,19.0,19.0,19.0,19.0,8398.0,8398.0,8398.0,1277.0,2001.0,2421.0,5977.0,6397.0,7121.0
representation_plus_chemistry,1.0,1.0,trained_oof,both_exact,scaffold,47,47,458903,0.6834689797886602,0.6586740949502004,0.7074753034561394,0.6976201942458428,0.6749126316234243,0.7217956577500183,37.0,38.0,38.0,37.0,38.0,38.0,16354.0,16796.0,16796.0,4028.0,4208.0,4367.0,12053.0,12429.0,12768.0
representation_pca4_readout,0.125,0.125,trained_oof,both_exact,scaffold,47,47,458903,0.6672202653968425,0.6409870608917777,0.692439012895393,0.6638025900898447,0.6338690899996654,0.6979551774018163,5.0,5.0,5.0,5.0,5.0,5.0,2210.0,2210.0,2210.0,288.0,589.0,768.0,1442.0,1621.0,1922.0
representation_pca4_readout,0.25,0.25,trained_oof,both_exact,scaffold,47,47,458903,0.6743809777037952,0.6500218702435167,0.6965749053834492,0.6802614060051907,0.6491910381841054,0.7097510475555701,10.0,10.0,10.0,10.0,10.0,10.0,4420.0,4420.0,4420.0,745.0,1037.0,1289.0,3131.0,3383.0,3675.0
representation_pca4_readout,0.5,0.5,trained_oof,both_exact,scaffold,47,47,458903,0.6784183689265624,0.6572651472633914,0.698771944176871,0.6845891179617479,0.6545032964408626,0.7124304158093289,19.0,19.0,19.0,19.0,19.0,19.0,8398.0,8398.0,8398.0,1277.0,2001.0,2421.0,5977.0,6397.0,7121.0
representation_pca4_readout,1.0,1.0,trained_oof,both_exact,scaffold,47,47,458903,0.6862553557780173,0.662128526940996,0.7096550952511304,0.6960555934478528,0.6739806905661423,0.7189732676319784,37.0,38.0,38.0,37.0,38.0,38.0,16354.0,16796.0,16796.0,4028.0,4208.0,4367.0,12053.0,12429.0,12768.0
scalar_members_readout,0.125,0.125,trained_oof,both_exact,scaffold,47,47,458903,0.6743412151903527,0.6511025699550094,0.6972980681432142,0.6670908666973194,0.6309928094093478,0.7020552308853473,5.0,5.0,5.0,5.0,5.0,5.0,2210.0,2210.0,2210.0,288.0,589.0,768.0,1442.0,1621.0,1922.0
scalar_members_readout,0.25,0.25,trained_oof,both_exact,scaffold,47,47,458903,0.6749655218920779,0.653129745443936,0.6967565161582168,0.6723730287228455,0.6440916812593246,0.7024867387832198,10.0,10.0,10.0,10.0,10.0,10.0,4420.0,4420.0,4420.0,745.0,1037.0,1289.0,3131.0,3383.0,3675.0
scalar_members_readout,0.5,0.5,trained_oof,both_exact,scaffold,47,47,458903,0.6747925897056231,0.6494302290319027,0.699243860633483,0.6753867375022609,0.6460402917971702,0.7032349349189302,19.0,19.0,19.0,19.0,19.0,19.0,8398.0,8398.0,8398.0,1277.0,2001.0,2421.0,5977.0,6397.0,7121.0
scalar_members_readout,1.0,1.0,trained_oof,both_exact,scaffold,47,47,458903,0.6791683839278109,0.6526393635792717,0.7033008359543438,0.6909019988973705,0.6679524678202277,0.7135585609012539,37.0,38.0,38.0,37.0,38.0,38.0,16354.0,16796.0,16796.0,4028.0,4208.0,4367.0,12053.0,12429.0,12768.0
native__boltz_affinity,0.125,0.0,static_native_reference,both_exact,scaffold,47,47,458903,0.642970350823289,0.619902109309661,0.6666178012586015,0.6353695661174584,0.6014850889749571,0.6691220432874987,0.0,0.0,0.0,0.0,0.0,0.0,0.0,0.0,0.0,0.0,0.0,0.0,0.0,0.0,0.0
native__boltz_affinity,0.25,0.0,static_native_reference,both_exact,scaffold,47,47,458903,0.642970350823289,0.619902109309661,0.6666178012586015,0.6353695661174584,0.6014850889749571,0.6691220432874987,0.0,0.0,0.0,0.0,0.0,0.0,0.0,0.0,0.0,0.0,0.0,0.0,0.0,0.0,0.0
native__boltz_affinity,0.5,0.0,static_native_reference,both_exact,scaffold,47,47,458903,0.642970350823289,0.619902109309661,0.6666178012586015,0.6353695661174584,0.6014850889749571,0.6691220432874987,0.0,0.0,0.0,0.0,0.0,0.0,0.0,0.0,0.0,0.0,0.0,0.0,0.0,0.0,0.0
native__boltz_affinity,1.0,0.0,static_native_reference,both_exact,scaffold,47,47,458903,0.642970350823289,0.619902109309661,0.6666178012586015,0.6353695661174584,0.6014850889749571,0.6691220432874987,0.0,0.0,0.0,0.0,0.0,0.0,0.0,0.0,0.0,0.0,0.0,0.0,0.0,0.0,0.0
native__boltz_binder,0.125,0.0,static_native_reference,both_exact,scaffold,47,47,458903,0.6313250689820991,0.5941948293428664,0.6641279127316723,0.6443017369683789,0.6120525789694968,0.6744738751356841,0.0,0.0,0.0,0.0,0.0,0.0,0.0,0.0,0.0,0.0,0.0,0.0,0.0,0.0,0.0
native__boltz_binder,0.25,0.0,static_native_reference,both_exact,scaffold,47,47,458903,0.6313250689820991,0.5941948293428664,0.6641279127316723,0.6443017369683789,0.6120525789694968,0.6744738751356841,0.0,0.0,0.0,0.0,0.0,0.0,0.0,0.0,0.0,0.0,0.0,0.0,0.0,0.0,0.0
native__boltz_binder,0.5,0.0,static_native_reference,both_exact,scaffold,47,47,458903,0.6313250689820991,0.5941948293428664,0.6641279127316723,0.6443017369683789,0.6120525789694968,0.6744738751356841,0.0,0.0,0.0,0.0,0.0,0.0,0.0,0.0,0.0,0.0,0.0,0.0,0.0,0.0,0.0
native__boltz_binder,1.0,0.0,static_native_reference,both_exact,scaffold,47,47,458903,0.6313250689820991,0.5941948293428664,0.6641279127316723,0.6443017369683789,0.6120525789694968,0.6744738751356841,0.0,0.0,0.0,0.0,0.0,0.0,0.0,0.0,0.0,0.0,0.0,0.0,0.0,0.0,0.0
