candidate,reference,fraction,stratum,bootstrap_unit,queries,resampled_units,pairs,macro_difference,macro_ci_low,macro_ci_high,pooled_difference,pooled_ci_low,pooled_ci_high
target_prior,chemistry,0.125,all_determinate,molecule,47,47,1850556,-0.005911443648868427,-0.014440216081083604,0.0026452915463819103,-0.006377812938381762,-0.013296248839961073,0.000532210331897077
calibrated__boltz_affinity,chemistry,0.125,all_determinate,molecule,47,47,1850556,0.029026989248396886,-0.005577559641566026,0.06363846131037856,0.023591558428926226,0.001775648185761203,0.04482169426937167
availability__boltz_affinity,chemistry,0.125,all_determinate,molecule,47,47,1850556,0.0,0.0,0.0,0.0,0.0,0.0
plus__boltz_affinity,chemistry,0.125,all_determinate,molecule,47,47,1850556,0.027035228781621998,-0.00801650215020583,0.06088541826751313,0.02178831659241871,-0.0015454757659084577,0.04336818752088716
calibrated__boltz_binder,chemistry,0.125,all_determinate,molecule,47,47,1850556,0.07615798904253229,0.04442949879473953,0.10823441932619862,0.05442067140902518,0.03552246533987616,0.07462652424351678
availability__boltz_binder,chemistry,0.125,all_determinate,molecule,47,47,1850556,0.0,0.0,0.0,0.0,0.0,0.0
plus__boltz_binder,chemistry,0.125,all_determinate,molecule,47,47,1850556,0.07530673696565775,0.03983389690812344,0.11168442651025073,0.05253042869278206,0.03115938953013062,0.07507668216242887
representation_readout,chemistry,0.125,all_determinate,molecule,47,47,1850556,0.047125814313039895,0.0013786592404833628,0.09354057912599874,0.04548497856860317,0.01701264892354907,0.07544531976647498
representation_plus_chemistry,chemistry,0.125,all_determinate,molecule,47,47,1850556,0.04437086907832865,-0.0016714387864808443,0.09119435132185849,0.0443518056195003,0.016095870754294042,0.07389366897237955
representation_pca4_readout,chemistry,0.125,all_determinate,molecule,47,47,1850556,0.1109049782130036,0.07313846907886806,0.14775757207348172,0.09413306055045079,0.07029220758133446,0.11977951326943542
scalar_members_readout,chemistry,0.125,all_determinate,molecule,47,47,1850556,0.11066649760748588,0.07460510931876826,0.1489290333377871,0.09333492204505024,0.06510757903601033,0.12184951168624403
native__boltz_affinity,chemistry,0.125,all_determinate,molecule,47,47,1850556,0.01693025451948929,-0.03470007350294516,0.07040162635101654,0.016708491934315957,-0.02526901621086609,0.05674819196294906
native__boltz_binder,chemistry,0.125,all_determinate,molecule,47,47,1850556,0.09600300780678328,0.05333302794794506,0.13808877025077262,0.07408287022927164,0.03853182600914508,0.10743026112242217
representation_pca4_readout,scalar_members_readout,0.125,all_determinate,molecule,47,47,1850556,0.0002384806055177029,-0.012719945303758754,0.01121425727457754,0.0007981385054005391,-0.009524457955424578,0.011562394507890102
representation_readout,scalar_members_readout,0.125,all_determinate,molecule,47,47,1850556,-0.063540683294446,-0.08641029140685162,-0.04246781896871865,-0.047849943476447075,-0.06399257464183118,-0.03162187359876508
representation_plus_chemistry,scalar_members_readout,0.125,all_determinate,molecule,47,47,1850556,-0.06629562852915724,-0.08915512088254836,-0.04446489805610337,-0.04898311642554994,-0.06497230376174425,-0.03240284501974986
target_prior,chemistry,0.25,all_determinate,molecule,47,47,1850556,-0.008015621815966491,-0.01686352916436456,0.0004915120921369564,-0.007709574852098504,-0.016147892687165627,0.00031251398548531135
calibrated__boltz_affinity,chemistry,0.25,all_determinate,molecule,47,47,1850556,0.034703346319616725,-0.008404259797373173,0.0737070992546733,0.031277356643084564,0.00860585071082647,0.05500694496768852
availability__boltz_affinity,chemistry,0.25,all_determinate,molecule,47,47,1850556,0.0,0.0,0.0,0.0,0.0,0.0
plus__boltz_affinity,chemistry,0.25,all_determinate,molecule,47,47,1850556,0.0317454991159372,-0.013692713977792467,0.07208068210380404,0.03030683751261783,0.0068111361403222275,0.054821603512878535
calibrated__boltz_binder,chemistry,0.25,all_determinate,molecule,47,47,1850556,0.08014017044166068,0.04098945661676266,0.11741243273474461,0.06294243459803432,0.04247076004507076,0.08474212003342188
availability__boltz_binder,chemistry,0.25,all_determinate,molecule,47,47,1850556,0.0,0.0,0.0,0.0,0.0,0.0
plus__boltz_binder,chemistry,0.25,all_determinate,molecule,47,47,1850556,0.07602160290280228,0.0341724489974892,0.11708989011151907,0.06105867641941125,0.040670172363324264,0.08299812917325813
representation_readout,chemistry,0.25,all_determinate,molecule,47,47,1850556,0.06531079082726705,0.01500926320427268,0.11537515331124809,0.06937779780779398,0.0377771026209594,0.10161875572721397
representation_plus_chemistry,chemistry,0.25,all_determinate,molecule,47,47,1850556,0.058075185133199404,0.007723622212252601,0.1081562157106974,0.06440037480627443,0.033467178905145785,0.09642573871403844
representation_pca4_readout,chemistry,0.25,all_determinate,molecule,47,47,1850556,0.11431787937812996,0.06651116790003991,0.16050290552390864,0.10178427456396888,0.06918861775874266,0.13496311695579233
scalar_members_readout,chemistry,0.25,all_determinate,molecule,47,47,1850556,0.10210248124835017,0.05689123263025386,0.14623659290184093,0.08751775142173487,0.057896966425402444,0.11911951752585914
native__boltz_affinity,chemistry,0.25,all_determinate,molecule,47,47,1850556,-0.006665923199359313,-0.06897441988617972,0.05635444018994434,0.0014233560075998782,-0.04612875040879704,0.04722036036623661
native__boltz_binder,chemistry,0.25,all_determinate,molecule,47,47,1850556,0.07240683008793465,0.022773909651848362,0.12409776919906174,0.058797734302555554,0.01997955454643379,0.09681919438800694
representation_pca4_readout,scalar_members_readout,0.25,all_determinate,molecule,47,47,1850556,0.012215398129779759,0.002321511182430053,0.02200660641055704,0.014266523142234009,0.006905949964293956,0.021441339099454376
representation_readout,scalar_members_readout,0.25,all_determinate,molecule,47,47,1850556,-0.03679169042108312,-0.06582660748653889,-0.015388034438748569,-0.01813995361394089,-0.02987314875796337,-0.006996976368461349
representation_plus_chemistry,scalar_members_readout,0.25,all_determinate,molecule,47,47,1850556,-0.04402729611515078,-0.07426278134685,-0.02043262432816344,-0.023117376615460435,-0.03797281494276085,-0.011009239320036052
target_prior,chemistry,0.5,all_determinate,molecule,47,47,1850556,-0.006337134329385096,-0.012943085235551186,0.0002665015925484171,-0.0070843573498991655,-0.014740975690562675,0.0010436254460551625
calibrated__boltz_affinity,chemistry,0.5,all_determinate,molecule,47,47,1850556,0.0476550935712185,0.0005383383538219365,0.09119768557135775,0.04081070770082073,0.01658598032014074,0.06682923077779977
availability__boltz_affinity,chemistry,0.5,all_determinate,molecule,47,47,1850556,0.0,0.0,0.0,0.0,0.0,0.0
plus__boltz_affinity,chemistry,0.5,all_determinate,molecule,47,47,1850556,0.04265898365265061,-0.004997393237618583,0.08661502401450683,0.03639257606903006,0.010643506509805747,0.06350904724558266
calibrated__boltz_binder,chemistry,0.5,all_determinate,molecule,47,47,1850556,0.09028104534278317,0.052264838262011115,0.12996597813482816,0.06700121477004749,0.04507339430363268,0.09250280750795686
availability__boltz_binder,chemistry,0.5,all_determinate,molecule,47,47,1850556,0.0,0.0,0.0,0.0,0.0,0.0
plus__boltz_binder,chemistry,0.5,all_determinate,molecule,47,47,1850556,0.08703835341431716,0.046274491381066866,0.12878004022183218,0.06806413856159986,0.046337634552479294,0.09357776907315873
representation_readout,chemistry,0.5,all_determinate,molecule,47,47,1850556,0.08424574085370803,0.0376291287502178,0.13261771514587153,0.07754020953702563,0.04895441953544117,0.10911422409963062
representation_plus_chemistry,chemistry,0.5,all_determinate,molecule,47,47,1850556,0.08324057436286043,0.03713638112410611,0.13136388551178843,0.07700685631777693,0.04903287724060385,0.10844579728685098
representation_pca4_readout,chemistry,0.5,all_determinate,molecule,47,47,1850556,0.11573842823224197,0.07550068951630612,0.15956720376485678,0.0946529043163244,0.06699802301691743,0.12563971888094042
scalar_members_readout,chemistry,0.5,all_determinate,molecule,47,47,1850556,0.09974777626711083,0.06076231399460537,0.1423880599150243,0.07954393166161954,0.053437264409918084,0.1094289374153162
native__boltz_affinity,chemistry,0.5,all_determinate,molecule,47,47,1850556,-0.01981642795747703,-0.08301373278055868,0.044380413012655794,-0.015218129037975614,-0.058299374769554685,0.028146531163453826
native__boltz_binder,chemistry,0.5,all_determinate,molecule,47,47,1850556,0.059256325329816936,0.008661309033898843,0.11267125476409169,0.04215624925698006,0.005964390687182211,0.07916097386282094
representation_pca4_readout,scalar_members_readout,0.5,all_determinate,molecule,47,47,1850556,0.01599065196513111,0.005462010727389117,0.026458385297191172,0.015108972654704856,0.008179293348273812,0.023031023913013014
representation_readout,scalar_members_readout,0.5,all_determinate,molecule,47,47,1850556,-0.015502035413402782,-0.04237971581902182,0.0077472580811467255,-0.002003722124593906,-0.012161039304642527,0.009716162515025203
representation_plus_chemistry,scalar_members_readout,0.5,all_determinate,molecule,47,47,1850556,-0.016507201904250403,-0.04310537438316193,0.0066527265472487345,-0.0025370753438426073,-0.012981085631546771,0.008830302568187069
target_prior,chemistry,1.0,all_determinate,molecule,47,47,1850556,-0.0025085044270130737,-0.01591729149537382,0.010400502416191337,-0.0014903628963403432,-0.010740470565446457,0.007301356711645746
calibrated__boltz_affinity,chemistry,1.0,all_determinate,molecule,47,47,1850556,0.05452903930398794,0.0011132638703004712,0.10137237184433082,0.04705450686172156,0.01624658823003251,0.07705573178076787
availability__boltz_affinity,chemistry,1.0,all_determinate,molecule,47,47,1850556,0.0,0.0,0.0,0.0,0.0,0.0
plus__boltz_affinity,chemistry,1.0,all_determinate,molecule,47,47,1850556,0.054284976445847684,0.004710162582936931,0.09835375014458865,0.04756624495557011,0.02017025766986217,0.07471141268322389
calibrated__boltz_binder,chemistry,1.0,all_determinate,molecule,47,47,1850556,0.09338360104702488,0.04731787763749336,0.13623980516471065,0.0746543201070381,0.04760010689036375,0.10345840132873015
availability__boltz_binder,chemistry,1.0,all_determinate,molecule,47,47,1850556,0.0,0.0,0.0,0.0,0.0,0.0
plus__boltz_binder,chemistry,1.0,all_determinate,molecule,47,47,1850556,0.09331014038868338,0.051454809034771724,0.13515239773584342,0.07552378852625914,0.050019928228041896,0.10256420676481362
representation_readout,chemistry,1.0,all_determinate,molecule,47,47,1850556,0.10352551026558737,0.058161246013654966,0.14714796052169185,0.09121745032303805,0.06086108421387105,0.12337561125491425
representation_plus_chemistry,chemistry,1.0,all_determinate,molecule,47,47,1850556,0.10301226707018168,0.05765765065231002,0.14705142053641831,0.09222255365414503,0.06301359248957215,0.12262404577949035
representation_pca4_readout,chemistry,1.0,all_determinate,molecule,47,47,1850556,0.11491250480607294,0.07717517039703148,0.1533892675567283,0.09691033397530256,0.06914199347214049,0.12608894589657643
scalar_members_readout,chemistry,1.0,all_determinate,molecule,47,47,1850556,0.10462783048609793,0.06889073414651986,0.14252523646076753,0.08720081964555518,0.060316390413284134,0.11580305359773499
native__boltz_affinity,chemistry,1.0,all_determinate,molecule,47,47,1850556,-0.029379726583526954,-0.09321522369387242,0.0346955296318764,-0.023136560039253067,-0.06939726747879728,0.023247056376411803
native__boltz_binder,chemistry,1.0,all_determinate,molecule,47,47,1850556,0.049693026703767004,-0.0017921225107920102,0.10056984541816648,0.03423781825570261,-0.006240487963250576,0.07340118156202473
representation_pca4_readout,scalar_members_readout,1.0,all_determinate,molecule,47,47,1850556,0.010284674319975016,0.004323350385911825,0.01539672614328381,0.009709514329747385,0.006444804059411777,0.013441909908172917
representation_readout,scalar_members_readout,1.0,all_determinate,molecule,47,47,1850556,-0.0011023202205105288,-0.018542873972562407,0.015291135440722673,0.0040166306774828756,-0.004167177830062224,0.013606410109924957
representation_plus_chemistry,scalar_members_readout,1.0,all_determinate,molecule,47,47,1850556,-0.0016155634159162335,-0.022283942225743904,0.016350044281988163,0.005021734008589851,-0.00277983164119614,0.014583914652253687
target_prior,chemistry,0.125,all_determinate,scaffold,47,47,1850556,-0.005911443648868427,-0.014440216081083604,0.0026452915463819103,-0.006377812938381762,-0.013296248839961073,0.000532210331897077
calibrated__boltz_affinity,chemistry,0.125,all_determinate,scaffold,47,47,1850556,0.029026989248396886,-0.005577559641566026,0.06363846131037856,0.023591558428926226,0.001775648185761203,0.04482169426937167
availability__boltz_affinity,chemistry,0.125,all_determinate,scaffold,47,47,1850556,0.0,0.0,0.0,0.0,0.0,0.0
plus__boltz_affinity,chemistry,0.125,all_determinate,scaffold,47,47,1850556,0.027035228781621998,-0.00801650215020583,0.06088541826751313,0.02178831659241871,-0.0015454757659084577,0.04336818752088716
calibrated__boltz_binder,chemistry,0.125,all_determinate,scaffold,47,47,1850556,0.07615798904253229,0.04442949879473953,0.10823441932619862,0.05442067140902518,0.03552246533987616,0.07462652424351678
availability__boltz_binder,chemistry,0.125,all_determinate,scaffold,47,47,1850556,0.0,0.0,0.0,0.0,0.0,0.0
plus__boltz_binder,chemistry,0.125,all_determinate,scaffold,47,47,1850556,0.07530673696565775,0.03983389690812344,0.11168442651025073,0.05253042869278206,0.03115938953013062,0.07507668216242887
representation_readout,chemistry,0.125,all_determinate,scaffold,47,47,1850556,0.047125814313039895,0.0013786592404833628,0.09354057912599874,0.04548497856860317,0.01701264892354907,0.07544531976647498
representation_plus_chemistry,chemistry,0.125,all_determinate,scaffold,47,47,1850556,0.04437086907832865,-0.0016714387864808443,0.09119435132185849,0.0443518056195003,0.016095870754294042,0.07389366897237955
representation_pca4_readout,chemistry,0.125,all_determinate,scaffold,47,47,1850556,0.1109049782130036,0.07313846907886806,0.14775757207348172,0.09413306055045079,0.07029220758133446,0.11977951326943542
scalar_members_readout,chemistry,0.125,all_determinate,scaffold,47,47,1850556,0.11066649760748588,0.07460510931876826,0.1489290333377871,0.09333492204505024,0.06510757903601033,0.12184951168624403
native__boltz_affinity,chemistry,0.125,all_determinate,scaffold,47,47,1850556,0.01693025451948929,-0.03470007350294516,0.07040162635101654,0.016708491934315957,-0.02526901621086609,0.05674819196294906
native__boltz_binder,chemistry,0.125,all_determinate,scaffold,47,47,1850556,0.09600300780678328,0.05333302794794506,0.13808877025077262,0.07408287022927164,0.03853182600914508,0.10743026112242217
representation_pca4_readout,scalar_members_readout,0.125,all_determinate,scaffold,47,47,1850556,0.0002384806055177029,-0.012719945303758754,0.01121425727457754,0.0007981385054005391,-0.009524457955424578,0.011562394507890102
representation_readout,scalar_members_readout,0.125,all_determinate,scaffold,47,47,1850556,-0.063540683294446,-0.08641029140685162,-0.04246781896871865,-0.047849943476447075,-0.06399257464183118,-0.03162187359876508
representation_plus_chemistry,scalar_members_readout,0.125,all_determinate,scaffold,47,47,1850556,-0.06629562852915724,-0.08915512088254836,-0.04446489805610337,-0.04898311642554994,-0.06497230376174425,-0.03240284501974986
target_prior,chemistry,0.25,all_determinate,scaffold,47,47,1850556,-0.008015621815966491,-0.01686352916436456,0.0004915120921369564,-0.007709574852098504,-0.016147892687165627,0.00031251398548531135
calibrated__boltz_affinity,chemistry,0.25,all_determinate,scaffold,47,47,1850556,0.034703346319616725,-0.008404259797373173,0.0737070992546733,0.031277356643084564,0.00860585071082647,0.05500694496768852
availability__boltz_affinity,chemistry,0.25,all_determinate,scaffold,47,47,1850556,0.0,0.0,0.0,0.0,0.0,0.0
plus__boltz_affinity,chemistry,0.25,all_determinate,scaffold,47,47,1850556,0.0317454991159372,-0.013692713977792467,0.07208068210380404,0.03030683751261783,0.0068111361403222275,0.054821603512878535
calibrated__boltz_binder,chemistry,0.25,all_determinate,scaffold,47,47,1850556,0.08014017044166068,0.04098945661676266,0.11741243273474461,0.06294243459803432,0.04247076004507076,0.08474212003342188
availability__boltz_binder,chemistry,0.25,all_determinate,scaffold,47,47,1850556,0.0,0.0,0.0,0.0,0.0,0.0
plus__boltz_binder,chemistry,0.25,all_determinate,scaffold,47,47,1850556,0.07602160290280228,0.0341724489974892,0.11708989011151907,0.06105867641941125,0.040670172363324264,0.08299812917325813
representation_readout,chemistry,0.25,all_determinate,scaffold,47,47,1850556,0.06531079082726705,0.01500926320427268,0.11537515331124809,0.06937779780779398,0.0377771026209594,0.10161875572721397
representation_plus_chemistry,chemistry,0.25,all_determinate,scaffold,47,47,1850556,0.058075185133199404,0.007723622212252601,0.1081562157106974,0.06440037480627443,0.033467178905145785,0.09642573871403844
representation_pca4_readout,chemistry,0.25,all_determinate,scaffold,47,47,1850556,0.11431787937812996,0.06651116790003991,0.16050290552390864,0.10178427456396888,0.06918861775874266,0.13496311695579233
scalar_members_readout,chemistry,0.25,all_determinate,scaffold,47,47,1850556,0.10210248124835017,0.05689123263025386,0.14623659290184093,0.08751775142173487,0.057896966425402444,0.11911951752585914
native__boltz_affinity,chemistry,0.25,all_determinate,scaffold,47,47,1850556,-0.006665923199359313,-0.06897441988617972,0.05635444018994434,0.0014233560075998782,-0.04612875040879704,0.04722036036623661
native__boltz_binder,chemistry,0.25,all_determinate,scaffold,47,47,1850556,0.07240683008793465,0.022773909651848362,0.12409776919906174,0.058797734302555554,0.01997955454643379,0.09681919438800694
representation_pca4_readout,scalar_members_readout,0.25,all_determinate,scaffold,47,47,1850556,0.012215398129779759,0.002321511182430053,0.02200660641055704,0.014266523142234009,0.006905949964293956,0.021441339099454376
representation_readout,scalar_members_readout,0.25,all_determinate,scaffold,47,47,1850556,-0.03679169042108312,-0.06582660748653889,-0.015388034438748569,-0.01813995361394089,-0.02987314875796337,-0.006996976368461349
representation_plus_chemistry,scalar_members_readout,0.25,all_determinate,scaffold,47,47,1850556,-0.04402729611515078,-0.07426278134685,-0.02043262432816344,-0.023117376615460435,-0.03797281494276085,-0.011009239320036052
target_prior,chemistry,0.5,all_determinate,scaffold,47,47,1850556,-0.006337134329385096,-0.012943085235551186,0.0002665015925484171,-0.0070843573498991655,-0.014740975690562675,0.0010436254460551625
calibrated__boltz_affinity,chemistry,0.5,all_determinate,scaffold,47,47,1850556,0.0476550935712185,0.0005383383538219365,0.09119768557135775,0.04081070770082073,0.01658598032014074,0.06682923077779977
availability__boltz_affinity,chemistry,0.5,all_determinate,scaffold,47,47,1850556,0.0,0.0,0.0,0.0,0.0,0.0
plus__boltz_affinity,chemistry,0.5,all_determinate,scaffold,47,47,1850556,0.04265898365265061,-0.004997393237618583,0.08661502401450683,0.03639257606903006,0.010643506509805747,0.06350904724558266
calibrated__boltz_binder,chemistry,0.5,all_determinate,scaffold,47,47,1850556,0.09028104534278317,0.052264838262011115,0.12996597813482816,0.06700121477004749,0.04507339430363268,0.09250280750795686
availability__boltz_binder,chemistry,0.5,all_determinate,scaffold,47,47,1850556,0.0,0.0,0.0,0.0,0.0,0.0
plus__boltz_binder,chemistry,0.5,all_determinate,scaffold,47,47,1850556,0.08703835341431716,0.046274491381066866,0.12878004022183218,0.06806413856159986,0.046337634552479294,0.09357776907315873
representation_readout,chemistry,0.5,all_determinate,scaffold,47,47,1850556,0.08424574085370803,0.0376291287502178,0.13261771514587153,0.07754020953702563,0.04895441953544117,0.10911422409963062
representation_plus_chemistry,chemistry,0.5,all_determinate,scaffold,47,47,1850556,0.08324057436286043,0.03713638112410611,0.13136388551178843,0.07700685631777693,0.04903287724060385,0.10844579728685098
representation_pca4_readout,chemistry,0.5,all_determinate,scaffold,47,47,1850556,0.11573842823224197,0.07550068951630612,0.15956720376485678,0.0946529043163244,0.06699802301691743,0.12563971888094042
scalar_members_readout,chemistry,0.5,all_determinate,scaffold,47,47,1850556,0.09974777626711083,0.06076231399460537,0.1423880599150243,0.07954393166161954,0.053437264409918084,0.1094289374153162
native__boltz_affinity,chemistry,0.5,all_determinate,scaffold,47,47,1850556,-0.01981642795747703,-0.08301373278055868,0.044380413012655794,-0.015218129037975614,-0.058299374769554685,0.028146531163453826
native__boltz_binder,chemistry,0.5,all_determinate,scaffold,47,47,1850556,0.059256325329816936,0.008661309033898843,0.11267125476409169,0.04215624925698006,0.005964390687182211,0.07916097386282094
representation_pca4_readout,scalar_members_readout,0.5,all_determinate,scaffold,47,47,1850556,0.01599065196513111,0.005462010727389117,0.026458385297191172,0.015108972654704856,0.008179293348273812,0.023031023913013014
representation_readout,scalar_members_readout,0.5,all_determinate,scaffold,47,47,1850556,-0.015502035413402782,-0.04237971581902182,0.0077472580811467255,-0.002003722124593906,-0.012161039304642527,0.009716162515025203
representation_plus_chemistry,scalar_members_readout,0.5,all_determinate,scaffold,47,47,1850556,-0.016507201904250403,-0.04310537438316193,0.0066527265472487345,-0.0025370753438426073,-0.012981085631546771,0.008830302568187069
target_prior,chemistry,1.0,all_determinate,scaffold,47,47,1850556,-0.0025085044270130737,-0.01591729149537382,0.010400502416191337,-0.0014903628963403432,-0.010740470565446457,0.007301356711645746
calibrated__boltz_affinity,chemistry,1.0,all_determinate,scaffold,47,47,1850556,0.05452903930398794,0.0011132638703004712,0.10137237184433082,0.04705450686172156,0.01624658823003251,0.07705573178076787
availability__boltz_affinity,chemistry,1.0,all_determinate,scaffold,47,47,1850556,0.0,0.0,0.0,0.0,0.0,0.0
plus__boltz_affinity,chemistry,1.0,all_determinate,scaffold,47,47,1850556,0.054284976445847684,0.004710162582936931,0.09835375014458865,0.04756624495557011,0.02017025766986217,0.07471141268322389
calibrated__boltz_binder,chemistry,1.0,all_determinate,scaffold,47,47,1850556,0.09338360104702488,0.04731787763749336,0.13623980516471065,0.0746543201070381,0.04760010689036375,0.10345840132873015
availability__boltz_binder,chemistry,1.0,all_determinate,scaffold,47,47,1850556,0.0,0.0,0.0,0.0,0.0,0.0
plus__boltz_binder,chemistry,1.0,all_determinate,scaffold,47,47,1850556,0.09331014038868338,0.051454809034771724,0.13515239773584342,0.07552378852625914,0.050019928228041896,0.10256420676481362
representation_readout,chemistry,1.0,all_determinate,scaffold,47,47,1850556,0.10352551026558737,0.058161246013654966,0.14714796052169185,0.09121745032303805,0.06086108421387105,0.12337561125491425
representation_plus_chemistry,chemistry,1.0,all_determinate,scaffold,47,47,1850556,0.10301226707018168,0.05765765065231002,0.14705142053641831,0.09222255365414503,0.06301359248957215,0.12262404577949035
representation_pca4_readout,chemistry,1.0,all_determinate,scaffold,47,47,1850556,0.11491250480607294,0.07717517039703148,0.1533892675567283,0.09691033397530256,0.06914199347214049,0.12608894589657643
scalar_members_readout,chemistry,1.0,all_determinate,scaffold,47,47,1850556,0.10462783048609793,0.06889073414651986,0.14252523646076753,0.08720081964555518,0.060316390413284134,0.11580305359773499
native__boltz_affinity,chemistry,1.0,all_determinate,scaffold,47,47,1850556,-0.029379726583526954,-0.09321522369387242,0.0346955296318764,-0.023136560039253067,-0.06939726747879728,0.023247056376411803
native__boltz_binder,chemistry,1.0,all_determinate,scaffold,47,47,1850556,0.049693026703767004,-0.0017921225107920102,0.10056984541816648,0.03423781825570261,-0.006240487963250576,0.07340118156202473
representation_pca4_readout,scalar_members_readout,1.0,all_determinate,scaffold,47,47,1850556,0.010284674319975016,0.004323350385911825,0.01539672614328381,0.009709514329747385,0.006444804059411777,0.013441909908172917
representation_readout,scalar_members_readout,1.0,all_determinate,scaffold,47,47,1850556,-0.0011023202205105288,-0.018542873972562407,0.015291135440722673,0.0040166306774828756,-0.004167177830062224,0.013606410109924957
representation_plus_chemistry,scalar_members_readout,1.0,all_determinate,scaffold,47,47,1850556,-0.0016155634159162335,-0.022283942225743904,0.016350044281988163,0.005021734008589851,-0.00277983164119614,0.014583914652253687
target_prior,chemistry,0.125,both_exact,molecule,47,47,458903,-0.004257539595084267,-0.013197545395267624,0.0037954986335831755,-0.0008487632462633716,-0.006071789960478921,0.004200453706176823
calibrated__boltz_affinity,chemistry,0.125,both_exact,molecule,47,47,458903,0.04654903438133725,0.0255305712686074,0.06756350823715453,0.02947572798608856,0.01613899378875054,0.04732090778293897
availability__boltz_affinity,chemistry,0.125,both_exact,molecule,47,47,458903,0.0,0.0,0.0,0.0,0.0,0.0
plus__boltz_affinity,chemistry,0.125,both_exact,molecule,47,47,458903,0.04563098047928339,0.024934015047121706,0.06736992692401261,0.030414924286831856,0.016554968951721948,0.04891472831852035
calibrated__boltz_binder,chemistry,0.125,both_exact,molecule,47,47,458903,0.04909232204495637,0.026917583031764364,0.0704759454584655,0.02873700978202365,0.019065491034856864,0.04343867568675469
availability__boltz_binder,chemistry,0.125,both_exact,molecule,47,47,458903,0.0,0.0,0.0,0.0,0.0,0.0
plus__boltz_binder,chemistry,0.125,both_exact,molecule,47,47,458903,0.048437364000515244,0.028708751390108467,0.06883199384508785,0.032034002828484454,0.021742983329599393,0.0452910343704858
representation_readout,chemistry,0.125,both_exact,molecule,47,47,458903,0.06480130202370724,0.03355852138142083,0.09803525929133072,0.046461888460088516,0.02591053869748409,0.07132030580825573
representation_plus_chemistry,chemistry,0.125,both_exact,molecule,47,47,458903,0.06506325166318873,0.03247404372553936,0.0995071845436081,0.046625321691076325,0.02496982215681217,0.07124049245452359
representation_pca4_readout,chemistry,0.125,both_exact,molecule,47,47,458903,0.08428137360908096,0.060677730148527516,0.10780813380471814,0.06528068023089847,0.04122772886319866,0.0916405562588888
scalar_members_readout,chemistry,0.125,both_exact,molecule,47,47,458903,0.09140232340259126,0.062466622172557926,0.12092254487115622,0.06856895683837325,0.03821161456574939,0.09927979916219219
native__boltz_affinity,chemistry,0.125,both_exact,molecule,47,47,458903,0.0600314590355276,0.02140037452900934,0.09788585164768489,0.03684765625851215,0.0018791556589591834,0.07430768446404752
native__boltz_binder,chemistry,0.125,both_exact,molecule,47,47,458903,0.048386177194337694,0.0015684190215644075,0.09014389523472567,0.045779827109432715,0.010402983787718895,0.08232094909735295
representation_pca4_readout,scalar_members_readout,0.125,both_exact,molecule,47,47,458903,-0.007120949793510287,-0.02090968004382316,0.005161733532716423,-0.0032882766074747824,-0.015823548190624863,0.007233483621909446
representation_readout,scalar_members_readout,0.125,both_exact,molecule,47,47,458903,-0.026601021378884013,-0.04703410522510523,-0.003211120926466756,-0.022107068378284734,-0.043529224207695706,-0.00272587332465961
representation_plus_chemistry,scalar_members_readout,0.125,both_exact,molecule,47,47,458903,-0.02633907173940252,-0.04648527899646137,-0.0025954861023026435,-0.021943635147296924,-0.04278375587018641,-0.002267564676826909
target_prior,chemistry,0.25,both_exact,molecule,47,47,458903,-0.009598749874515738,-0.020532162455500748,0.0006631550743184405,-0.002661782555354835,-0.007776520463930498,0.0024461500138336307
calibrated__boltz_affinity,chemistry,0.25,both_exact,molecule,47,47,458903,0.036852712505860565,0.015563242411480497,0.05897155458635202,0.024378790289015326,0.011382396799243544,0.03958801943995529
availability__boltz_affinity,chemistry,0.25,both_exact,molecule,47,47,458903,0.0,0.0,0.0,0.0,0.0,0.0
plus__boltz_affinity,chemistry,0.25,both_exact,molecule,47,47,458903,0.049215775412317204,0.02486025910288688,0.07482072673131254,0.026143869183683697,0.011892150398311744,0.04281128761907325
calibrated__boltz_binder,chemistry,0.25,both_exact,molecule,47,47,458903,0.05427669789908444,0.028829848836542438,0.08099616242377629,0.02536374789443521,0.015233239902943802,0.038013375208375944
availability__boltz_binder,chemistry,0.25,both_exact,molecule,47,47,458903,0.0,0.0,0.0,0.0,0.0,0.0
plus__boltz_binder,chemistry,0.25,both_exact,molecule,47,47,458903,0.06283677713471225,0.037838973353725255,0.08939925339259251,0.028715218684558612,0.019104355219196047,0.040835012689068875
representation_readout,chemistry,0.25,both_exact,molecule,47,47,458903,0.07569390104986753,0.04261783381775113,0.10992237282698471,0.061380073784656014,0.03625738256749958,0.08832407326034818
representation_plus_chemistry,chemistry,0.25,both_exact,molecule,47,47,458903,0.07029527649908036,0.03825472486691087,0.10280357845743904,0.05879129140580907,0.034465724881838765,0.08548742009241982
representation_pca4_readout,chemistry,0.25,both_exact,molecule,47,47,458903,0.08548171039700632,0.048735827472759605,0.12020075476218166,0.06942534696874939,0.03670789128362938,0.10169666900738224
scalar_members_readout,chemistry,0.25,both_exact,molecule,47,47,458903,0.08606625458528895,0.054357882229835244,0.11880786686992818,0.06153696968640432,0.03331994719625375,0.08861020062582439
native__boltz_affinity,chemistry,0.25,both_exact,molecule,47,47,458903,0.05407108351650003,0.0141990541700399,0.09457614373357455,0.02453350708101712,-0.013193675481013628,0.06510095567192416
native__boltz_binder,chemistry,0.25,both_exact,molecule,47,47,458903,0.042425801675310154,-0.006571643975412392,0.08847678702131985,0.033465677931937686,-0.005039443227213117,0.07300586939202278
representation_pca4_readout,scalar_members_readout,0.25,both_exact,molecule,47,47,458903,-0.0005845441882826248,-0.018688949376803106,0.012406191580416366,0.007888377282345071,0.00021867278350232722,0.015833752686245442
representation_readout,scalar_members_readout,0.25,both_exact,molecule,47,47,458903,-0.010372353535421392,-0.023685969071049435,0.0018434886466658586,-0.00015689590174829975,-0.010175152081801777,0.009245226921441632
representation_plus_chemistry,scalar_members_readout,0.25,both_exact,molecule,47,47,458903,-0.015770978086208576,-0.028496729497343304,-0.004533687422601663,-0.0027456782805952455,-0.013604716394712089,0.007154365184341947
target_prior,chemistry,0.5,both_exact,molecule,47,47,458903,-0.007280300506018917,-0.014606960647218451,-0.0001247026637651418,-0.00352797867959024,-0.009031897597259914,0.002594267717305007
calibrated__boltz_affinity,chemistry,0.5,both_exact,molecule,47,47,458903,0.07057241574531606,0.039467810319648036,0.10341372526880306,0.032888213849114084,0.015510470892734074,0.052556181316829945
availability__boltz_affinity,chemistry,0.5,both_exact,molecule,47,47,458903,0.0,0.0,0.0,0.0,0.0,0.0
plus__boltz_affinity,chemistry,0.5,both_exact,molecule,47,47,458903,0.076003501574838,0.043287163839708445,0.109614850965441,0.031219015783291892,0.013637196381549112,0.05131571695163625
calibrated__boltz_binder,chemistry,0.5,both_exact,molecule,47,47,458903,0.06774715399487422,0.032241139759241845,0.10350936225485755,0.030427998945310883,0.019428395682014554,0.04472993458471313
availability__boltz_binder,chemistry,0.5,both_exact,molecule,47,47,458903,0.0,0.0,0.0,0.0,0.0,0.0
plus__boltz_binder,chemistry,0.5,both_exact,molecule,47,47,458903,0.07722055373622433,0.041123833537968384,0.11336359362750284,0.034385262244962446,0.022567774026307642,0.049659222772279486
representation_readout,chemistry,0.5,both_exact,molecule,47,47,458903,0.07924213360157795,0.04239217798306591,0.11590253527854401,0.0571329888887194,0.03344180126357904,0.08455056523198203
representation_plus_chemistry,chemistry,0.5,both_exact,molecule,47,47,458903,0.08338615444546428,0.043835402251842986,0.12345420712287977,0.056198150807469115,0.031737541918475276,0.08446485964856357
representation_pca4_readout,chemistry,0.5,both_exact,molecule,47,47,458903,0.09355952176233952,0.05423954658792719,0.13342320076199035,0.06410614007753272,0.03690710514795184,0.09387421568887598
scalar_members_readout,chemistry,0.5,both_exact,molecule,47,47,458903,0.08993374254140026,0.054253335860434494,0.12828542445532287,0.054903759618045646,0.029522893128101812,0.08315215969352395
native__boltz_affinity,chemistry,0.5,both_exact,molecule,47,47,458903,0.05811150365906622,0.007235046530881942,0.10761157969733408,0.014886588233243191,-0.018790705177065454,0.054037214459128055
native__boltz_binder,chemistry,0.5,both_exact,molecule,47,47,458903,0.046466221817876324,-0.017942519986660938,0.10230017561579814,0.023818759084163754,-0.010158412169211886,0.05952389379130548
representation_pca4_readout,scalar_members_readout,0.5,both_exact,molecule,47,47,458903,0.003625779220939251,-0.008176758605352783,0.013673368871706247,0.009202380459487082,0.003371773867771552,0.014190623387207349
representation_readout,scalar_members_readout,0.5,both_exact,molecule,47,47,458903,-0.010691608939822307,-0.023708296196760712,0.0015949914537267918,0.002229229270673759,-0.006035233670823423,0.009052815877108676
representation_plus_chemistry,scalar_members_readout,0.5,both_exact,molecule,47,47,458903,-0.0065475880959359675,-0.018773257811160578,0.005233378442272998,0.001294391189423473,-0.008091136239104147,0.008950653991339548
target_prior,chemistry,1.0,both_exact,molecule,47,47,458903,-0.006396086111851084,-0.02506964536771444,0.014183360922059882,-0.005946790498209861,-0.01403331727216008,0.00030025995430655976
calibrated__boltz_affinity,chemistry,1.0,both_exact,molecule,47,47,458903,0.08110065872828319,0.046866791459193216,0.11442780982563541,0.041279965482901616,0.02303505338421056,0.06035209314356493
availability__boltz_affinity,chemistry,1.0,both_exact,molecule,47,47,458903,0.0,0.0,0.0,0.0,0.0,0.0
plus__boltz_affinity,chemistry,1.0,both_exact,molecule,47,47,458903,0.09075865669485587,0.060226452271261055,0.12164859414076741,0.046006454523069146,0.029398295774071118,0.06513830227895927
calibrated__boltz_binder,chemistry,1.0,both_exact,molecule,47,47,458903,0.08290927893106917,0.05217057227715464,0.11447388953328268,0.04328474644968545,0.02911784376527344,0.05832330041218241
availability__boltz_binder,chemistry,1.0,both_exact,molecule,47,47,458903,0.0,0.0,0.0,0.0,0.0,0.0
plus__boltz_binder,chemistry,1.0,both_exact,molecule,47,47,458903,0.09261412702486331,0.06307102197403434,0.12281707106514567,0.04775627964951199,0.033762762628876966,0.06415545371108082
representation_readout,chemistry,1.0,both_exact,molecule,47,47,458903,0.08459904491251313,0.05434209906585057,0.11563716275171097,0.06766244718382752,0.04392409256399622,0.09125160115531601
representation_plus_chemistry,chemistry,1.0,both_exact,molecule,47,47,458903,0.0944657617307776,0.06395383492802621,0.12565117329159292,0.07029263264785804,0.04666007174787522,0.0944489215369851
representation_pca4_readout,chemistry,1.0,both_exact,molecule,47,47,458903,0.09725213772013472,0.06796843381381135,0.12696998538537344,0.06872803184986806,0.0473680693338488,0.08998347564514099
scalar_members_readout,chemistry,1.0,both_exact,molecule,47,47,458903,0.09016516586992819,0.059306050683184716,0.1205509812581508,0.06357443729938571,0.04239402148186693,0.08534487643059013
native__boltz_affinity,chemistry,1.0,both_exact,molecule,47,47,458903,0.053967132765406454,0.01081920357310486,0.09655037348226343,0.008042004519473614,-0.02573443143260782,0.0435273789267331
native__boltz_binder,chemistry,1.0,both_exact,molecule,47,47,458903,0.04232185092421656,-0.008074213311905526,0.09003836868079074,0.016974175370394178,-0.017745111898640406,0.05102063464551302
representation_pca4_readout,scalar_members_readout,1.0,both_exact,molecule,47,47,458903,0.00708697185020653,0.003477939753102144,0.011211212204419013,0.0051535945504823455,0.002945731933402465,0.007749737472512976
representation_readout,scalar_members_readout,1.0,both_exact,molecule,47,47,458903,-0.005566120957415073,-0.013942130364396085,0.0017973176444699907,0.00408800988444181,-0.0009015927089050884,0.008038673411340052
representation_plus_chemistry,scalar_members_readout,1.0,both_exact,molecule,47,47,458903,0.0043005958608493934,-0.0032094682771521416,0.011629681619201198,0.006718195348472335,0.0012823788198207508,0.011719278319319133
target_prior,chemistry,0.125,both_exact,scaffold,47,47,458903,-0.004257539595084267,-0.013197545395267624,0.0037954986335831755,-0.0008487632462633716,-0.006071789960478921,0.004200453706176823
calibrated__boltz_affinity,chemistry,0.125,both_exact,scaffold,47,47,458903,0.04654903438133725,0.0255305712686074,0.06756350823715453,0.02947572798608856,0.01613899378875054,0.04732090778293897
availability__boltz_affinity,chemistry,0.125,both_exact,scaffold,47,47,458903,0.0,0.0,0.0,0.0,0.0,0.0
plus__boltz_affinity,chemistry,0.125,both_exact,scaffold,47,47,458903,0.04563098047928339,0.024934015047121706,0.06736992692401261,0.030414924286831856,0.016554968951721948,0.04891472831852035
calibrated__boltz_binder,chemistry,0.125,both_exact,scaffold,47,47,458903,0.04909232204495637,0.026917583031764364,0.0704759454584655,0.02873700978202365,0.019065491034856864,0.04343867568675469
availability__boltz_binder,chemistry,0.125,both_exact,scaffold,47,47,458903,0.0,0.0,0.0,0.0,0.0,0.0
plus__boltz_binder,chemistry,0.125,both_exact,scaffold,47,47,458903,0.048437364000515244,0.028708751390108467,0.06883199384508785,0.032034002828484454,0.021742983329599393,0.0452910343704858
representation_readout,chemistry,0.125,both_exact,scaffold,47,47,458903,0.06480130202370724,0.03355852138142083,0.09803525929133072,0.046461888460088516,0.02591053869748409,0.07132030580825573
representation_plus_chemistry,chemistry,0.125,both_exact,scaffold,47,47,458903,0.06506325166318873,0.03247404372553936,0.0995071845436081,0.046625321691076325,0.02496982215681217,0.07124049245452359
representation_pca4_readout,chemistry,0.125,both_exact,scaffold,47,47,458903,0.08428137360908096,0.060677730148527516,0.10780813380471814,0.06528068023089847,0.04122772886319866,0.0916405562588888
scalar_members_readout,chemistry,0.125,both_exact,scaffold,47,47,458903,0.09140232340259126,0.062466622172557926,0.12092254487115622,0.06856895683837325,0.03821161456574939,0.09927979916219219
native__boltz_affinity,chemistry,0.125,both_exact,scaffold,47,47,458903,0.0600314590355276,0.02140037452900934,0.09788585164768489,0.03684765625851215,0.0018791556589591834,0.07430768446404752
native__boltz_binder,chemistry,0.125,both_exact,scaffold,47,47,458903,0.048386177194337694,0.0015684190215644075,0.09014389523472567,0.045779827109432715,0.010402983787718895,0.08232094909735295
representation_pca4_readout,scalar_members_readout,0.125,both_exact,scaffold,47,47,458903,-0.007120949793510287,-0.02090968004382316,0.005161733532716423,-0.0032882766074747824,-0.015823548190624863,0.007233483621909446
representation_readout,scalar_members_readout,0.125,both_exact,scaffold,47,47,458903,-0.026601021378884013,-0.04703410522510523,-0.003211120926466756,-0.022107068378284734,-0.043529224207695706,-0.00272587332465961
representation_plus_chemistry,scalar_members_readout,0.125,both_exact,scaffold,47,47,458903,-0.02633907173940252,-0.04648527899646137,-0.0025954861023026435,-0.021943635147296924,-0.04278375587018641,-0.002267564676826909
target_prior,chemistry,0.25,both_exact,scaffold,47,47,458903,-0.009598749874515738,-0.020532162455500748,0.0006631550743184405,-0.002661782555354835,-0.007776520463930498,0.0024461500138336307
calibrated__boltz_affinity,chemistry,0.25,both_exact,scaffold,47,47,458903,0.036852712505860565,0.015563242411480497,0.05897155458635202,0.024378790289015326,0.011382396799243544,0.03958801943995529
availability__boltz_affinity,chemistry,0.25,both_exact,scaffold,47,47,458903,0.0,0.0,0.0,0.0,0.0,0.0
plus__boltz_affinity,chemistry,0.25,both_exact,scaffold,47,47,458903,0.049215775412317204,0.02486025910288688,0.07482072673131254,0.026143869183683697,0.011892150398311744,0.04281128761907325
calibrated__boltz_binder,chemistry,0.25,both_exact,scaffold,47,47,458903,0.05427669789908444,0.028829848836542438,0.08099616242377629,0.02536374789443521,0.015233239902943802,0.038013375208375944
availability__boltz_binder,chemistry,0.25,both_exact,scaffold,47,47,458903,0.0,0.0,0.0,0.0,0.0,0.0
plus__boltz_binder,chemistry,0.25,both_exact,scaffold,47,47,458903,0.06283677713471225,0.037838973353725255,0.08939925339259251,0.028715218684558612,0.019104355219196047,0.040835012689068875
representation_readout,chemistry,0.25,both_exact,scaffold,47,47,458903,0.07569390104986753,0.04261783381775113,0.10992237282698471,0.061380073784656014,0.03625738256749958,0.08832407326034818
representation_plus_chemistry,chemistry,0.25,both_exact,scaffold,47,47,458903,0.07029527649908036,0.03825472486691087,0.10280357845743904,0.05879129140580907,0.034465724881838765,0.08548742009241982
representation_pca4_readout,chemistry,0.25,both_exact,scaffold,47,47,458903,0.08548171039700632,0.048735827472759605,0.12020075476218166,0.06942534696874939,0.03670789128362938,0.10169666900738224
scalar_members_readout,chemistry,0.25,both_exact,scaffold,47,47,458903,0.08606625458528895,0.054357882229835244,0.11880786686992818,0.06153696968640432,0.03331994719625375,0.08861020062582439
native__boltz_affinity,chemistry,0.25,both_exact,scaffold,47,47,458903,0.05407108351650003,0.0141990541700399,0.09457614373357455,0.02453350708101712,-0.013193675481013628,0.06510095567192416
native__boltz_binder,chemistry,0.25,both_exact,scaffold,47,47,458903,0.042425801675310154,-0.006571643975412392,0.08847678702131985,0.033465677931937686,-0.005039443227213117,0.07300586939202278
representation_pca4_readout,scalar_members_readout,0.25,both_exact,scaffold,47,47,458903,-0.0005845441882826248,-0.018688949376803106,0.012406191580416366,0.007888377282345071,0.00021867278350232722,0.015833752686245442
representation_readout,scalar_members_readout,0.25,both_exact,scaffold,47,47,458903,-0.010372353535421392,-0.023685969071049435,0.0018434886466658586,-0.00015689590174829975,-0.010175152081801777,0.009245226921441632
representation_plus_chemistry,scalar_members_readout,0.25,both_exact,scaffold,47,47,458903,-0.015770978086208576,-0.028496729497343304,-0.004533687422601663,-0.0027456782805952455,-0.013604716394712089,0.007154365184341947
target_prior,chemistry,0.5,both_exact,scaffold,47,47,458903,-0.007280300506018917,-0.014606960647218451,-0.0001247026637651418,-0.00352797867959024,-0.009031897597259914,0.002594267717305007
calibrated__boltz_affinity,chemistry,0.5,both_exact,scaffold,47,47,458903,0.07057241574531606,0.039467810319648036,0.10341372526880306,0.032888213849114084,0.015510470892734074,0.052556181316829945
availability__boltz_affinity,chemistry,0.5,both_exact,scaffold,47,47,458903,0.0,0.0,0.0,0.0,0.0,0.0
plus__boltz_affinity,chemistry,0.5,both_exact,scaffold,47,47,458903,0.076003501574838,0.043287163839708445,0.109614850965441,0.031219015783291892,0.013637196381549112,0.05131571695163625
calibrated__boltz_binder,chemistry,0.5,both_exact,scaffold,47,47,458903,0.06774715399487422,0.032241139759241845,0.10350936225485755,0.030427998945310883,0.019428395682014554,0.04472993458471313
availability__boltz_binder,chemistry,0.5,both_exact,scaffold,47,47,458903,0.0,0.0,0.0,0.0,0.0,0.0
plus__boltz_binder,chemistry,0.5,both_exact,scaffold,47,47,458903,0.07722055373622433,0.041123833537968384,0.11336359362750284,0.034385262244962446,0.022567774026307642,0.049659222772279486
representation_readout,chemistry,0.5,both_exact,scaffold,47,47,458903,0.07924213360157795,0.04239217798306591,0.11590253527854401,0.0571329888887194,0.03344180126357904,0.08455056523198203
representation_plus_chemistry,chemistry,0.5,both_exact,scaffold,47,47,458903,0.08338615444546428,0.043835402251842986,0.12345420712287977,0.056198150807469115,0.031737541918475276,0.08446485964856357
representation_pca4_readout,chemistry,0.5,both_exact,scaffold,47,47,458903,0.09355952176233952,0.05423954658792719,0.13342320076199035,0.06410614007753272,0.03690710514795184,0.09387421568887598
scalar_members_readout,chemistry,0.5,both_exact,scaffold,47,47,458903,0.08993374254140026,0.054253335860434494,0.12828542445532287,0.054903759618045646,0.029522893128101812,0.08315215969352395
native__boltz_affinity,chemistry,0.5,both_exact,scaffold,47,47,458903,0.05811150365906622,0.007235046530881942,0.10761157969733408,0.014886588233243191,-0.018790705177065454,0.054037214459128055
native__boltz_binder,chemistry,0.5,both_exact,scaffold,47,47,458903,0.046466221817876324,-0.017942519986660938,0.10230017561579814,0.023818759084163754,-0.010158412169211886,0.05952389379130548
representation_pca4_readout,scalar_members_readout,0.5,both_exact,scaffold,47,47,458903,0.003625779220939251,-0.008176758605352783,0.013673368871706247,0.009202380459487082,0.003371773867771552,0.014190623387207349
representation_readout,scalar_members_readout,0.5,both_exact,scaffold,47,47,458903,-0.010691608939822307,-0.023708296196760712,0.0015949914537267918,0.002229229270673759,-0.006035233670823423,0.009052815877108676
representation_plus_chemistry,scalar_members_readout,0.5,both_exact,scaffold,47,47,458903,-0.0065475880959359675,-0.018773257811160578,0.005233378442272998,0.001294391189423473,-0.008091136239104147,0.008950653991339548
target_prior,chemistry,1.0,both_exact,scaffold,47,47,458903,-0.006396086111851084,-0.02506964536771444,0.014183360922059882,-0.005946790498209861,-0.01403331727216008,0.00030025995430655976
calibrated__boltz_affinity,chemistry,1.0,both_exact,scaffold,47,47,458903,0.08110065872828319,0.046866791459193216,0.11442780982563541,0.041279965482901616,0.02303505338421056,0.06035209314356493
availability__boltz_affinity,chemistry,1.0,both_exact,scaffold,47,47,458903,0.0,0.0,0.0,0.0,0.0,0.0
plus__boltz_affinity,chemistry,1.0,both_exact,scaffold,47,47,458903,0.09075865669485587,0.060226452271261055,0.12164859414076741,0.046006454523069146,0.029398295774071118,0.06513830227895927
calibrated__boltz_binder,chemistry,1.0,both_exact,scaffold,47,47,458903,0.08290927893106917,0.05217057227715464,0.11447388953328268,0.04328474644968545,0.02911784376527344,0.05832330041218241
availability__boltz_binder,chemistry,1.0,both_exact,scaffold,47,47,458903,0.0,0.0,0.0,0.0,0.0,0.0
plus__boltz_binder,chemistry,1.0,both_exact,scaffold,47,47,458903,0.09261412702486331,0.06307102197403434,0.12281707106514567,0.04775627964951199,0.033762762628876966,0.06415545371108082
representation_readout,chemistry,1.0,both_exact,scaffold,47,47,458903,0.08459904491251313,0.05434209906585057,0.11563716275171097,0.06766244718382752,0.04392409256399622,0.09125160115531601
representation_plus_chemistry,chemistry,1.0,both_exact,scaffold,47,47,458903,0.0944657617307776,0.06395383492802621,0.12565117329159292,0.07029263264785804,0.04666007174787522,0.0944489215369851
representation_pca4_readout,chemistry,1.0,both_exact,scaffold,47,47,458903,0.09725213772013472,0.06796843381381135,0.12696998538537344,0.06872803184986806,0.0473680693338488,0.08998347564514099
scalar_members_readout,chemistry,1.0,both_exact,scaffold,47,47,458903,0.09016516586992819,0.059306050683184716,0.1205509812581508,0.06357443729938571,0.04239402148186693,0.08534487643059013
native__boltz_affinity,chemistry,1.0,both_exact,scaffold,47,47,458903,0.053967132765406454,0.01081920357310486,0.09655037348226343,0.008042004519473614,-0.02573443143260782,0.0435273789267331
native__boltz_binder,chemistry,1.0,both_exact,scaffold,47,47,458903,0.04232185092421656,-0.008074213311905526,0.09003836868079074,0.016974175370394178,-0.017745111898640406,0.05102063464551302
representation_pca4_readout,scalar_members_readout,1.0,both_exact,scaffold,47,47,458903,0.00708697185020653,0.003477939753102144,0.011211212204419013,0.0051535945504823455,0.002945731933402465,0.007749737472512976
representation_readout,scalar_members_readout,1.0,both_exact,scaffold,47,47,458903,-0.005566120957415073,-0.013942130364396085,0.0017973176444699907,0.00408800988444181,-0.0009015927089050884,0.008038673411340052
representation_plus_chemistry,scalar_members_readout,1.0,both_exact,scaffold,47,47,458903,0.0043005958608493934,-0.0032094682771521416,0.011629681619201198,0.006718195348472335,0.0012823788198207508,0.011719278319319133
