method,outer_fold,fraction,ridge,inner_macro
target_prior,0,0.125,1.0,0.43937891303049936
chemistry,0,0.125,0.001,0.4424052811908895
calibrated__boltz_affinity,0,0.125,1.0,0.5536455954600175
availability__boltz_affinity,0,0.125,0.001,0.4424052811908895
plus__boltz_affinity,0,0.125,1.0,0.5736210897263688
calibrated__boltz_binder,0,0.125,0.03,0.7099114029602873
plus__boltz_binder,0,0.125,0.03,0.7312311764382285
representation_readout,0,0.125,1.0,0.7194960242441927
representation_plus_chemistry,0,0.125,1.0,0.7221194227352568
representation_pca4_readout,0,0.125,1.0,0.8316124868168366
scalar_members_readout,0,0.125,1.0,0.8274583332758407
target_prior,0,0.25,0.001,0.61763645354454
chemistry,0,0.25,0.001,0.6382392273868186
calibrated__boltz_affinity,0,0.25,0.001,0.6973205076048995
availability__boltz_affinity,0,0.25,0.001,0.6382392273868186
plus__boltz_affinity,0,0.25,0.001,0.7060609234440031
calibrated__boltz_binder,0,0.25,1.0,0.7611540188102968
plus__boltz_binder,0,0.25,1.0,0.7713833109963579
representation_readout,0,0.25,1.0,0.7252510155524017
representation_plus_chemistry,0,0.25,1.0,0.7242864213076399
representation_pca4_readout,0,0.25,1.0,0.7957132676999754
scalar_members_readout,0,0.25,1.0,0.787873788960046
target_prior,0,0.5,0.03,0.6402962579337612
chemistry,0,0.5,0.03,0.6441472309404913
calibrated__boltz_affinity,0,0.5,1.0,0.7144192619557171
availability__boltz_affinity,0,0.5,0.03,0.6441472309404913
plus__boltz_affinity,0,0.5,1.0,0.7081953577562733
calibrated__boltz_binder,0,0.5,1.0,0.7698647029639453
plus__boltz_binder,0,0.5,1.0,0.7705493496448677
representation_readout,0,0.5,1.0,0.7666156943708688
representation_plus_chemistry,0,0.5,1.0,0.7648111684880686
representation_pca4_readout,0,0.5,1.0,0.801720945983098
scalar_members_readout,0,0.5,1.0,0.7892084116616133
target_prior,0,1.0,0.001,0.7089107502028344
chemistry,0,1.0,0.03,0.7118652082167379
calibrated__boltz_affinity,0,1.0,1.0,0.7780523243344211
availability__boltz_affinity,0,1.0,0.03,0.7118652082167379
plus__boltz_affinity,0,1.0,0.03,0.7692434607082709
calibrated__boltz_binder,0,1.0,0.03,0.8197108014165085
plus__boltz_binder,0,1.0,0.03,0.8141488271857924
representation_readout,0,1.0,0.001,0.8173779029649789
representation_plus_chemistry,0,1.0,0.03,0.817106865351904
representation_pca4_readout,0,1.0,0.03,0.8304929203668325
scalar_members_readout,0,1.0,0.03,0.8198584531701254
target_prior,1,0.125,1.0,0.653053815520728
chemistry,1,0.125,0.03,0.6541155697517007
calibrated__boltz_affinity,1,0.125,1.0,0.7029712501989088
availability__boltz_affinity,1,0.125,0.03,0.6541155697517007
plus__boltz_affinity,1,0.125,1.0,0.7087030367838204
calibrated__boltz_binder,1,0.125,1.0,0.663766821524088
plus__boltz_binder,1,0.125,1.0,0.6539507848473972
representation_readout,1,0.125,1.0,0.7297983942907157
representation_plus_chemistry,1,0.125,1.0,0.7279375376951136
representation_pca4_readout,1,0.125,1.0,0.788664891519872
scalar_members_readout,1,0.125,1.0,0.7679928096452396
target_prior,1,0.25,0.03,0.6844687130444458
chemistry,1,0.25,0.001,0.7003395696531752
calibrated__boltz_affinity,1,0.25,1.0,0.7352152281612481
availability__boltz_affinity,1,0.25,0.001,0.7003395696531752
plus__boltz_affinity,1,0.25,0.03,0.734264743592935
calibrated__boltz_binder,1,0.25,1.0,0.7693405966755161
plus__boltz_binder,1,0.25,1.0,0.7667361818299135
representation_readout,1,0.25,1.0,0.7620499434673766
representation_plus_chemistry,1,0.25,0.001,0.7617829800228475
representation_pca4_readout,1,0.25,1.0,0.8203629678277509
scalar_members_readout,1,0.25,1.0,0.801462998247187
target_prior,1,0.5,1.0,0.6998393191568737
chemistry,1,0.5,0.03,0.7082567502487828
calibrated__boltz_affinity,1,0.5,1.0,0.7180361806917283
availability__boltz_affinity,1,0.5,0.03,0.7082567502487828
plus__boltz_affinity,1,0.5,1.0,0.7204847733954595
calibrated__boltz_binder,1,0.5,1.0,0.7657476908861343
plus__boltz_binder,1,0.5,0.03,0.7631390878871628
representation_readout,1,0.5,0.03,0.7659538815726877
representation_plus_chemistry,1,0.5,0.03,0.7622025598596508
representation_pca4_readout,1,0.5,1.0,0.8190565162427532
scalar_members_readout,1,0.5,0.03,0.8056450959747165
target_prior,1,1.0,1.0,0.7067758798509185
chemistry,1,1.0,0.03,0.7208557554383465
calibrated__boltz_affinity,1,1.0,0.001,0.7577752667724872
availability__boltz_affinity,1,1.0,0.03,0.7208557554383465
plus__boltz_affinity,1,1.0,0.03,0.7581370717217837
calibrated__boltz_binder,1,1.0,0.001,0.7908542803582717
plus__boltz_binder,1,1.0,0.03,0.7908339240415405
representation_readout,1,1.0,0.03,0.8013730263208871
representation_plus_chemistry,1,1.0,0.03,0.8045892239058916
representation_pca4_readout,1,1.0,0.03,0.8087291027998791
scalar_members_readout,1,1.0,0.03,0.7991189344455234
target_prior,2,0.125,0.03,0.6151321990391192
chemistry,2,0.125,0.001,0.6164778727156623
calibrated__boltz_affinity,2,0.125,1.0,0.6111907915083311
availability__boltz_affinity,2,0.125,0.001,0.6164778727156623
plus__boltz_affinity,2,0.125,1.0,0.6001519150262324
calibrated__boltz_binder,2,0.125,0.001,0.7325474361859619
plus__boltz_binder,2,0.125,0.001,0.682621995466419
representation_readout,2,0.125,1.0,0.7765648291721673
representation_plus_chemistry,2,0.125,1.0,0.7748270853276906
representation_pca4_readout,2,0.125,1.0,0.8263095426072802
scalar_members_readout,2,0.125,1.0,0.8038912988471573
target_prior,2,0.25,0.001,0.6162204477068588
chemistry,2,0.25,0.001,0.6397506714299366
calibrated__boltz_affinity,2,0.25,1.0,0.6752736413146229
availability__boltz_affinity,2,0.25,0.001,0.6397506714299366
plus__boltz_affinity,2,0.25,1.0,0.678888436113712
calibrated__boltz_binder,2,0.25,0.03,0.7583686225961419
plus__boltz_binder,2,0.25,0.001,0.7774984653640723
representation_readout,2,0.25,1.0,0.7579085738522574
representation_plus_chemistry,2,0.25,1.0,0.7548838968781899
representation_pca4_readout,2,0.25,1.0,0.8064225355474134
scalar_members_readout,2,0.25,1.0,0.80776822582421
target_prior,2,0.5,0.03,0.650284458054557
chemistry,2,0.5,0.03,0.6558627793801172
calibrated__boltz_affinity,2,0.5,1.0,0.6804410258484603
availability__boltz_affinity,2,0.5,0.03,0.6558627793801172
plus__boltz_affinity,2,0.5,1.0,0.6789278501045573
calibrated__boltz_binder,2,0.5,1.0,0.7684887422793476
plus__boltz_binder,2,0.5,1.0,0.7599026314967174
representation_readout,2,0.5,1.0,0.7952873702840587
representation_plus_chemistry,2,0.5,1.0,0.7924386871782483
representation_pca4_readout,2,0.5,1.0,0.8347529794296209
scalar_members_readout,2,0.5,1.0,0.8214914405968615
target_prior,2,1.0,0.001,0.7147978355817323
chemistry,2,1.0,0.03,0.7274074831855945
calibrated__boltz_affinity,2,1.0,0.001,0.779130402945634
availability__boltz_affinity,2,1.0,0.03,0.7274074831855945
plus__boltz_affinity,2,1.0,0.03,0.7832182802227426
calibrated__boltz_binder,2,1.0,0.001,0.8092517222590768
plus__boltz_binder,2,1.0,0.001,0.8133753902306873
representation_readout,2,1.0,0.03,0.8283260405357415
representation_plus_chemistry,2,1.0,0.03,0.831051357866994
representation_pca4_readout,2,1.0,0.03,0.8462478890578523
scalar_members_readout,2,1.0,0.03,0.8355760891693524
target_prior,3,0.125,1.0,0.6439006559896899
chemistry,3,0.125,0.03,0.6467974316385643
calibrated__boltz_affinity,3,0.125,0.001,0.539574561146667
availability__boltz_affinity,3,0.125,0.03,0.6467974316385643
plus__boltz_affinity,3,0.125,0.001,0.5243518200267216
calibrated__boltz_binder,3,0.125,1.0,0.6585525946056923
plus__boltz_binder,3,0.125,1.0,0.6511788424128582
representation_readout,3,0.125,1.0,0.7190609918338524
representation_plus_chemistry,3,0.125,1.0,0.7208474740248315
representation_pca4_readout,3,0.125,0.001,0.7152651153020649
scalar_members_readout,3,0.125,0.03,0.7207567153802904
target_prior,3,0.25,1.0,0.6061928553401421
chemistry,3,0.25,1.0,0.607082466639415
calibrated__boltz_affinity,3,0.25,1.0,0.607503384348888
availability__boltz_affinity,3,0.25,1.0,0.607082466639415
plus__boltz_affinity,3,0.25,1.0,0.6112359293658092
calibrated__boltz_binder,3,0.25,0.001,0.6830169553322245
plus__boltz_binder,3,0.25,0.03,0.689301923086194
representation_readout,3,0.25,1.0,0.6990082978949086
representation_plus_chemistry,3,0.25,1.0,0.6972877343318696
representation_pca4_readout,3,0.25,1.0,0.7708541740512527
scalar_members_readout,3,0.25,0.03,0.7769061153472256
target_prior,3,0.5,0.001,0.7189018631020436
chemistry,3,0.5,1.0,0.7203899922254343
calibrated__boltz_affinity,3,0.5,0.03,0.7303393155294743
availability__boltz_affinity,3,0.5,1.0,0.7203899922254343
plus__boltz_affinity,3,0.5,0.03,0.7329332349814229
calibrated__boltz_binder,3,0.5,0.03,0.7605223707561808
plus__boltz_binder,3,0.5,0.03,0.7635300268295171
representation_readout,3,0.5,0.03,0.7483608316866555
representation_plus_chemistry,3,0.5,0.03,0.7461615337554972
representation_pca4_readout,3,0.5,0.03,0.8119400306671095
scalar_members_readout,3,0.5,0.03,0.7997121795154818
target_prior,3,1.0,0.03,0.7140201241151585
chemistry,3,1.0,0.03,0.7179218719576078
calibrated__boltz_affinity,3,1.0,0.001,0.7445345470773798
availability__boltz_affinity,3,1.0,0.03,0.7179218719576078
plus__boltz_affinity,3,1.0,0.03,0.7437540630055537
calibrated__boltz_binder,3,1.0,0.001,0.7828395596864809
plus__boltz_binder,3,1.0,0.03,0.7870803696795098
representation_readout,3,1.0,0.03,0.8099879670193284
representation_plus_chemistry,3,1.0,0.001,0.8130997180030226
representation_pca4_readout,3,1.0,0.03,0.8214749976092637
scalar_members_readout,3,1.0,0.03,0.8116901295960102
target_prior,4,0.125,1.0,0.7256611054731483
chemistry,4,0.125,1.0,0.7243454654378572
calibrated__boltz_affinity,4,0.125,1.0,0.6451260964614931
availability__boltz_affinity,4,0.125,1.0,0.7243454654378572
plus__boltz_affinity,4,0.125,1.0,0.642396099604264
calibrated__boltz_binder,4,0.125,1.0,0.7215475334281806
plus__boltz_binder,4,0.125,0.03,0.7034176666181662
representation_readout,4,0.125,0.03,0.7607201702367747
representation_plus_chemistry,4,0.125,0.001,0.7403709570702806
representation_pca4_readout,4,0.125,0.03,0.7647154629956324
scalar_members_readout,4,0.125,1.0,0.7550567021988227
target_prior,4,0.25,0.001,0.7714736929631515
chemistry,4,0.25,1.0,0.771297313822846
calibrated__boltz_affinity,4,0.25,1.0,0.7175318474463092
availability__boltz_affinity,4,0.25,1.0,0.771297313822846
plus__boltz_affinity,4,0.25,1.0,0.7081098827446904
calibrated__boltz_binder,4,0.25,1.0,0.7591964377409767
plus__boltz_binder,4,0.25,1.0,0.7408799275829435
representation_readout,4,0.25,1.0,0.7455032164745117
representation_plus_chemistry,4,0.25,1.0,0.7439093207044839
representation_pca4_readout,4,0.25,1.0,0.8192821930861427
scalar_members_readout,4,0.25,0.03,0.8078247751961587
target_prior,4,0.5,0.001,0.7100513244029707
chemistry,4,0.5,0.03,0.7131686812434005
calibrated__boltz_affinity,4,0.5,0.001,0.7064469680852028
availability__boltz_affinity,4,0.5,0.03,0.7131686812434005
plus__boltz_affinity,4,0.5,0.03,0.7049529014384778
calibrated__boltz_binder,4,0.5,1.0,0.777347914876354
plus__boltz_binder,4,0.5,0.03,0.7694263893918692
representation_readout,4,0.5,0.03,0.7971681913883184
representation_plus_chemistry,4,0.5,0.001,0.8003417792300196
representation_pca4_readout,4,0.5,1.0,0.8207569028237419
scalar_members_readout,4,0.5,0.03,0.8011679090665395
target_prior,4,1.0,1.0,0.7175602427184424
chemistry,4,1.0,1.0,0.7199147568139724
calibrated__boltz_affinity,4,1.0,0.001,0.7768518194571893
availability__boltz_affinity,4,1.0,1.0,0.7199147568139724
plus__boltz_affinity,4,1.0,0.03,0.7728606191643042
calibrated__boltz_binder,4,1.0,1.0,0.8265887764294453
plus__boltz_binder,4,1.0,0.03,0.8235656707432352
representation_readout,4,1.0,0.03,0.8246257508294376
representation_plus_chemistry,4,1.0,0.03,0.8254298330666193
representation_pca4_readout,4,1.0,0.03,0.8433177801646817
scalar_members_readout,4,1.0,0.03,0.8311833150058644
