outer_fold,fraction,training_molecules,training_groups,known_training_labels,exact_training_labels,bounded_training_labels,test_molecules
0,0.125,5,5,2210,481,1729,10
0,0.25,10,10,4420,1037,3383,10
0,0.5,19,19,8398,1987,6411,10
0,1.0,37,37,16354,4301,12053,10
1,0.125,5,5,2210,768,1442,10
1,0.25,10,10,4420,1289,3131,10
1,0.5,19,19,8398,2421,5977,10
1,1.0,37,37,16354,4208,12146,10
2,0.125,5,5,2210,288,1922,9
2,0.25,10,10,4420,745,3675,9
2,0.5,19,19,8398,1277,7121,9
2,1.0,38,38,16796,4092,12704,9
3,0.125,5,5,2210,670,1540,9
3,0.25,10,10,4420,1098,3322,9
3,0.5,19,19,8398,2384,6014,9
3,1.0,38,38,16796,4367,12429,9
4,0.125,5,5,2210,589,1621,9
4,0.25,10,10,4420,1005,3415,9
4,0.5,19,19,8398,2001,6397,9
4,1.0,38,38,16796,4028,12768,9
