dataset,policy,regime,axis,method,fraction,stratum,macro,pooled,queries,pairs,query_q10,query_q50,query_q90,observed_support_cells,error_cells,exact_error_cells,interval_mae,exact_mae,evaluated_target_folds,expected_target_folds,context_coverage_complete
DAVIS,exact_identity,new_targets_known_molecules,target,native__boltz_affinity,0.125,all_determinate,0.6961182099820106,0.7038733758615233,47,366502,0.540220533929456,0.7304147465437788,0.838718433068337,20774,0,0,,,5,5,True
DAVIS,exact_identity,new_targets_known_molecules,target,native__boltz_affinity,0.125,both_exact,0.6285137512319815,0.6374233734331992,46,91189,0.5347420546932742,0.6497075025978865,0.7354328587477359,0,0,0,,,5,5,True
DAVIS,exact_identity,new_targets_known_molecules,target,native__boltz_affinity,0.125,one_bounded,0.7118370386837419,0.725882904185418,47,275313,0.5252547003112857,0.7427113702623906,0.8744304798109108,0,0,0,,,5,5,True
DAVIS,exact_identity,new_targets_known_molecules,target,native__boltz_affinity,0.125,both_bounded,,,0,0,,,,0,0,0,,,5,5,True
DAVIS,exact_identity,new_targets_known_molecules,target,native__boltz_binder,0.125,all_determinate,0.7758526576725784,0.7611663783553705,47,366502,0.6803636687238394,0.7733611611801536,0.8850034517924488,20774,0,0,,,5,5,True
DAVIS,exact_identity,new_targets_known_molecules,target,native__boltz_binder,0.125,both_exact,0.6209985406128189,0.6457028808299247,46,91189,0.5214308943089431,0.6307383052967706,0.7489937583853468,0,0,0,,,5,5,True
DAVIS,exact_identity,new_targets_known_molecules,target,native__boltz_binder,0.125,one_bounded,0.7995186033325862,0.7994101259293968,47,275313,0.6913143883843821,0.8072214152313758,0.8969093221801421,0,0,0,,,5,5,True
DAVIS,exact_identity,new_targets_known_molecules,target,native__boltz_binder,0.125,both_bounded,,,0,0,,,,0,0,0,,,5,5,True
DAVIS,exact_identity,new_targets_known_molecules,target,baseline,0.125,all_determinate,0.696923887812873,0.6943249968622273,47,366502,0.5876404314116673,0.6963067292644758,0.8175318811064463,20774,20774,5249,0.41198627021577794,0.8899912720150804,5,5,True
DAVIS,exact_identity,new_targets_known_molecules,target,baseline,0.125,both_exact,0.5988705608567393,0.5995130991676628,46,91189,0.48003023070803497,0.6132070960297675,0.7211466378918674,0,0,0,,,5,5,True
DAVIS,exact_identity,new_targets_known_molecules,target,baseline,0.125,one_bounded,0.7158879499745475,0.7257285344317196,47,275313,0.5988438974147788,0.7301414581066377,0.8337231685164337,0,0,0,,,5,5,True
DAVIS,exact_identity,new_targets_known_molecules,target,baseline,0.125,both_bounded,,,0,0,,,,0,0,0,,,5,5,True
DAVIS,exact_identity,new_targets_known_molecules,target,target_prior,0.125,all_determinate,0.6411730240804336,0.651146514889414,47,366502,0.4045513595228899,0.669945075999489,0.7853601702970668,20774,20774,5249,0.5421182901111545,1.0377183176933507,5,5,True
DAVIS,exact_identity,new_targets_known_molecules,target,target_prior,0.125,both_exact,0.564440465474407,0.5804428165677877,46,91189,0.41683886723336305,0.5647339626425067,0.7143301670488045,0,0,0,,,5,5,True
DAVIS,exact_identity,new_targets_known_molecules,target,target_prior,0.125,one_bounded,0.6567231571480482,0.6745649497117826,47,275313,0.3989554427163673,0.6980663840347431,0.8022073653635572,0,0,0,,,5,5,True
DAVIS,exact_identity,new_targets_known_molecules,target,target_prior,0.125,both_bounded,,,0,0,,,,0,0,0,,,5,5,True
DAVIS,exact_identity,new_targets_known_molecules,target,calibrated__boltz_affinity,0.125,all_determinate,0.720271179701554,0.7220970144774108,47,366502,0.5905262197333001,0.7257891202149094,0.8560692122366458,20774,20774,5249,0.42173845842071445,0.8833553227836711,5,5,True
DAVIS,exact_identity,new_targets_known_molecules,target,calibrated__boltz_affinity,0.125,both_exact,0.6306047075360012,0.6351533627959512,46,91189,0.5250564836913285,0.6487912157183257,0.7413594470046083,0,0,0,,,5,5,True
DAVIS,exact_identity,new_targets_known_molecules,target,calibrated__boltz_affinity,0.125,one_bounded,0.7393379295311991,0.7508944365140767,47,275313,0.5908653228291616,0.7474865219291855,0.8783192936723662,0,0,0,,,5,5,True
DAVIS,exact_identity,new_targets_known_molecules,target,calibrated__boltz_affinity,0.125,both_bounded,,,0,0,,,,0,0,0,,,5,5,True
DAVIS,exact_identity,new_targets_known_molecules,target,availability__boltz_affinity,0.125,all_determinate,0.696923887812873,0.6943249968622273,47,366502,0.5876404314116673,0.6963067292644758,0.8175318811064463,20774,20774,5249,0.4119862702266383,0.8899912719967905,5,5,True
DAVIS,exact_identity,new_targets_known_molecules,target,availability__boltz_affinity,0.125,both_exact,0.5988705608567393,0.5995130991676628,46,91189,0.48003023070803497,0.6132070960297675,0.7211466378918674,0,0,0,,,5,5,True
DAVIS,exact_identity,new_targets_known_molecules,target,availability__boltz_affinity,0.125,one_bounded,0.7158879499745475,0.7257285344317196,47,275313,0.5988438974147788,0.7301414581066377,0.8337231685164337,0,0,0,,,5,5,True
DAVIS,exact_identity,new_targets_known_molecules,target,availability__boltz_affinity,0.125,both_bounded,,,0,0,,,,0,0,0,,,5,5,True
DAVIS,exact_identity,new_targets_known_molecules,target,plus__boltz_affinity,0.125,all_determinate,0.7353894510192447,0.7312756819880928,47,366502,0.6110516254112898,0.7366548042704626,0.8754350513560325,20774,20774,5249,0.3914415613134018,0.852553302167461,5,5,True
DAVIS,exact_identity,new_targets_known_molecules,target,plus__boltz_affinity,0.125,both_exact,0.6336766072908319,0.6381142462358399,46,91189,0.5246077702570523,0.6517956250645691,0.757818052594172,0,0,0,,,5,5,True
DAVIS,exact_identity,new_targets_known_molecules,target,plus__boltz_affinity,0.125,one_bounded,0.7551601247912492,0.7621325545833288,47,275313,0.6120372128346308,0.7509783728115345,0.8943706750454279,0,0,0,,,5,5,True
DAVIS,exact_identity,new_targets_known_molecules,target,plus__boltz_affinity,0.125,both_bounded,,,0,0,,,,0,0,0,,,5,5,True
DAVIS,exact_identity,new_targets_known_molecules,target,calibrated__boltz_binder,0.125,all_determinate,0.7803736036074653,0.7672945850227284,47,366502,0.6932311978901403,0.7857142857142857,0.8799203926485698,20774,20774,5249,0.37902632860977825,0.8315919158423621,5,5,True
DAVIS,exact_identity,new_targets_known_molecules,target,calibrated__boltz_binder,0.125,both_exact,0.6231272529892052,0.641404116724605,46,91189,0.4968897014854288,0.6472150364380849,0.7646000862484463,0,0,0,,,5,5,True
DAVIS,exact_identity,new_targets_known_molecules,target,calibrated__boltz_binder,0.125,one_bounded,0.805846680549682,0.8089919473472011,47,275313,0.7106479976447957,0.8156474820143885,0.895387795170309,0,0,0,,,5,5,True
DAVIS,exact_identity,new_targets_known_molecules,target,calibrated__boltz_binder,0.125,both_bounded,,,0,0,,,,0,0,0,,,5,5,True
DAVIS,exact_identity,new_targets_known_molecules,target,availability__boltz_binder,0.125,all_determinate,0.696923887812873,0.6943249968622273,47,366502,0.5876404314116673,0.6963067292644758,0.8175318811064463,20774,20774,5249,0.4119862702266383,0.8899912719967905,5,5,True
DAVIS,exact_identity,new_targets_known_molecules,target,availability__boltz_binder,0.125,both_exact,0.5988705608567393,0.5995130991676628,46,91189,0.48003023070803497,0.6132070960297675,0.7211466378918674,0,0,0,,,5,5,True
DAVIS,exact_identity,new_targets_known_molecules,target,availability__boltz_binder,0.125,one_bounded,0.7158879499745475,0.7257285344317196,47,275313,0.5988438974147788,0.7301414581066377,0.8337231685164337,0,0,0,,,5,5,True
DAVIS,exact_identity,new_targets_known_molecules,target,availability__boltz_binder,0.125,both_bounded,,,0,0,,,,0,0,0,,,5,5,True
DAVIS,exact_identity,new_targets_known_molecules,target,plus__boltz_binder,0.125,all_determinate,0.7824494251013141,0.7659357929833943,47,366502,0.6901808336135662,0.7676079407718011,0.8840386678235252,20774,20774,5249,0.3623712510350885,0.8089195032492229,5,5,True
DAVIS,exact_identity,new_targets_known_molecules,target,plus__boltz_binder,0.125,both_exact,0.6230501710097323,0.6403403919332376,46,91189,0.5126666666666666,0.6408334235699955,0.7703698536313133,0,0,0,,,5,5,True
DAVIS,exact_identity,new_targets_known_molecules,target,plus__boltz_binder,0.125,one_bounded,0.8078844795312587,0.807535423318187,47,275313,0.7090024773559718,0.807636439095248,0.8976170372811293,0,0,0,,,5,5,True
DAVIS,exact_identity,new_targets_known_molecules,target,plus__boltz_binder,0.125,both_bounded,,,0,0,,,,0,0,0,,,5,5,True
DAVIS,exact_identity,new_targets_known_molecules,target,representation_readout,0.125,all_determinate,0.7871835907068379,0.7737502114586005,47,366502,0.7124400367200343,0.7824207492795389,0.8651819895129255,20774,20774,5249,0.3255580944210452,0.7863554236292846,5,5,True
DAVIS,exact_identity,new_targets_known_molecules,target,representation_readout,0.125,both_exact,0.6187768997440894,0.6566800820274376,46,91189,0.5311355311355311,0.6512600480691549,0.7256497517206224,0,0,0,,,5,5,True
DAVIS,exact_identity,new_targets_known_molecules,target,representation_readout,0.125,one_bounded,0.8111908803418042,0.8125261066495225,47,275313,0.7228609309152896,0.8075539568345323,0.8864908110643137,0,0,0,,,5,5,True
DAVIS,exact_identity,new_targets_known_molecules,target,representation_readout,0.125,both_bounded,,,0,0,,,,0,0,0,,,5,5,True
DAVIS,exact_identity,new_targets_known_molecules,target,representation_plus_chemistry,0.125,all_determinate,0.7871986254755516,0.7737447544624586,47,366502,0.7109121475777497,0.7816475495307612,0.8663764145156139,20774,20774,5249,0.3252214543256141,0.7846964321254786,5,5,True
DAVIS,exact_identity,new_targets_known_molecules,target,representation_plus_chemistry,0.125,both_exact,0.617943835961772,0.6568116768469882,46,91189,0.5157509157509157,0.6523858988943596,0.7240548784470484,0,0,0,,,5,5,True
DAVIS,exact_identity,new_targets_known_molecules,target,representation_plus_chemistry,0.125,one_bounded,0.8112166846318289,0.8124752554365395,47,275313,0.7215875896316445,0.8077203204661325,0.8869632243134965,0,0,0,,,5,5,True
DAVIS,exact_identity,new_targets_known_molecules,target,representation_plus_chemistry,0.125,both_bounded,,,0,0,,,,0,0,0,,,5,5,True
DAVIS,exact_identity,new_targets_known_molecules,target,scalar_members_readout,0.125,all_determinate,0.776577931152636,0.7668471113390923,47,366502,0.6739886476912303,0.7620137299771167,0.870875772401904,20774,20774,5249,0.3722519585239905,0.8241989883643778,5,5,True
DAVIS,exact_identity,new_targets_known_molecules,target,scalar_members_readout,0.125,both_exact,0.632201705488569,0.6530392920198708,46,91189,0.5507124907612713,0.6528606891164278,0.7515822784810127,0,0,0,,,5,5,True
DAVIS,exact_identity,new_targets_known_molecules,target,scalar_members_readout,0.125,one_bounded,0.8003815865987282,0.8045424662111851,47,275313,0.6822533898310792,0.8179374126250134,0.8927733125918244,0,0,0,,,5,5,True
DAVIS,exact_identity,new_targets_known_molecules,target,scalar_members_readout,0.125,both_bounded,,,0,0,,,,0,0,0,,,5,5,True
DAVIS,exact_identity,new_targets_known_molecules,target,native__boltz_affinity,0.25,all_determinate,0.6961182099820106,0.7038733758615233,47,366502,0.540220533929456,0.7304147465437788,0.838718433068337,20774,0,0,,,5,5,True
DAVIS,exact_identity,new_targets_known_molecules,target,native__boltz_affinity,0.25,both_exact,0.6285137512319815,0.6374233734331992,46,91189,0.5347420546932742,0.6497075025978865,0.7354328587477359,0,0,0,,,5,5,True
DAVIS,exact_identity,new_targets_known_molecules,target,native__boltz_affinity,0.25,one_bounded,0.7118370386837419,0.725882904185418,47,275313,0.5252547003112857,0.7427113702623906,0.8744304798109108,0,0,0,,,5,5,True
DAVIS,exact_identity,new_targets_known_molecules,target,native__boltz_affinity,0.25,both_bounded,,,0,0,,,,0,0,0,,,5,5,True
DAVIS,exact_identity,new_targets_known_molecules,target,native__boltz_binder,0.25,all_determinate,0.7758526576725784,0.7611663783553705,47,366502,0.6803636687238394,0.7733611611801536,0.8850034517924488,20774,0,0,,,5,5,True
DAVIS,exact_identity,new_targets_known_molecules,target,native__boltz_binder,0.25,both_exact,0.6209985406128189,0.6457028808299247,46,91189,0.5214308943089431,0.6307383052967706,0.7489937583853468,0,0,0,,,5,5,True
DAVIS,exact_identity,new_targets_known_molecules,target,native__boltz_binder,0.25,one_bounded,0.7995186033325862,0.7994101259293968,47,275313,0.6913143883843821,0.8072214152313758,0.8969093221801421,0,0,0,,,5,5,True
DAVIS,exact_identity,new_targets_known_molecules,target,native__boltz_binder,0.25,both_bounded,,,0,0,,,,0,0,0,,,5,5,True
DAVIS,exact_identity,new_targets_known_molecules,target,baseline,0.25,all_determinate,0.7187437000752751,0.7145540815602643,47,366502,0.5691008195012225,0.7344649893907245,0.8280394628871097,20774,20774,5249,0.36485764234002543,0.8484165010882739,5,5,True
DAVIS,exact_identity,new_targets_known_molecules,target,baseline,0.25,both_exact,0.6237866745039822,0.6140214280231169,46,91189,0.5021815008726003,0.6297375010113567,0.735641142888815,0,0,0,,,5,5,True
DAVIS,exact_identity,new_targets_known_molecules,target,baseline,0.25,one_bounded,0.7385191052063537,0.7478524443088412,47,275313,0.5731687435084851,0.7535584415584415,0.8535417468779599,0,0,0,,,5,5,True
DAVIS,exact_identity,new_targets_known_molecules,target,baseline,0.25,both_bounded,,,0,0,,,,0,0,0,,,5,5,True
DAVIS,exact_identity,new_targets_known_molecules,target,target_prior,0.25,all_determinate,0.6533042764153025,0.6613729256593416,47,366502,0.4436898524293501,0.6919146762038575,0.8069747301736805,20774,20774,5249,0.5188975438588156,1.0476630399529552,5,5,True
DAVIS,exact_identity,new_targets_known_molecules,target,target_prior,0.25,both_exact,0.5677671052711254,0.5784579280395662,46,91189,0.4258241758241758,0.5817424746065653,0.7240641550312952,0,0,0,,,5,5,True
DAVIS,exact_identity,new_targets_known_molecules,target,target_prior,0.25,one_bounded,0.6710413026383059,0.6888359794125232,47,275313,0.44266689014267346,0.6987045860631328,0.8273392081367059,0,0,0,,,5,5,True
DAVIS,exact_identity,new_targets_known_molecules,target,target_prior,0.25,both_bounded,,,0,0,,,,0,0,0,,,5,5,True
DAVIS,exact_identity,new_targets_known_molecules,target,calibrated__boltz_affinity,0.25,all_determinate,0.7175630516559277,0.7187300478578562,47,366502,0.5947175504845211,0.7247132429614181,0.8500105793151602,20774,20774,5249,0.41101953677919595,0.8951973579733364,5,5,True
DAVIS,exact_identity,new_targets_known_molecules,target,calibrated__boltz_affinity,0.25,both_exact,0.6079270046015963,0.6315893364331224,46,91189,0.4909205548549811,0.6376076598352369,0.7146195202646816,0,0,0,,,5,5,True
DAVIS,exact_identity,new_targets_known_molecules,target,calibrated__boltz_affinity,0.25,one_bounded,0.7365765782147774,0.7475927398996778,47,275313,0.5930918092692561,0.7556462188547283,0.8791641326823165,0,0,0,,,5,5,True
DAVIS,exact_identity,new_targets_known_molecules,target,calibrated__boltz_affinity,0.25,both_bounded,,,0,0,,,,0,0,0,,,5,5,True
DAVIS,exact_identity,new_targets_known_molecules,target,availability__boltz_affinity,0.25,all_determinate,0.7187437000752751,0.7145540815602643,47,366502,0.5691008195012225,0.7344649893907245,0.8280394628871097,20774,20774,5249,0.36485764226942324,0.8484165012127084,5,5,True
DAVIS,exact_identity,new_targets_known_molecules,target,availability__boltz_affinity,0.25,both_exact,0.6237866745039822,0.6140214280231169,46,91189,0.5021815008726003,0.6297375010113567,0.735641142888815,0,0,0,,,5,5,True
DAVIS,exact_identity,new_targets_known_molecules,target,availability__boltz_affinity,0.25,one_bounded,0.7385191052063537,0.7478524443088412,47,275313,0.5731687435084851,0.7535584415584415,0.8535417468779599,0,0,0,,,5,5,True
DAVIS,exact_identity,new_targets_known_molecules,target,availability__boltz_affinity,0.25,both_bounded,,,0,0,,,,0,0,0,,,5,5,True
DAVIS,exact_identity,new_targets_known_molecules,target,plus__boltz_affinity,0.25,all_determinate,0.764669793280029,0.7530108976212954,47,366502,0.6491417068313974,0.7564102564102564,0.8934241173177655,20774,20774,5249,0.3251669107477925,0.8040656821905646,5,5,True
DAVIS,exact_identity,new_targets_known_molecules,target,plus__boltz_affinity,0.25,both_exact,0.6316975109229196,0.6507254164427727,46,91189,0.5709171496760995,0.6524495287748984,0.7500187504687618,0,0,0,,,5,5,True
DAVIS,exact_identity,new_targets_known_molecules,target,plus__boltz_affinity,0.25,one_bounded,0.7856465022570547,0.7868898308470722,47,275313,0.6647797577444707,0.787181417356705,0.9045122552665159,0,0,0,,,5,5,True
DAVIS,exact_identity,new_targets_known_molecules,target,plus__boltz_affinity,0.25,both_bounded,,,0,0,,,,0,0,0,,,5,5,True
DAVIS,exact_identity,new_targets_known_molecules,target,calibrated__boltz_binder,0.25,all_determinate,0.7806818706700446,0.7683123148031934,47,366502,0.6848838931286971,0.7776497695852534,0.8777408407009551,20774,20774,5249,0.3643190599848732,0.8407639775688166,5,5,True
DAVIS,exact_identity,new_targets_known_molecules,target,calibrated__boltz_binder,0.25,both_exact,0.6288703342655156,0.6418975972979197,46,91189,0.5073333333333334,0.6436912416485792,0.7549701553644924,0,0,0,,,5,5,True
DAVIS,exact_identity,new_targets_known_molecules,target,calibrated__boltz_binder,0.25,one_bounded,0.8061121940643353,0.8101833186228039,47,275313,0.702034211158451,0.8245194805194805,0.8943540469293147,0,0,0,,,5,5,True
DAVIS,exact_identity,new_targets_known_molecules,target,calibrated__boltz_binder,0.25,both_bounded,,,0,0,,,,0,0,0,,,5,5,True
DAVIS,exact_identity,new_targets_known_molecules,target,availability__boltz_binder,0.25,all_determinate,0.7187437000752751,0.7145540815602643,47,366502,0.5691008195012225,0.7344649893907245,0.8280394628871097,20774,20774,5249,0.36485764226942324,0.8484165012127084,5,5,True
DAVIS,exact_identity,new_targets_known_molecules,target,availability__boltz_binder,0.25,both_exact,0.6237866745039822,0.6140214280231169,46,91189,0.5021815008726003,0.6297375010113567,0.735641142888815,0,0,0,,,5,5,True
DAVIS,exact_identity,new_targets_known_molecules,target,availability__boltz_binder,0.25,one_bounded,0.7385191052063537,0.7478524443088412,47,275313,0.5731687435084851,0.7535584415584415,0.8535417468779599,0,0,0,,,5,5,True
DAVIS,exact_identity,new_targets_known_molecules,target,availability__boltz_binder,0.25,both_bounded,,,0,0,,,,0,0,0,,,5,5,True
DAVIS,exact_identity,new_targets_known_molecules,target,plus__boltz_binder,0.25,all_determinate,0.7960814570923691,0.7767024463713704,47,366502,0.7148417782441467,0.7759246805648957,0.8922494379260949,20774,20774,5249,0.30760548253862086,0.7616492375747158,5,5,True
DAVIS,exact_identity,new_targets_known_molecules,target,plus__boltz_binder,0.25,both_exact,0.6371531528371365,0.6534779414183728,46,91189,0.5269667405764966,0.6617308844540719,0.7632056451612903,0,0,0,,,5,5,True
DAVIS,exact_identity,new_targets_known_molecules,target,plus__boltz_binder,0.25,one_bounded,0.8209664453829247,0.8175167899808582,47,275313,0.7386003244498994,0.8213214765794644,0.910278245162448,0,0,0,,,5,5,True
DAVIS,exact_identity,new_targets_known_molecules,target,plus__boltz_binder,0.25,both_bounded,,,0,0,,,,0,0,0,,,5,5,True
DAVIS,exact_identity,new_targets_known_molecules,target,representation_readout,0.25,all_determinate,0.7849489189534242,0.7776628776923454,47,366502,0.6975235604005228,0.7737193088814792,0.8618718030539901,20774,20774,5249,0.31609141913569405,0.7869394579470355,5,5,True
DAVIS,exact_identity,new_targets_known_molecules,target,representation_readout,0.25,both_exact,0.6251451174438184,0.6636217087587318,46,91189,0.5375916766160669,0.6610967087466186,0.7328684368153734,0,0,0,,,5,5,True
DAVIS,exact_identity,new_targets_known_molecules,target,representation_readout,0.25,one_bounded,0.8083693456883202,0.8154355224780523,47,275313,0.7183210307243306,0.8089695309825402,0.8920027561647013,0,0,0,,,5,5,True
DAVIS,exact_identity,new_targets_known_molecules,target,representation_readout,0.25,both_bounded,,,0,0,,,,0,0,0,,,5,5,True
DAVIS,exact_identity,new_targets_known_molecules,target,representation_plus_chemistry,0.25,all_determinate,0.7932680859014904,0.7816410278797933,47,366502,0.7157796868636161,0.7816234033786568,0.8833236623215801,20774,20774,5249,0.31015986784916877,0.7936389619781687,5,5,True
DAVIS,exact_identity,new_targets_known_molecules,target,representation_plus_chemistry,0.25,both_exact,0.6268750953687541,0.665178914123414,46,91189,0.4673992673992674,0.6677116542394549,0.7365326982263498,0,0,0,,,5,5,True
DAVIS,exact_identity,new_targets_known_molecules,target,representation_plus_chemistry,0.25,one_bounded,0.8173538539476779,0.8202155364984581,47,275313,0.738452010766869,0.808935064935065,0.8958779740921753,0,0,0,,,5,5,True
DAVIS,exact_identity,new_targets_known_molecules,target,representation_plus_chemistry,0.25,both_bounded,,,0,0,,,,0,0,0,,,5,5,True
DAVIS,exact_identity,new_targets_known_molecules,target,scalar_members_readout,0.25,all_determinate,0.78036067124868,0.7712672782140343,47,366502,0.6841342930073018,0.771007870017771,0.8789763632205891,20774,20774,5249,0.3605114180765198,0.8310432576156216,5,5,True
DAVIS,exact_identity,new_targets_known_molecules,target,scalar_members_readout,0.25,both_exact,0.6395883588998824,0.6564278586232989,46,91189,0.5598063562453806,0.6596102097400783,0.7449292001530807,0,0,0,,,5,5,True
DAVIS,exact_identity,new_targets_known_molecules,target,scalar_members_readout,0.25,one_bounded,0.8040985119057561,0.8093043190840971,47,275313,0.6913047714820645,0.8171853996484335,0.9027391795713536,0,0,0,,,5,5,True
DAVIS,exact_identity,new_targets_known_molecules,target,scalar_members_readout,0.25,both_bounded,,,0,0,,,,0,0,0,,,5,5,True
DAVIS,exact_identity,new_targets_known_molecules,target,native__boltz_affinity,0.5,all_determinate,0.6961182099820106,0.7038733758615233,47,366502,0.540220533929456,0.7304147465437788,0.838718433068337,20774,0,0,,,5,5,True
DAVIS,exact_identity,new_targets_known_molecules,target,native__boltz_affinity,0.5,both_exact,0.6285137512319815,0.6374233734331992,46,91189,0.5347420546932742,0.6497075025978865,0.7354328587477359,0,0,0,,,5,5,True
DAVIS,exact_identity,new_targets_known_molecules,target,native__boltz_affinity,0.5,one_bounded,0.7118370386837419,0.725882904185418,47,275313,0.5252547003112857,0.7427113702623906,0.8744304798109108,0,0,0,,,5,5,True
DAVIS,exact_identity,new_targets_known_molecules,target,native__boltz_affinity,0.5,both_bounded,,,0,0,,,,0,0,0,,,5,5,True
DAVIS,exact_identity,new_targets_known_molecules,target,native__boltz_binder,0.5,all_determinate,0.7758526576725784,0.7611663783553705,47,366502,0.6803636687238394,0.7733611611801536,0.8850034517924488,20774,0,0,,,5,5,True
DAVIS,exact_identity,new_targets_known_molecules,target,native__boltz_binder,0.5,both_exact,0.6209985406128189,0.6457028808299247,46,91189,0.5214308943089431,0.6307383052967706,0.7489937583853468,0,0,0,,,5,5,True
DAVIS,exact_identity,new_targets_known_molecules,target,native__boltz_binder,0.5,one_bounded,0.7995186033325862,0.7994101259293968,47,275313,0.6913143883843821,0.8072214152313758,0.8969093221801421,0,0,0,,,5,5,True
DAVIS,exact_identity,new_targets_known_molecules,target,native__boltz_binder,0.5,both_bounded,,,0,0,,,,0,0,0,,,5,5,True
DAVIS,exact_identity,new_targets_known_molecules,target,baseline,0.5,all_determinate,0.7781508811439509,0.7627884704585514,47,366502,0.6909669140489623,0.7946872898453261,0.8993790912432081,20774,20774,5249,0.3053412594818661,0.7731473939514514,5,5,True
DAVIS,exact_identity,new_targets_known_molecules,target,baseline,0.5,both_exact,0.6538307494854243,0.6558685806402088,46,91189,0.5486663491307454,0.6575755359467822,0.7639052620297933,0,0,0,,,5,5,True
DAVIS,exact_identity,new_targets_known_molecules,target,baseline,0.5,one_bounded,0.7992504348093472,0.7982024096210495,47,275313,0.7134935123258727,0.8157894736842105,0.9111501952312713,0,0,0,,,5,5,True
DAVIS,exact_identity,new_targets_known_molecules,target,baseline,0.5,both_bounded,,,0,0,,,,0,0,0,,,5,5,True
DAVIS,exact_identity,new_targets_known_molecules,target,target_prior,0.5,all_determinate,0.6826119847719955,0.6832145527173112,47,366502,0.4829764668736669,0.7196736453201971,0.8363326223979455,20774,20774,5249,0.5033695372027304,1.0421787450651692,5,5,True
DAVIS,exact_identity,new_targets_known_molecules,target,target_prior,0.5,both_exact,0.5704864855479811,0.5890184123085022,46,91189,0.42593344155844154,0.5850431719226412,0.6966194673668418,0,0,0,,,5,5,True
DAVIS,exact_identity,new_targets_known_molecules,target,target_prior,0.5,one_bounded,0.7028716018351218,0.7144141395429929,47,275313,0.4873083925263733,0.7377521613832853,0.848655606942149,0,0,0,,,5,5,True
DAVIS,exact_identity,new_targets_known_molecules,target,target_prior,0.5,both_bounded,,,0,0,,,,0,0,0,,,5,5,True
DAVIS,exact_identity,new_targets_known_molecules,target,calibrated__boltz_affinity,0.5,all_determinate,0.7394446741337001,0.7371173963580008,47,366502,0.6096339312475205,0.7441627543035993,0.867761331667939,20774,20774,5249,0.38553533224047815,0.872354052601222,5,5,True
DAVIS,exact_identity,new_targets_known_molecules,target,calibrated__boltz_affinity,0.5,both_exact,0.6204941260944427,0.6407132439219643,46,91189,0.532589020143838,0.6519471140790678,0.7460545323221379,0,0,0,,,5,5,True
DAVIS,exact_identity,new_targets_known_molecules,target,calibrated__boltz_affinity,0.5,one_bounded,0.7601108644114121,0.7690483195490224,47,275313,0.626916179495233,0.7738738738738739,0.8930761970128358,0,0,0,,,5,5,True
DAVIS,exact_identity,new_targets_known_molecules,target,calibrated__boltz_affinity,0.5,both_bounded,,,0,0,,,,0,0,0,,,5,5,True
DAVIS,exact_identity,new_targets_known_molecules,target,availability__boltz_affinity,0.5,all_determinate,0.7781508811439509,0.7627884704585514,47,366502,0.6909669140489623,0.7946872898453261,0.8993790912432081,20774,20774,5249,0.3053412560376368,0.7731474049900965,5,5,True
DAVIS,exact_identity,new_targets_known_molecules,target,availability__boltz_affinity,0.5,both_exact,0.6538307494854243,0.6558685806402088,46,91189,0.5486663491307454,0.6575755359467822,0.7639052620297933,0,0,0,,,5,5,True
DAVIS,exact_identity,new_targets_known_molecules,target,availability__boltz_affinity,0.5,one_bounded,0.7992504348093472,0.7982024096210495,47,275313,0.7134935123258727,0.8157894736842105,0.9111501952312713,0,0,0,,,5,5,True
DAVIS,exact_identity,new_targets_known_molecules,target,availability__boltz_affinity,0.5,both_bounded,,,0,0,,,,0,0,0,,,5,5,True
DAVIS,exact_identity,new_targets_known_molecules,target,plus__boltz_affinity,0.5,all_determinate,0.8036551226677935,0.7860530092605225,47,366502,0.718739126275901,0.8054755043227666,0.8975972366481693,20774,20774,5249,0.2796687927790736,0.7354526910860364,5,5,True
DAVIS,exact_identity,new_targets_known_molecules,target,plus__boltz_affinity,0.5,both_exact,0.6425580545978022,0.6714844992268805,46,91189,0.5537142857142857,0.6651334027284652,0.7637253431335783,0,0,0,,,5,5,True
DAVIS,exact_identity,new_targets_known_molecules,target,plus__boltz_affinity,0.5,one_bounded,0.8274128509267994,0.8240003196361959,47,275313,0.7443735691495006,0.8368625756266206,0.9112698009241581,0,0,0,,,5,5,True
DAVIS,exact_identity,new_targets_known_molecules,target,plus__boltz_affinity,0.5,both_bounded,,,0,0,,,,0,0,0,,,5,5,True
DAVIS,exact_identity,new_targets_known_molecules,target,calibrated__boltz_binder,0.5,all_determinate,0.7892254326598325,0.7745960458605956,47,366502,0.7005942878588136,0.7902476045915947,0.8890547069481877,20774,20774,5249,0.35869274364570375,0.8328328902598013,5,5,True
DAVIS,exact_identity,new_targets_known_molecules,target,calibrated__boltz_binder,0.5,both_exact,0.6276503058157203,0.6457796444746625,46,91189,0.504049606020035,0.6477488919087111,0.7673429136754522,0,0,0,,,5,5,True
DAVIS,exact_identity,new_targets_known_molecules,target,calibrated__boltz_binder,0.5,one_bounded,0.8152961117702952,0.817262533915943,47,275313,0.715154894909909,0.8286753246753247,0.903208579829763,0,0,0,,,5,5,True
DAVIS,exact_identity,new_targets_known_molecules,target,calibrated__boltz_binder,0.5,both_bounded,,,0,0,,,,0,0,0,,,5,5,True
DAVIS,exact_identity,new_targets_known_molecules,target,availability__boltz_binder,0.5,all_determinate,0.7781508811439509,0.7627884704585514,47,366502,0.6909669140489623,0.7946872898453261,0.8993790912432081,20774,20774,5249,0.3053412560376368,0.7731474049900965,5,5,True
DAVIS,exact_identity,new_targets_known_molecules,target,availability__boltz_binder,0.5,both_exact,0.6538307494854243,0.6558685806402088,46,91189,0.5486663491307454,0.6575755359467822,0.7639052620297933,0,0,0,,,5,5,True
DAVIS,exact_identity,new_targets_known_molecules,target,availability__boltz_binder,0.5,one_bounded,0.7992504348093472,0.7982024096210495,47,275313,0.7134935123258727,0.8157894736842105,0.9111501952312713,0,0,0,,,5,5,True
DAVIS,exact_identity,new_targets_known_molecules,target,availability__boltz_binder,0.5,both_bounded,,,0,0,,,,0,0,0,,,5,5,True
DAVIS,exact_identity,new_targets_known_molecules,target,plus__boltz_binder,0.5,all_determinate,0.8133293308225463,0.7949097139988323,47,366502,0.7381207464557102,0.8107395587623144,0.8919443310194637,20774,20774,5249,0.285501250500623,0.7215256622544015,5,5,True
DAVIS,exact_identity,new_targets_known_molecules,target,plus__boltz_binder,0.5,both_exact,0.64871321640349,0.6686442443715799,46,91189,0.5596666666666668,0.6710827531653858,0.7742795240387923,0,0,0,,,5,5,True
DAVIS,exact_identity,new_targets_known_molecules,target,plus__boltz_binder,0.5,one_bounded,0.8390865161289052,0.8367312840294501,47,275313,0.7622692583198971,0.8375651589036489,0.9157459110821968,0,0,0,,,5,5,True
DAVIS,exact_identity,new_targets_known_molecules,target,plus__boltz_binder,0.5,both_bounded,,,0,0,,,,0,0,0,,,5,5,True
DAVIS,exact_identity,new_targets_known_molecules,target,representation_readout,0.5,all_determinate,0.8022419802343688,0.7903940496914069,47,366502,0.7226600129537171,0.8079532604598567,0.8801052443110516,20774,20774,5249,0.29835497955063806,0.7683008686900896,5,5,True
DAVIS,exact_identity,new_targets_known_molecules,target,representation_readout,0.5,both_exact,0.6482636141328972,0.670738795249427,46,91189,0.5650934431422237,0.6655388579422398,0.7541881862311148,0,0,0,,,5,5,True
DAVIS,exact_identity,new_targets_known_molecules,target,representation_readout,0.5,one_bounded,0.8266723576777891,0.8300261883746862,47,275313,0.7507962300942477,0.8254545454545454,0.9070206700982282,0,0,0,,,5,5,True
DAVIS,exact_identity,new_targets_known_molecules,target,representation_readout,0.5,both_bounded,,,0,0,,,,0,0,0,,,5,5,True
DAVIS,exact_identity,new_targets_known_molecules,target,representation_plus_chemistry,0.5,all_determinate,0.8212960796486154,0.8056545394022406,47,366502,0.7541172731486299,0.8270562565221516,0.8947680241528134,20774,20774,5249,0.27279112450700876,0.7238196982190046,5,5,True
DAVIS,exact_identity,new_targets_known_molecules,target,representation_plus_chemistry,0.5,both_exact,0.6778334341336167,0.6889537115222231,46,91189,0.5703809523809524,0.6784792964217152,0.7871296029919448,0,0,0,,,5,5,True
DAVIS,exact_identity,new_targets_known_molecules,target,representation_plus_chemistry,0.5,one_bounded,0.8455508479747373,0.8443081147639232,47,275313,0.780263016599281,0.8595400140812016,0.9223127413336347,0,0,0,,,5,5,True
DAVIS,exact_identity,new_targets_known_molecules,target,representation_plus_chemistry,0.5,both_bounded,,,0,0,,,,0,0,0,,,5,5,True
DAVIS,exact_identity,new_targets_known_molecules,target,scalar_members_readout,0.5,all_determinate,0.7911679075022415,0.7779302705032988,47,366502,0.6963321663164456,0.7796395024117796,0.8895416436547254,20774,20774,5249,0.3526489631259957,0.8214800955943622,5,5,True
DAVIS,exact_identity,new_targets_known_molecules,target,scalar_members_readout,0.5,both_exact,0.6397582896905571,0.6571296976609021,46,91189,0.5457429525477724,0.6665221009546365,0.7436708860759493,0,0,0,,,5,5,True
DAVIS,exact_identity,new_targets_known_molecules,target,scalar_members_readout,0.5,one_bounded,0.8160405620640334,0.8179417608322164,47,275313,0.7142790085919097,0.8204942611932582,0.9115160611404655,0,0,0,,,5,5,True
DAVIS,exact_identity,new_targets_known_molecules,target,scalar_members_readout,0.5,both_bounded,,,0,0,,,,0,0,0,,,5,5,True
DAVIS,exact_identity,new_targets_known_molecules,target,native__boltz_affinity,1.0,all_determinate,0.6961182099820106,0.7038733758615233,47,366502,0.540220533929456,0.7304147465437788,0.838718433068337,20774,0,0,,,5,5,True
DAVIS,exact_identity,new_targets_known_molecules,target,native__boltz_affinity,1.0,both_exact,0.6285137512319815,0.6374233734331992,46,91189,0.5347420546932742,0.6497075025978865,0.7354328587477359,0,0,0,,,5,5,True
DAVIS,exact_identity,new_targets_known_molecules,target,native__boltz_affinity,1.0,one_bounded,0.7118370386837419,0.725882904185418,47,275313,0.5252547003112857,0.7427113702623906,0.8744304798109108,0,0,0,,,5,5,True
DAVIS,exact_identity,new_targets_known_molecules,target,native__boltz_affinity,1.0,both_bounded,,,0,0,,,,0,0,0,,,5,5,True
DAVIS,exact_identity,new_targets_known_molecules,target,native__boltz_binder,1.0,all_determinate,0.7758526576725784,0.7611663783553705,47,366502,0.6803636687238394,0.7733611611801536,0.8850034517924488,20774,0,0,,,5,5,True
DAVIS,exact_identity,new_targets_known_molecules,target,native__boltz_binder,1.0,both_exact,0.6209985406128189,0.6457028808299247,46,91189,0.5214308943089431,0.6307383052967706,0.7489937583853468,0,0,0,,,5,5,True
DAVIS,exact_identity,new_targets_known_molecules,target,native__boltz_binder,1.0,one_bounded,0.7995186033325862,0.7994101259293968,47,275313,0.6913143883843821,0.8072214152313758,0.8969093221801421,0,0,0,,,5,5,True
DAVIS,exact_identity,new_targets_known_molecules,target,native__boltz_binder,1.0,both_bounded,,,0,0,,,,0,0,0,,,5,5,True
DAVIS,exact_identity,new_targets_known_molecules,target,baseline,1.0,all_determinate,0.8111834536058908,0.7939479184288216,47,366502,0.7305454013556565,0.8244966103409895,0.9120580983960938,20774,20774,5249,0.2713278852135275,0.6918060498389819,5,5,True
DAVIS,exact_identity,new_targets_known_molecules,target,baseline,1.0,both_exact,0.6957240913860757,0.6884602309489083,46,91189,0.6199496944795617,0.6780174270955419,0.7793206666497552,0,0,0,,,5,5,True
DAVIS,exact_identity,new_targets_known_molecules,target,baseline,1.0,one_bounded,0.8320240190058874,0.828887484426816,47,275313,0.7446840163079915,0.8465149026050223,0.924620955054427,0,0,0,,,5,5,True
DAVIS,exact_identity,new_targets_known_molecules,target,baseline,1.0,both_bounded,,,0,0,,,,0,0,0,,,5,5,True
DAVIS,exact_identity,new_targets_known_molecules,target,target_prior,1.0,all_determinate,0.6957662569500669,0.6965814647669044,47,366502,0.4827694297987135,0.7327883510026824,0.8496123716849926,20774,20774,5249,0.4971064780142867,1.0299856573985233,5,5,True
DAVIS,exact_identity,new_targets_known_molecules,target,target_prior,1.0,both_exact,0.5786450455675568,0.6022107929684501,46,91189,0.40459133258046304,0.5836503575545591,0.7294001496508148,0,0,0,,,5,5,True
DAVIS,exact_identity,new_targets_known_molecules,target,target_prior,1.0,one_bounded,0.7159171339998168,0.7278388597705158,47,275313,0.48834758576740867,0.7620991253644315,0.8657913241834666,0,0,0,,,5,5,True
DAVIS,exact_identity,new_targets_known_molecules,target,target_prior,1.0,both_bounded,,,0,0,,,,0,0,0,,,5,5,True
DAVIS,exact_identity,new_targets_known_molecules,target,calibrated__boltz_affinity,1.0,all_determinate,0.7560038047887214,0.7535020272740667,47,366502,0.6601802618620916,0.7547664286182271,0.8860935089394218,20774,20774,5249,0.3774932350574804,0.8519952987036385,5,5,True
DAVIS,exact_identity,new_targets_known_molecules,target,calibrated__boltz_affinity,1.0,both_exact,0.629897293029455,0.6553970325368191,46,91189,0.5441463802704853,0.6572622868134619,0.7451322462993168,0,0,0,,,5,5,True
DAVIS,exact_identity,new_targets_known_molecules,target,calibrated__boltz_affinity,1.0,one_bounded,0.7771395851766372,0.7859963023903702,47,275313,0.6735219425234135,0.7871168831168831,0.8961808879013088,0,0,0,,,5,5,True
DAVIS,exact_identity,new_targets_known_molecules,target,calibrated__boltz_affinity,1.0,both_bounded,,,0,0,,,,0,0,0,,,5,5,True
DAVIS,exact_identity,new_targets_known_molecules,target,availability__boltz_affinity,1.0,all_determinate,0.8111834536058908,0.7939479184288216,47,366502,0.7305454013556565,0.8244966103409895,0.9120580983960938,20774,20774,5249,0.271327888527983,0.6918060490140818,5,5,True
DAVIS,exact_identity,new_targets_known_molecules,target,availability__boltz_affinity,1.0,both_exact,0.6957240913860757,0.6884602309489083,46,91189,0.6199496944795617,0.6780174270955419,0.7793206666497552,0,0,0,,,5,5,True
DAVIS,exact_identity,new_targets_known_molecules,target,availability__boltz_affinity,1.0,one_bounded,0.8320240190058874,0.828887484426816,47,275313,0.7446840163079915,0.8465149026050223,0.924620955054427,0,0,0,,,5,5,True
DAVIS,exact_identity,new_targets_known_molecules,target,availability__boltz_affinity,1.0,both_bounded,,,0,0,,,,0,0,0,,,5,5,True
DAVIS,exact_identity,new_targets_known_molecules,target,plus__boltz_affinity,1.0,all_determinate,0.8318859943790078,0.8125876530005294,47,366502,0.7612546012832327,0.833737496210973,0.9087994835523512,20774,20774,5249,0.2542508758091368,0.6650188750515634,5,5,True
DAVIS,exact_identity,new_targets_known_molecules,target,plus__boltz_affinity,1.0,both_exact,0.6810779681177621,0.7044270690543816,46,91189,0.6128854489164086,0.7023226887364078,0.7869800482125455,0,0,0,,,5,5,True
DAVIS,exact_identity,new_targets_known_molecules,target,plus__boltz_affinity,1.0,one_bounded,0.8539779282346839,0.8484125340975545,47,275313,0.777063803437156,0.8535469107551488,0.9205794375249491,0,0,0,,,5,5,True
DAVIS,exact_identity,new_targets_known_molecules,target,plus__boltz_affinity,1.0,both_bounded,,,0,0,,,,0,0,0,,,5,5,True
DAVIS,exact_identity,new_targets_known_molecules,target,calibrated__boltz_binder,1.0,all_determinate,0.7989457484068648,0.785856557399414,47,366502,0.7071299242464757,0.8046971569839307,0.897431685821505,20774,20774,5249,0.34197860182904016,0.8067213513709447,5,5,True
DAVIS,exact_identity,new_targets_known_molecules,target,calibrated__boltz_binder,1.0,both_exact,0.6419972803336812,0.6588842952549101,46,91189,0.5339697692919649,0.6661756358435651,0.7709262963532851,0,0,0,,,5,5,True
DAVIS,exact_identity,new_targets_known_molecules,target,calibrated__boltz_binder,1.0,one_bounded,0.8244151662763534,0.8279122308063913,47,275313,0.7359312210843026,0.831971874676869,0.9224971110394511,0,0,0,,,5,5,True
DAVIS,exact_identity,new_targets_known_molecules,target,calibrated__boltz_binder,1.0,both_bounded,,,0,0,,,,0,0,0,,,5,5,True
DAVIS,exact_identity,new_targets_known_molecules,target,availability__boltz_binder,1.0,all_determinate,0.8111834536058908,0.7939479184288216,47,366502,0.7305454013556565,0.8244966103409895,0.9120580983960938,20774,20774,5249,0.271327888527983,0.6918060490140818,5,5,True
DAVIS,exact_identity,new_targets_known_molecules,target,availability__boltz_binder,1.0,both_exact,0.6957240913860757,0.6884602309489083,46,91189,0.6199496944795617,0.6780174270955419,0.7793206666497552,0,0,0,,,5,5,True
DAVIS,exact_identity,new_targets_known_molecules,target,availability__boltz_binder,1.0,one_bounded,0.8320240190058874,0.828887484426816,47,275313,0.7446840163079915,0.8465149026050223,0.924620955054427,0,0,0,,,5,5,True
DAVIS,exact_identity,new_targets_known_molecules,target,availability__boltz_binder,1.0,both_bounded,,,0,0,,,,0,0,0,,,5,5,True
DAVIS,exact_identity,new_targets_known_molecules,target,plus__boltz_binder,1.0,all_determinate,0.8441173574540495,0.8213679597928524,47,366502,0.7743577357097253,0.8407093058502576,0.9309528381312497,20774,20774,5249,0.24621710154759513,0.6672111537936765,5,5,True
DAVIS,exact_identity,new_targets_known_molecules,target,plus__boltz_binder,1.0,both_exact,0.6810617984216398,0.7045257651690445,46,91189,0.584974358974359,0.7057202585702725,0.786677408412483,0,0,0,,,5,5,True
DAVIS,exact_identity,new_targets_known_molecules,target,plus__boltz_binder,1.0,one_bounded,0.8678425173797195,0.8600683585591672,47,275313,0.8047164867821553,0.8690579083837511,0.9390168002572621,0,0,0,,,5,5,True
DAVIS,exact_identity,new_targets_known_molecules,target,plus__boltz_binder,1.0,both_bounded,,,0,0,,,,0,0,0,,,5,5,True
DAVIS,exact_identity,new_targets_known_molecules,target,representation_readout,1.0,all_determinate,0.8194730177813183,0.8051061112899793,47,366502,0.7449795220635579,0.8204240588489832,0.8939169633196093,20774,20774,5249,0.28242911278148675,0.7253150836954233,5,5,True
DAVIS,exact_identity,new_targets_known_molecules,target,representation_readout,1.0,both_exact,0.6717922621276152,0.6848523396462293,46,91189,0.5663809523809524,0.6801502837977296,0.7686006553184688,0,0,0,,,5,5,True
DAVIS,exact_identity,new_targets_known_molecules,target,representation_readout,1.0,one_bounded,0.8437611936477015,0.8449364904672136,47,275313,0.7754958024392552,0.8413391557496361,0.9124457792172729,0,0,0,,,5,5,True
DAVIS,exact_identity,new_targets_known_molecules,target,representation_readout,1.0,both_bounded,,,0,0,,,,0,0,0,,,5,5,True
DAVIS,exact_identity,new_targets_known_molecules,target,representation_plus_chemistry,1.0,all_determinate,0.8454995321305723,0.8283501863564182,47,366502,0.7850043710539096,0.8568312512393417,0.922605873340143,20774,20774,5249,0.24064880149659248,0.6557088425599428,5,5,True
DAVIS,exact_identity,new_targets_known_molecules,target,representation_plus_chemistry,1.0,both_exact,0.6877694633416228,0.7162596365789733,46,91189,0.6088571428571429,0.7097743455712182,0.7781915379879605,0,0,0,,,5,5,True
DAVIS,exact_identity,new_targets_known_molecules,target,representation_plus_chemistry,1.0,one_bounded,0.8690025381288679,0.8654767482828635,47,275313,0.8047420029333513,0.8742821666925346,0.931799332773754,0,0,0,,,5,5,True
DAVIS,exact_identity,new_targets_known_molecules,target,representation_plus_chemistry,1.0,both_bounded,,,0,0,,,,0,0,0,,,5,5,True
DAVIS,exact_identity,new_targets_known_molecules,target,scalar_members_readout,1.0,all_determinate,0.8049971080379821,0.7911634861474153,47,366502,0.7194491871833952,0.7966534678758462,0.9017206865337255,20774,20774,5249,0.3418354666522326,0.8043787982839183,5,5,True
DAVIS,exact_identity,new_targets_known_molecules,target,scalar_members_readout,1.0,both_exact,0.6507951782373991,0.671374836877255,46,91189,0.5559487179487179,0.6802395351636092,0.7642009027029799,0,0,0,,,5,5,True
DAVIS,exact_identity,new_targets_known_molecules,target,scalar_members_readout,1.0,one_bounded,0.8296553123838178,0.830839807782415,47,275313,0.7353214234986147,0.8287920734372723,0.9083760145118845,0,0,0,,,5,5,True
DAVIS,exact_identity,new_targets_known_molecules,target,scalar_members_readout,1.0,both_bounded,,,0,0,,,,0,0,0,,,5,5,True
