policy,method,kind,local_label_fraction,certified_molecules,score_complete_molecules,expected_assays_until_first_G,query_expected_assays_q10,query_expected_assays_q50,query_expected_assays_q90,bootstrap_mean_p025,bootstrap_mean_p975
source_representative,target_prior,trained_oof,0.125,205,909,3.9609756097560975,1.0,3.0,8.0,3.5454211229946537,4.3990394088669955
source_representative,target_prior,trained_oof,0.25,205,909,4.190243902439025,1.0,4.0,8.0,3.7511890243902446,4.633362944162436
source_representative,target_prior,trained_oof,0.5,205,909,4.087804878048781,1.0,3.0,9.0,3.6231259370314843,4.578450786255097
source_representative,target_prior,trained_oof,1.0,205,909,4.234146341463415,1.0,3.0,8.0,3.8260377976840725,4.662010212936386
source_representative,chemistry,trained_oof,0.125,205,909,3.8,1.0,3.0,8.0,3.3959943830921557,4.237912950841277
source_representative,chemistry,trained_oof,0.25,205,909,3.7560975609756095,1.0,3.0,8.0,3.3795948474381117,4.171730462519935
source_representative,chemistry,trained_oof,0.5,205,909,3.2634146341463413,1.0,2.0,7.0,2.912177854521908,3.670234824529573
source_representative,chemistry,trained_oof,1.0,205,909,2.873170731707317,1.0,2.0,7.0,2.525998804092661,3.232331983198321
source_representative,calibrated__boltz_affinity,trained_oof,0.125,205,909,3.7414634146341466,1.0,3.0,8.0,3.3199949238578674,4.167557516109545
source_representative,calibrated__boltz_affinity,trained_oof,0.25,205,909,3.8048780487804876,1.0,3.0,8.0,3.36498830049261,4.24390535651768
source_representative,calibrated__boltz_affinity,trained_oof,0.5,205,909,3.419512195121951,1.0,3.0,7.0,3.0342972285067873,3.8443944984121052
source_representative,calibrated__boltz_affinity,trained_oof,1.0,205,909,3.3658536585365852,1.0,2.0,7.0,2.9675773060796646,3.7857316227461855
source_representative,availability__boltz_affinity,trained_oof,0.125,205,909,3.8,1.0,3.0,8.0,3.3959943830921557,4.237912950841277
source_representative,availability__boltz_affinity,trained_oof,0.25,205,909,3.7560975609756095,1.0,3.0,8.0,3.3795948474381117,4.171730462519935
source_representative,availability__boltz_affinity,trained_oof,0.5,205,909,3.2634146341463413,1.0,2.0,7.0,2.912177854521908,3.670234824529573
source_representative,availability__boltz_affinity,trained_oof,1.0,205,909,2.873170731707317,1.0,2.0,7.0,2.525998804092661,3.232331983198321
source_representative,plus__boltz_affinity,trained_oof,0.125,205,909,3.6439024390243904,1.0,3.0,8.599999999999994,3.2046091411466726,4.107985215920076
source_representative,plus__boltz_affinity,trained_oof,0.25,205,909,3.6195121951219513,1.0,3.0,8.0,3.1924499256847616,4.073197899058199
source_representative,plus__boltz_affinity,trained_oof,0.5,205,909,3.0341463414634147,1.0,2.0,8.0,2.638074229691876,3.4712724250018603
source_representative,plus__boltz_affinity,trained_oof,1.0,205,909,2.970731707317073,1.0,2.0,8.0,2.5771973447344725,3.407075642636258
source_representative,calibrated__boltz_binary,trained_oof,0.125,205,909,3.8390243902439023,1.0,3.0,8.0,3.4471126152073737,4.274130921163422
source_representative,calibrated__boltz_binary,trained_oof,0.25,205,909,3.824390243902439,1.0,3.0,8.0,3.400989847715737,4.257083869583867
source_representative,calibrated__boltz_binary,trained_oof,0.5,205,909,3.4048780487804877,1.0,3.0,7.0,3.018860296744385,3.7952435064935064
source_representative,calibrated__boltz_binary,trained_oof,1.0,205,909,3.4878048780487805,1.0,3.0,7.0,3.1087501199385916,3.8724835494945644
source_representative,availability__boltz_binary,trained_oof,0.125,205,909,3.8,1.0,3.0,8.0,3.3959943830921557,4.237912950841277
source_representative,availability__boltz_binary,trained_oof,0.25,205,909,3.7560975609756095,1.0,3.0,8.0,3.3795948474381117,4.171730462519935
source_representative,availability__boltz_binary,trained_oof,0.5,205,909,3.2634146341463413,1.0,2.0,7.0,2.912177854521908,3.670234824529573
source_representative,availability__boltz_binary,trained_oof,1.0,205,909,2.873170731707317,1.0,2.0,7.0,2.525998804092661,3.232331983198321
source_representative,plus__boltz_binary,trained_oof,0.125,205,909,3.5658536585365854,1.0,3.0,8.0,3.203635620915032,3.984707072484166
source_representative,plus__boltz_binary,trained_oof,0.25,205,909,3.3658536585365852,1.0,2.0,8.0,2.995110712983028,3.7688814887836304
source_representative,plus__boltz_binary,trained_oof,0.5,205,909,2.9317073170731707,1.0,2.0,7.0,2.5615415754424378,3.3170847300890074
source_representative,plus__boltz_binary,trained_oof,1.0,205,909,2.8,1.0,2.0,7.0,2.4687462258454107,3.1456848725429243
source_representative,calibrated__boltzina_vina_far_affinity,trained_oof,0.125,205,909,3.897560975609756,1.0,3.0,8.0,3.464951354679803,4.367446990424076
source_representative,calibrated__boltzina_vina_far_affinity,trained_oof,0.25,205,909,3.7414634146341466,1.0,3.0,8.0,3.3496947564711617,4.1674866956351915
source_representative,calibrated__boltzina_vina_far_affinity,trained_oof,0.5,205,909,3.4292682926829268,1.0,3.0,7.0,3.053914992826398,3.8505346286016384
source_representative,calibrated__boltzina_vina_far_affinity,trained_oof,1.0,205,909,3.3902439024390243,1.0,3.0,7.0,3.0,3.8141613012981557
source_representative,availability__boltzina_vina_far_affinity,trained_oof,0.125,205,909,3.7853658536585364,1.0,3.0,8.0,3.3816363329962935,4.219819063510272
source_representative,availability__boltzina_vina_far_affinity,trained_oof,0.25,205,909,3.7609756097560973,1.0,3.0,8.0,3.3823011599005794,4.1767743221690585
source_representative,availability__boltzina_vina_far_affinity,trained_oof,0.5,205,909,3.268292682926829,1.0,2.0,7.0,2.914986934183719,3.680761379873444
source_representative,availability__boltzina_vina_far_affinity,trained_oof,1.0,205,909,2.8780487804878048,1.0,2.0,7.0,2.5319267589924714,3.237898336972174
source_representative,plus__boltzina_vina_far_affinity,trained_oof,0.125,205,909,3.8634146341463413,1.0,3.0,9.0,3.4278710670314636,4.326916455137402
source_representative,plus__boltzina_vina_far_affinity,trained_oof,0.25,205,909,3.6731707317073172,1.0,2.0,9.0,3.2252607626893424,4.163586328162635
source_representative,plus__boltzina_vina_far_affinity,trained_oof,0.5,205,909,3.0829268292682928,1.0,2.0,8.0,2.689439761152091,3.528520268210911
source_representative,plus__boltzina_vina_far_affinity,trained_oof,1.0,205,909,2.9804878048780488,1.0,2.0,8.0,2.5776611450305276,3.426414432568936
source_representative,calibrated__boltzina_vina_far_binary,trained_oof,0.125,205,909,3.7560975609756095,1.0,3.0,8.0,3.396956134840871,4.133374999999999
source_representative,calibrated__boltzina_vina_far_binary,trained_oof,0.25,205,909,3.7463414634146344,1.0,3.0,8.0,3.33329326923077,4.1850046296296295
source_representative,calibrated__boltzina_vina_far_binary,trained_oof,0.5,205,909,3.4048780487804877,1.0,3.0,7.0,3.0300067410221834,3.7857496463932105
source_representative,calibrated__boltzina_vina_far_binary,trained_oof,1.0,205,909,3.3268292682926828,1.0,3.0,7.0,2.961717887375782,3.696164155317298
source_representative,availability__boltzina_vina_far_binary,trained_oof,0.125,205,909,3.7853658536585364,1.0,3.0,8.0,3.3816363329962935,4.219819063510272
source_representative,availability__boltzina_vina_far_binary,trained_oof,0.25,205,909,3.7609756097560973,1.0,3.0,8.0,3.3823011599005794,4.1767743221690585
source_representative,availability__boltzina_vina_far_binary,trained_oof,0.5,205,909,3.268292682926829,1.0,2.0,7.0,2.914986934183719,3.680761379873444
source_representative,availability__boltzina_vina_far_binary,trained_oof,1.0,205,909,2.8780487804878048,1.0,2.0,7.0,2.5319267589924714,3.237898336972174
source_representative,plus__boltzina_vina_far_binary,trained_oof,0.125,205,909,3.6390243902439026,1.0,3.0,8.0,3.262376237623762,4.051974445394637
source_representative,plus__boltzina_vina_far_binary,trained_oof,0.25,205,909,3.502439024390244,1.0,2.0,8.0,3.0917331951305576,3.917136291212158
source_representative,plus__boltzina_vina_far_binary,trained_oof,0.5,205,909,2.9560975609756097,1.0,2.0,7.0,2.602915040423752,3.3163329402112605
source_representative,plus__boltzina_vina_far_binary,trained_oof,1.0,205,909,2.868292682926829,1.0,2.0,7.0,2.5154561074664166,3.2299570232662322
source_representative,calibrated__boltzina_vina_zero_affinity,trained_oof,0.125,205,909,3.897560975609756,1.0,3.0,8.0,3.464951354679803,4.367446990424076
source_representative,calibrated__boltzina_vina_zero_affinity,trained_oof,0.25,205,909,3.7414634146341466,1.0,3.0,8.0,3.3496947564711617,4.1674866956351915
source_representative,calibrated__boltzina_vina_zero_affinity,trained_oof,0.5,205,909,3.4292682926829268,1.0,3.0,7.0,3.053914992826398,3.8505346286016384
source_representative,calibrated__boltzina_vina_zero_affinity,trained_oof,1.0,205,909,3.3902439024390243,1.0,3.0,7.0,3.0,3.8141613012981557
source_representative,availability__boltzina_vina_zero_affinity,trained_oof,0.125,205,909,3.7853658536585364,1.0,3.0,8.0,3.3816363329962935,4.219819063510272
source_representative,availability__boltzina_vina_zero_affinity,trained_oof,0.25,205,909,3.7609756097560973,1.0,3.0,8.0,3.3823011599005794,4.1767743221690585
source_representative,availability__boltzina_vina_zero_affinity,trained_oof,0.5,205,909,3.268292682926829,1.0,2.0,7.0,2.914986934183719,3.680761379873444
source_representative,availability__boltzina_vina_zero_affinity,trained_oof,1.0,205,909,2.8780487804878048,1.0,2.0,7.0,2.5319267589924714,3.237898336972174
source_representative,plus__boltzina_vina_zero_affinity,trained_oof,0.125,205,909,3.8634146341463413,1.0,3.0,9.0,3.4278710670314636,4.326916455137402
source_representative,plus__boltzina_vina_zero_affinity,trained_oof,0.25,205,909,3.6731707317073172,1.0,2.0,9.0,3.2252607626893424,4.163586328162635
source_representative,plus__boltzina_vina_zero_affinity,trained_oof,0.5,205,909,3.0829268292682928,1.0,2.0,8.0,2.689439761152091,3.528520268210911
source_representative,plus__boltzina_vina_zero_affinity,trained_oof,1.0,205,909,2.9804878048780488,1.0,2.0,8.0,2.5776611450305276,3.426414432568936
source_representative,calibrated__boltzina_vina_zero_binary,trained_oof,0.125,205,909,3.7560975609756095,1.0,3.0,8.0,3.396956134840871,4.133374999999999
source_representative,calibrated__boltzina_vina_zero_binary,trained_oof,0.25,205,909,3.7463414634146344,1.0,3.0,8.0,3.33329326923077,4.1850046296296295
source_representative,calibrated__boltzina_vina_zero_binary,trained_oof,0.5,205,909,3.4048780487804877,1.0,3.0,7.0,3.0300067410221834,3.7857496463932105
source_representative,calibrated__boltzina_vina_zero_binary,trained_oof,1.0,205,909,3.3268292682926828,1.0,3.0,7.0,2.961717887375782,3.696164155317298
source_representative,availability__boltzina_vina_zero_binary,trained_oof,0.125,205,909,3.7853658536585364,1.0,3.0,8.0,3.3816363329962935,4.219819063510272
source_representative,availability__boltzina_vina_zero_binary,trained_oof,0.25,205,909,3.7609756097560973,1.0,3.0,8.0,3.3823011599005794,4.1767743221690585
source_representative,availability__boltzina_vina_zero_binary,trained_oof,0.5,205,909,3.268292682926829,1.0,2.0,7.0,2.914986934183719,3.680761379873444
source_representative,availability__boltzina_vina_zero_binary,trained_oof,1.0,205,909,2.8780487804878048,1.0,2.0,7.0,2.5319267589924714,3.237898336972174
source_representative,plus__boltzina_vina_zero_binary,trained_oof,0.125,205,909,3.6390243902439026,1.0,3.0,8.0,3.262376237623762,4.051974445394637
source_representative,plus__boltzina_vina_zero_binary,trained_oof,0.25,205,909,3.502439024390244,1.0,2.0,8.0,3.0917331951305576,3.917136291212158
source_representative,plus__boltzina_vina_zero_binary,trained_oof,0.5,205,909,2.9560975609756097,1.0,2.0,7.0,2.602915040423752,3.3163329402112605
source_representative,plus__boltzina_vina_zero_binary,trained_oof,1.0,205,909,2.868292682926829,1.0,2.0,7.0,2.5154561074664166,3.2299570232662322
source_representative,calibrated__gnina,trained_oof,0.125,205,909,3.951219512195122,1.0,3.0,9.0,3.5249759615384617,4.36734931181775
source_representative,calibrated__gnina,trained_oof,0.25,205,909,4.0390243902439025,1.0,3.0,8.0,3.6286354435936197,4.4440074640967495
source_representative,calibrated__gnina,trained_oof,0.5,205,909,3.951219512195122,1.0,3.0,8.0,3.5492227979274613,4.3835970158852655
source_representative,calibrated__gnina,trained_oof,1.0,205,909,3.8536585365853657,1.0,3.0,8.0,3.4524555403556763,4.282438568376068
source_representative,availability__gnina,trained_oof,0.125,205,909,3.790243902439024,1.0,3.0,8.0,3.3921301688992425,4.2242965607498215
source_representative,availability__gnina,trained_oof,0.25,205,909,3.765853658536585,1.0,3.0,8.0,3.3848591549295772,4.181828802039083
source_representative,availability__gnina,trained_oof,0.5,205,909,3.273170731707317,1.0,2.0,7.0,2.915482992293383,3.6836806892568346
source_representative,availability__gnina,trained_oof,1.0,205,909,2.8829268292682926,1.0,2.0,7.0,2.5349504716981124,3.2427754854368924
source_representative,plus__gnina,trained_oof,0.125,205,909,3.8829268292682926,1.0,3.0,9.0,3.4417086681841407,4.352473867595819
source_representative,plus__gnina,trained_oof,0.25,205,909,3.7463414634146344,1.0,3.0,8.599999999999994,3.3298076429524683,4.176073232323232
source_representative,plus__gnina,trained_oof,0.5,205,909,3.1365853658536587,1.0,2.0,7.599999999999994,2.7448684750282015,3.5510253857640617
source_representative,plus__gnina,trained_oof,1.0,205,909,2.9560975609756097,1.0,2.0,7.0,2.5840321333447904,3.3500371287128714
source_representative,calibrated__nesso_affinity,trained_oof,0.125,205,909,3.575609756097561,1.0,3.0,8.0,3.170352681431317,4.019047619047619
source_representative,calibrated__nesso_affinity,trained_oof,0.25,205,909,3.478048780487805,1.0,3.0,8.0,3.0776512322628826,3.937260578253586
source_representative,calibrated__nesso_affinity,trained_oof,0.5,205,909,3.2878048780487803,1.0,2.0,7.0,2.8699836683417086,3.7204163582531455
source_representative,calibrated__nesso_affinity,trained_oof,1.0,205,909,3.3121951219512193,1.0,2.0,8.0,2.8899126516078777,3.7559038698208678
source_representative,availability__nesso_affinity,trained_oof,0.125,205,909,3.790243902439024,1.0,3.0,8.0,3.3921301688992425,4.2242965607498215
source_representative,availability__nesso_affinity,trained_oof,0.25,205,909,3.765853658536585,1.0,3.0,8.0,3.3848591549295772,4.181828802039083
source_representative,availability__nesso_affinity,trained_oof,0.5,205,909,3.273170731707317,1.0,2.0,7.0,2.915482992293383,3.6836806892568346
source_representative,availability__nesso_affinity,trained_oof,1.0,205,909,2.8829268292682926,1.0,2.0,7.0,2.5349504716981124,3.2427754854368924
source_representative,plus__nesso_affinity,trained_oof,0.125,205,909,3.478048780487805,1.0,3.0,8.0,3.1085946170921197,3.905184278350515
source_representative,plus__nesso_affinity,trained_oof,0.25,205,909,3.2,1.0,2.0,8.0,2.801019773581074,3.643303152246813
source_representative,plus__nesso_affinity,trained_oof,0.5,205,909,2.84390243902439,1.0,2.0,7.599999999999994,2.4590457971676574,3.280009345794392
source_representative,plus__nesso_affinity,trained_oof,1.0,205,909,2.790243902439024,1.0,2.0,7.0,2.4190476190476184,3.1902907605430735
source_representative,calibrated__nesso_binary,trained_oof,0.125,205,909,3.8048780487804876,1.0,3.0,8.0,3.4049478155339807,4.218612171699641
source_representative,calibrated__nesso_binary,trained_oof,0.25,205,909,3.6731707317073172,1.0,3.0,8.0,3.2237980420594625,4.117398339932988
source_representative,calibrated__nesso_binary,trained_oof,0.5,205,909,3.3073170731707315,1.0,2.0,7.0,2.9040239350021957,3.738726130653266
source_representative,calibrated__nesso_binary,trained_oof,1.0,205,909,3.3024390243902437,1.0,2.0,8.0,2.8872738725933584,3.759
source_representative,availability__nesso_binary,trained_oof,0.125,205,909,3.790243902439024,1.0,3.0,8.0,3.3921301688992425,4.2242965607498215
source_representative,availability__nesso_binary,trained_oof,0.25,205,909,3.765853658536585,1.0,3.0,8.0,3.3848591549295772,4.181828802039083
source_representative,availability__nesso_binary,trained_oof,0.5,205,909,3.273170731707317,1.0,2.0,7.0,2.915482992293383,3.6836806892568346
source_representative,availability__nesso_binary,trained_oof,1.0,205,909,2.8829268292682926,1.0,2.0,7.0,2.5349504716981124,3.2427754854368924
source_representative,plus__nesso_binary,trained_oof,0.125,205,909,3.6195121951219513,1.0,3.0,8.0,3.237820253505933,4.041257587436169
source_representative,plus__nesso_binary,trained_oof,0.25,205,909,3.526829268292683,1.0,2.0,9.0,3.0953747162206966,3.9953125
source_representative,plus__nesso_binary,trained_oof,0.5,205,909,2.9853658536585366,1.0,2.0,7.0,2.62018045774648,3.3980344489672847
source_representative,plus__nesso_binary,trained_oof,1.0,205,909,2.921951219512195,1.0,2.0,7.0,2.522131733672334,3.3711840283120473
source_representative,calibrated__raw_ad4,trained_oof,0.125,205,909,4.107317073170732,1.0,3.0,8.0,3.698469175144013,4.519085127201565
source_representative,calibrated__raw_ad4,trained_oof,0.25,205,909,4.117073170731707,1.0,3.0,8.0,3.7134822794492606,4.556035489848533
source_representative,calibrated__raw_ad4,trained_oof,0.5,205,909,4.097560975609756,1.0,3.0,8.0,3.68964177237806,4.555729166666666
source_representative,calibrated__raw_ad4,trained_oof,1.0,205,909,4.078048780487805,1.0,3.0,8.0,3.672827343674728,4.502417261518495
source_representative,availability__raw_ad4,trained_oof,0.125,205,909,3.790243902439024,1.0,3.0,8.0,3.3921301688992425,4.2242965607498215
source_representative,availability__raw_ad4,trained_oof,0.25,205,909,3.765853658536585,1.0,3.0,8.0,3.3848591549295772,4.181828802039083
source_representative,availability__raw_ad4,trained_oof,0.5,205,909,3.273170731707317,1.0,2.0,7.0,2.915482992293383,3.6836806892568346
source_representative,availability__raw_ad4,trained_oof,1.0,205,909,2.8829268292682926,1.0,2.0,7.0,2.5349504716981124,3.2427754854368924
source_representative,plus__raw_ad4,trained_oof,0.125,205,909,3.8146341463414632,1.0,3.0,8.0,3.422808715854689,4.23715571626404
source_representative,plus__raw_ad4,trained_oof,0.25,205,909,3.7219512195121953,1.0,3.0,8.0,3.3429483272382496,4.125015096618357
source_representative,plus__raw_ad4,trained_oof,0.5,205,909,3.0341463414634147,1.0,2.0,7.0,2.71290229755349,3.391314365858545
source_representative,plus__raw_ad4,trained_oof,1.0,205,909,2.8829268292682926,1.0,2.0,7.0,2.535313766947121,3.246407867494824
source_representative,calibrated__raw_gnina_own,trained_oof,0.125,205,909,3.8,1.0,3.0,8.0,3.4264758555921997,4.182288567526704
source_representative,calibrated__raw_gnina_own,trained_oof,0.25,205,909,3.9317073170731707,1.0,3.0,8.0,3.509799208144796,4.369866438356165
source_representative,calibrated__raw_gnina_own,trained_oof,0.5,205,909,3.9560975609756097,1.0,3.0,8.0,3.510401348039216,4.42111305048335
source_representative,calibrated__raw_gnina_own,trained_oof,1.0,205,909,3.731707317073171,1.0,3.0,8.0,3.336216806325977,4.160670257025448
source_representative,availability__raw_gnina_own,trained_oof,0.125,205,909,3.790243902439024,1.0,3.0,8.0,3.3921301688992425,4.2242965607498215
source_representative,availability__raw_gnina_own,trained_oof,0.25,205,909,3.765853658536585,1.0,3.0,8.0,3.3848591549295772,4.181828802039083
source_representative,availability__raw_gnina_own,trained_oof,0.5,205,909,3.273170731707317,1.0,2.0,7.0,2.915482992293383,3.6836806892568346
source_representative,availability__raw_gnina_own,trained_oof,1.0,205,909,2.8829268292682926,1.0,2.0,7.0,2.5349504716981124,3.2427754854368924
source_representative,plus__raw_gnina_own,trained_oof,0.125,205,909,3.702439024390244,1.0,3.0,8.0,3.2894672342621263,4.123230457282181
source_representative,plus__raw_gnina_own,trained_oof,0.25,205,909,3.8829268292682926,1.0,3.0,8.0,3.452715987370839,4.323393745557925
source_representative,plus__raw_gnina_own,trained_oof,0.5,205,909,3.2390243902439027,1.0,2.0,8.0,2.840156913280776,3.6537386417981828
source_representative,plus__raw_gnina_own,trained_oof,1.0,205,909,2.7853658536585364,1.0,2.0,6.0,2.405937006744153,3.180565476190477
source_representative,calibrated__vina,trained_oof,0.125,205,909,3.9658536585365853,1.0,3.0,8.0,3.555975609756098,4.4252463680947525
source_representative,calibrated__vina,trained_oof,0.25,205,909,4.429268292682927,1.0,4.0,9.0,4.005207658678756,4.901442683881065
source_representative,calibrated__vina,trained_oof,0.5,205,909,4.087804878048781,1.0,3.0,8.0,3.6744875242461648,4.516763074579257
source_representative,calibrated__vina,trained_oof,1.0,205,909,4.273170731707317,1.0,4.0,8.0,3.873712082501046,4.702325581395348
source_representative,availability__vina,trained_oof,0.125,205,909,3.790243902439024,1.0,3.0,8.0,3.3921301688992425,4.2242965607498215
source_representative,availability__vina,trained_oof,0.25,205,909,3.765853658536585,1.0,3.0,8.0,3.3848591549295772,4.181828802039083
source_representative,availability__vina,trained_oof,0.5,205,909,3.273170731707317,1.0,2.0,7.0,2.915482992293383,3.6836806892568346
source_representative,availability__vina,trained_oof,1.0,205,909,2.8829268292682926,1.0,2.0,7.0,2.5349504716981124,3.2427754854368924
source_representative,plus__vina,trained_oof,0.125,205,909,3.951219512195122,1.0,3.0,8.0,3.5555147058823535,4.39440551941088
source_representative,plus__vina,trained_oof,0.25,205,909,3.8146341463414632,1.0,3.0,8.0,3.4129060579455666,4.2388614619211635
source_representative,plus__vina,trained_oof,0.5,205,909,3.2829268292682925,1.0,2.0,8.0,2.8965188834154345,3.697439024390244
source_representative,plus__vina,trained_oof,1.0,205,909,2.8390243902439023,1.0,2.0,7.0,2.495269506628993,3.1842348927875244
source_representative,native__boltz_affinity,static_native_zero_local_labels,0.0,205,909,4.375609756097561,1.0,4.0,9.0,3.847288929939792,4.869383400254861
source_representative,native__boltz_binary,static_native_zero_local_labels,0.0,205,909,3.0097560975609756,1.0,2.0,7.0,2.65533185653114,3.3756754707443446
source_representative,native__boltzina_vina_far_affinity,static_native_zero_local_labels,0.0,205,909,4.443902439024391,1.0,4.0,9.0,3.9049084967320264,4.956961722488039
source_representative,native__boltzina_vina_far_binary,static_native_zero_local_labels,0.0,205,909,2.9560975609756097,1.0,2.0,7.0,2.6208339369606164,3.2989948453608244
source_representative,native__boltzina_vina_zero_affinity,static_native_zero_local_labels,0.0,205,909,4.443902439024391,1.0,4.0,9.0,3.9049084967320264,4.956961722488039
source_representative,native__boltzina_vina_zero_binary,static_native_zero_local_labels,0.0,205,909,2.9560975609756097,1.0,2.0,7.0,2.6208339369606164,3.2989948453608244
source_representative,native__gnina,static_native_zero_local_labels,0.0,205,909,4.424390243902439,1.0,4.0,9.0,3.9858439785140387,4.875611803696063
source_representative,native__nesso_affinity,static_native_zero_local_labels,0.0,205,909,4.5512195121951216,1.0,4.0,10.0,4.0183846329229365,5.093607642783983
source_representative,native__nesso_binary,static_native_zero_local_labels,0.0,205,909,3.8390243902439023,1.0,3.0,8.0,3.427227687734447,4.265096698113208
source_representative,native__raw_ad4,static_native_zero_local_labels,0.0,205,909,5.095121951219512,1.0,5.0,9.0,4.641667612024958,5.52086943069307
source_representative,native__raw_gnina_own,static_native_zero_local_labels,0.0,205,909,4.258536585365854,1.0,3.0,9.0,3.819490076518413,4.752428386042488
source_representative,native__vina,static_native_zero_local_labels,0.0,205,909,4.773170731707317,1.0,4.5,8.0,4.331644832166144,5.191059772250809
assay_envelope,target_prior,trained_oof,0.125,198,909,3.8585858585858586,1.0,3.0,8.0,3.4489713182570325,4.288570771733749
assay_envelope,target_prior,trained_oof,0.25,198,909,4.0353535353535355,1.0,3.0,8.0,3.6315723019670383,4.457721858686861
assay_envelope,target_prior,trained_oof,0.5,198,909,4.0353535353535355,1.0,3.0,9.0,3.6078256302521003,4.469132925591581
assay_envelope,target_prior,trained_oof,1.0,198,909,4.111111111111111,1.0,3.0,8.0,3.710656558909965,4.510150417215635
assay_envelope,chemistry,trained_oof,0.125,198,909,3.525252525252525,1.0,2.5,7.0,3.1510277609223305,3.9312042165445766
assay_envelope,chemistry,trained_oof,0.25,198,909,3.580808080808081,1.0,3.0,8.0,3.207729468599034,4.000128865979381
assay_envelope,chemistry,trained_oof,0.5,198,909,3.085858585858586,1.0,2.0,7.0,2.728006792434715,3.478061224489796
assay_envelope,chemistry,trained_oof,1.0,198,909,2.823232323232323,1.0,2.0,7.0,2.47691037735849,3.174365079365079
assay_envelope,calibrated__boltz_affinity,trained_oof,0.125,198,909,3.4696969696969697,1.0,3.0,8.0,3.0703171027551557,3.8889179755671894
assay_envelope,calibrated__boltz_affinity,trained_oof,0.25,198,909,3.5606060606060606,1.0,3.0,8.0,3.1526537615380925,4.016326274728336
assay_envelope,calibrated__boltz_affinity,trained_oof,0.5,198,909,3.3333333333333335,1.0,2.5,7.0,2.9374375,3.7619885982562025
assay_envelope,calibrated__boltz_affinity,trained_oof,1.0,198,909,3.297979797979798,1.0,2.0,7.0,2.9077532279051135,3.7305798111569928
assay_envelope,availability__boltz_affinity,trained_oof,0.125,198,909,3.525252525252525,1.0,2.5,7.0,3.1510277609223305,3.9312042165445766
assay_envelope,availability__boltz_affinity,trained_oof,0.25,198,909,3.580808080808081,1.0,3.0,8.0,3.207729468599034,4.000128865979381
assay_envelope,availability__boltz_affinity,trained_oof,0.5,198,909,3.085858585858586,1.0,2.0,7.0,2.728006792434715,3.478061224489796
assay_envelope,availability__boltz_affinity,trained_oof,1.0,198,909,2.823232323232323,1.0,2.0,7.0,2.47691037735849,3.174365079365079
assay_envelope,plus__boltz_affinity,trained_oof,0.125,198,909,3.282828282828283,1.0,2.0,8.0,2.879969696969697,3.71707827863619
assay_envelope,plus__boltz_affinity,trained_oof,0.25,198,909,3.313131313131313,1.0,2.0,8.0,2.8666494845360813,3.8069445915179747
assay_envelope,plus__boltz_affinity,trained_oof,0.5,198,909,2.914141414141414,1.0,2.0,8.0,2.4861959708691947,3.3613283917596175
assay_envelope,plus__boltz_affinity,trained_oof,1.0,198,909,2.9242424242424243,1.0,2.0,8.0,2.4973490932642495,3.3979604528378515
assay_envelope,calibrated__boltz_binary,trained_oof,0.125,198,909,3.717171717171717,1.0,3.0,8.0,3.3010180461073317,4.125031565656566
assay_envelope,calibrated__boltz_binary,trained_oof,0.25,198,909,3.6616161616161618,1.0,3.0,7.0,3.2799444444444448,4.066050627838631
assay_envelope,calibrated__boltz_binary,trained_oof,0.5,198,909,3.48989898989899,1.0,3.0,7.0,3.1392862420570413,3.8600686274509797
assay_envelope,calibrated__boltz_binary,trained_oof,1.0,198,909,3.474747474747475,1.0,3.0,7.0,3.1098881909547735,3.858540562036055
assay_envelope,availability__boltz_binary,trained_oof,0.125,198,909,3.525252525252525,1.0,2.5,7.0,3.1510277609223305,3.9312042165445766
assay_envelope,availability__boltz_binary,trained_oof,0.25,198,909,3.580808080808081,1.0,3.0,8.0,3.207729468599034,4.000128865979381
assay_envelope,availability__boltz_binary,trained_oof,0.5,198,909,3.085858585858586,1.0,2.0,7.0,2.728006792434715,3.478061224489796
assay_envelope,availability__boltz_binary,trained_oof,1.0,198,909,2.823232323232323,1.0,2.0,7.0,2.47691037735849,3.174365079365079
assay_envelope,plus__boltz_binary,trained_oof,0.125,198,909,3.4646464646464645,1.0,3.0,7.0,3.09179081632653,3.8821204188481677
assay_envelope,plus__boltz_binary,trained_oof,0.25,198,909,3.3282828282828283,1.0,2.0,8.0,2.9416413834951456,3.7474342105263148
assay_envelope,plus__boltz_binary,trained_oof,0.5,198,909,2.914141414141414,1.0,2.0,7.0,2.5734768907563024,3.2705229591836726
assay_envelope,plus__boltz_binary,trained_oof,1.0,198,909,2.7676767676767677,1.0,2.0,7.0,2.4466019417475735,3.1145937499999996
assay_envelope,calibrated__boltzina_vina_far_affinity,trained_oof,0.125,198,909,3.5656565656565657,1.0,3.0,8.0,3.177287847239856,3.9789634801288942
assay_envelope,calibrated__boltzina_vina_far_affinity,trained_oof,0.25,198,909,3.525252525252525,1.0,3.0,7.0,3.1230612244897955,3.9619767576318226
assay_envelope,calibrated__boltzina_vina_far_affinity,trained_oof,0.5,198,909,3.3434343434343434,1.0,3.0,7.0,2.9590619496529587,3.770008373205742
assay_envelope,calibrated__boltzina_vina_far_affinity,trained_oof,1.0,198,909,3.313131313131313,1.0,2.0,7.0,2.913019589106545,3.7488869863013696
assay_envelope,availability__boltzina_vina_far_affinity,trained_oof,0.125,198,909,3.5202020202020203,1.0,2.5,7.0,3.1470553387231672,3.925580145518685
assay_envelope,availability__boltzina_vina_far_affinity,trained_oof,0.25,198,909,3.5757575757575757,1.0,3.0,8.0,3.1990729503775617,4.000123762376237
assay_envelope,availability__boltzina_vina_far_affinity,trained_oof,0.5,198,909,3.085858585858586,1.0,2.0,7.0,2.7333179723502297,3.4745127969220477
assay_envelope,availability__boltzina_vina_far_affinity,trained_oof,1.0,198,909,2.808080808080808,1.0,2.0,7.0,2.4622460087082723,3.1604535706327983
assay_envelope,plus__boltzina_vina_far_affinity,trained_oof,0.125,198,909,3.4646464646464645,1.0,2.0,8.0,3.0397960691591543,3.9126629680998617
assay_envelope,plus__boltzina_vina_far_affinity,trained_oof,0.25,198,909,3.5656565656565657,1.0,2.0,8.0,3.1121546669793623,4.051374999999999
assay_envelope,plus__boltzina_vina_far_affinity,trained_oof,0.5,198,909,2.95959595959596,1.0,2.0,8.0,2.55990243902439,3.402141888225718
assay_envelope,plus__boltzina_vina_far_affinity,trained_oof,1.0,198,909,2.888888888888889,1.0,2.0,8.0,2.466658653846153,3.3396812982696247
assay_envelope,calibrated__boltzina_vina_far_binary,trained_oof,0.125,198,909,3.6565656565656566,1.0,3.0,8.0,3.2745075239398083,4.074039015826433
assay_envelope,calibrated__boltzina_vina_far_binary,trained_oof,0.25,198,909,3.595959595959596,1.0,3.0,8.0,3.210223880597015,4.014713235294118
assay_envelope,calibrated__boltzina_vina_far_binary,trained_oof,0.5,198,909,3.3636363636363638,1.0,3.0,7.0,3.0263089364035087,3.7087962962962964
assay_envelope,calibrated__boltzina_vina_far_binary,trained_oof,1.0,198,909,3.3333333333333335,1.0,3.0,7.0,2.9746160520045586,3.708125185625186
assay_envelope,availability__boltzina_vina_far_binary,trained_oof,0.125,198,909,3.5202020202020203,1.0,2.5,7.0,3.1470553387231672,3.925580145518685
assay_envelope,availability__boltzina_vina_far_binary,trained_oof,0.25,198,909,3.5757575757575757,1.0,3.0,8.0,3.1990729503775617,4.000123762376237
assay_envelope,availability__boltzina_vina_far_binary,trained_oof,0.5,198,909,3.085858585858586,1.0,2.0,7.0,2.7333179723502297,3.4745127969220477
assay_envelope,availability__boltzina_vina_far_binary,trained_oof,1.0,198,909,2.808080808080808,1.0,2.0,7.0,2.4622460087082723,3.1604535706327983
assay_envelope,plus__boltzina_vina_far_binary,trained_oof,0.125,198,909,3.484848484848485,1.0,3.0,7.0,3.1105624999999995,3.9194076169565952
assay_envelope,plus__boltzina_vina_far_binary,trained_oof,0.25,198,909,3.378787878787879,1.0,2.0,8.0,2.9849884020618553,3.8385674298128354
assay_envelope,plus__boltzina_vina_far_binary,trained_oof,0.5,198,909,2.9494949494949494,1.0,2.0,7.0,2.6030908408019484,3.32313179347826
assay_envelope,plus__boltzina_vina_far_binary,trained_oof,1.0,198,909,2.813131313131313,1.0,2.0,7.0,2.484519454605919,3.1756030764807357
assay_envelope,calibrated__boltzina_vina_zero_affinity,trained_oof,0.125,198,909,3.5656565656565657,1.0,3.0,8.0,3.177287847239856,3.9789634801288942
assay_envelope,calibrated__boltzina_vina_zero_affinity,trained_oof,0.25,198,909,3.525252525252525,1.0,3.0,7.0,3.1230612244897955,3.9619767576318226
assay_envelope,calibrated__boltzina_vina_zero_affinity,trained_oof,0.5,198,909,3.3434343434343434,1.0,3.0,7.0,2.9590619496529587,3.770008373205742
assay_envelope,calibrated__boltzina_vina_zero_affinity,trained_oof,1.0,198,909,3.313131313131313,1.0,2.0,7.0,2.913019589106545,3.7488869863013696
assay_envelope,availability__boltzina_vina_zero_affinity,trained_oof,0.125,198,909,3.5202020202020203,1.0,2.5,7.0,3.1470553387231672,3.925580145518685
assay_envelope,availability__boltzina_vina_zero_affinity,trained_oof,0.25,198,909,3.5757575757575757,1.0,3.0,8.0,3.1990729503775617,4.000123762376237
assay_envelope,availability__boltzina_vina_zero_affinity,trained_oof,0.5,198,909,3.085858585858586,1.0,2.0,7.0,2.7333179723502297,3.4745127969220477
assay_envelope,availability__boltzina_vina_zero_affinity,trained_oof,1.0,198,909,2.808080808080808,1.0,2.0,7.0,2.4622460087082723,3.1604535706327983
assay_envelope,plus__boltzina_vina_zero_affinity,trained_oof,0.125,198,909,3.4646464646464645,1.0,2.0,8.0,3.0397960691591543,3.9126629680998617
assay_envelope,plus__boltzina_vina_zero_affinity,trained_oof,0.25,198,909,3.5656565656565657,1.0,2.0,8.0,3.1121546669793623,4.051374999999999
assay_envelope,plus__boltzina_vina_zero_affinity,trained_oof,0.5,198,909,2.95959595959596,1.0,2.0,8.0,2.55990243902439,3.402141888225718
assay_envelope,plus__boltzina_vina_zero_affinity,trained_oof,1.0,198,909,2.888888888888889,1.0,2.0,8.0,2.466658653846153,3.3396812982696247
assay_envelope,calibrated__boltzina_vina_zero_binary,trained_oof,0.125,198,909,3.6565656565656566,1.0,3.0,8.0,3.2745075239398083,4.074039015826433
assay_envelope,calibrated__boltzina_vina_zero_binary,trained_oof,0.25,198,909,3.595959595959596,1.0,3.0,8.0,3.210223880597015,4.014713235294118
assay_envelope,calibrated__boltzina_vina_zero_binary,trained_oof,0.5,198,909,3.3636363636363638,1.0,3.0,7.0,3.0263089364035087,3.7087962962962964
assay_envelope,calibrated__boltzina_vina_zero_binary,trained_oof,1.0,198,909,3.3333333333333335,1.0,3.0,7.0,2.9746160520045586,3.708125185625186
assay_envelope,availability__boltzina_vina_zero_binary,trained_oof,0.125,198,909,3.5202020202020203,1.0,2.5,7.0,3.1470553387231672,3.925580145518685
assay_envelope,availability__boltzina_vina_zero_binary,trained_oof,0.25,198,909,3.5757575757575757,1.0,3.0,8.0,3.1990729503775617,4.000123762376237
assay_envelope,availability__boltzina_vina_zero_binary,trained_oof,0.5,198,909,3.085858585858586,1.0,2.0,7.0,2.7333179723502297,3.4745127969220477
assay_envelope,availability__boltzina_vina_zero_binary,trained_oof,1.0,198,909,2.808080808080808,1.0,2.0,7.0,2.4622460087082723,3.1604535706327983
assay_envelope,plus__boltzina_vina_zero_binary,trained_oof,0.125,198,909,3.484848484848485,1.0,3.0,7.0,3.1105624999999995,3.9194076169565952
assay_envelope,plus__boltzina_vina_zero_binary,trained_oof,0.25,198,909,3.378787878787879,1.0,2.0,8.0,2.9849884020618553,3.8385674298128354
assay_envelope,plus__boltzina_vina_zero_binary,trained_oof,0.5,198,909,2.9494949494949494,1.0,2.0,7.0,2.6030908408019484,3.32313179347826
assay_envelope,plus__boltzina_vina_zero_binary,trained_oof,1.0,198,909,2.813131313131313,1.0,2.0,7.0,2.484519454605919,3.1756030764807357
assay_envelope,calibrated__gnina,trained_oof,0.125,198,909,3.787878787878788,1.0,3.0,9.0,3.373670463472113,4.226334223239257
assay_envelope,calibrated__gnina,trained_oof,0.25,198,909,3.9242424242424243,1.0,3.0,8.300000000000011,3.5105552672548,4.383430156487151
assay_envelope,calibrated__gnina,trained_oof,0.5,198,909,3.8686868686868685,1.0,3.0,8.300000000000011,3.462647900394402,4.338495145631067
assay_envelope,calibrated__gnina,trained_oof,1.0,198,909,3.8383838383838382,1.0,3.0,8.300000000000011,3.4174534825245155,4.292827080500998
assay_envelope,availability__gnina,trained_oof,0.125,198,909,3.5202020202020203,1.0,2.5,7.0,3.1470553387231672,3.925580145518685
assay_envelope,availability__gnina,trained_oof,0.25,198,909,3.590909090909091,1.0,3.0,8.0,3.207727488714659,4.014858985898591
assay_envelope,availability__gnina,trained_oof,0.5,198,909,3.090909090909091,1.0,2.0,7.0,2.736799431009957,3.4845773765449675
assay_envelope,availability__gnina,trained_oof,1.0,198,909,2.823232323232323,1.0,2.0,7.0,2.47691037735849,3.174365079365079
assay_envelope,plus__gnina,trained_oof,0.125,198,909,3.4646464646464645,1.0,3.0,8.0,3.0494988538262686,3.9274797396040917
assay_envelope,plus__gnina,trained_oof,0.25,198,909,3.505050505050505,1.0,3.0,8.0,3.0806290322580656,3.9471684644670053
assay_envelope,plus__gnina,trained_oof,0.5,198,909,3.025252525252525,1.0,2.0,7.300000000000011,2.6189840499306523,3.4641456250888245
assay_envelope,plus__gnina,trained_oof,1.0,198,909,2.904040404040404,1.0,2.0,7.0,2.543557213930347,3.287931818181819
assay_envelope,calibrated__nesso_affinity,trained_oof,0.125,198,909,3.313131313131313,1.0,3.0,7.0,2.934631274931358,3.7106630088583654
assay_envelope,calibrated__nesso_affinity,trained_oof,0.25,198,909,3.3585858585858586,1.0,2.5,8.0,2.9468033464160297,3.7970800369510633
assay_envelope,calibrated__nesso_affinity,trained_oof,0.5,198,909,3.1515151515151514,1.0,2.0,7.0,2.7628800895553463,3.585133895818048
assay_envelope,calibrated__nesso_affinity,trained_oof,1.0,198,909,3.196969696969697,1.0,2.0,7.300000000000011,2.808114201142699,3.6413165152498377
assay_envelope,availability__nesso_affinity,trained_oof,0.125,198,909,3.5202020202020203,1.0,2.5,7.0,3.1470553387231672,3.925580145518685
assay_envelope,availability__nesso_affinity,trained_oof,0.25,198,909,3.590909090909091,1.0,3.0,8.0,3.207727488714659,4.014858985898591
assay_envelope,availability__nesso_affinity,trained_oof,0.5,198,909,3.090909090909091,1.0,2.0,7.0,2.736799431009957,3.4845773765449675
assay_envelope,availability__nesso_affinity,trained_oof,1.0,198,909,2.823232323232323,1.0,2.0,7.0,2.47691037735849,3.174365079365079
assay_envelope,plus__nesso_affinity,trained_oof,0.125,198,909,3.1464646464646466,1.0,2.0,7.0,2.785705574912893,3.5415297704447632
assay_envelope,plus__nesso_affinity,trained_oof,0.25,198,909,3.0303030303030303,1.0,2.0,7.0,2.648996074879227,3.4326997422680408
assay_envelope,plus__nesso_affinity,trained_oof,0.5,198,909,2.6818181818181817,1.0,1.0,6.300000000000011,2.3118647706607396,3.0896548027444246
assay_envelope,plus__nesso_affinity,trained_oof,1.0,198,909,2.712121212121212,1.0,2.0,7.0,2.3397630605640307,3.108698468123452
assay_envelope,calibrated__nesso_binary,trained_oof,0.125,198,909,3.717171717171717,1.0,3.0,8.0,3.2604062500000004,4.1479730753687605
assay_envelope,calibrated__nesso_binary,trained_oof,0.25,198,909,3.585858585858586,1.0,3.0,8.0,3.1715101809954755,3.989850266561233
assay_envelope,calibrated__nesso_binary,trained_oof,0.5,198,909,3.217171717171717,1.0,2.0,7.0,2.8340656297867324,3.6065675719761843
assay_envelope,calibrated__nesso_binary,trained_oof,1.0,198,909,3.2373737373737375,1.0,2.0,7.300000000000011,2.8249780150753763,3.6667112299465243
assay_envelope,availability__nesso_binary,trained_oof,0.125,198,909,3.5202020202020203,1.0,2.5,7.0,3.1470553387231672,3.925580145518685
assay_envelope,availability__nesso_binary,trained_oof,0.25,198,909,3.590909090909091,1.0,3.0,8.0,3.207727488714659,4.014858985898591
assay_envelope,availability__nesso_binary,trained_oof,0.5,198,909,3.090909090909091,1.0,2.0,7.0,2.736799431009957,3.4845773765449675
assay_envelope,availability__nesso_binary,trained_oof,1.0,198,909,2.823232323232323,1.0,2.0,7.0,2.47691037735849,3.174365079365079
assay_envelope,plus__nesso_binary,trained_oof,0.125,198,909,3.5303030303030303,1.0,3.0,8.0,3.118019627060068,3.94875
assay_envelope,plus__nesso_binary,trained_oof,0.25,198,909,3.388888888888889,1.0,2.0,8.0,2.9644624728063813,3.8179005456349193
assay_envelope,plus__nesso_binary,trained_oof,0.5,198,909,2.808080808080808,1.0,2.0,7.0,2.435194168340912,3.1871951511954144
assay_envelope,plus__nesso_binary,trained_oof,1.0,198,909,2.8535353535353534,1.0,2.0,7.0,2.4537013172966775,3.271866725507502
assay_envelope,calibrated__raw_ad4,trained_oof,0.125,198,909,3.8636363636363638,1.0,3.0,8.0,3.4461538461538455,4.312537741545894
assay_envelope,calibrated__raw_ad4,trained_oof,0.25,198,909,3.974747474747475,1.0,3.0,8.0,3.55822646476356,4.399109259517501
assay_envelope,calibrated__raw_ad4,trained_oof,0.5,198,909,3.893939393939394,1.0,3.0,8.300000000000011,3.4869798413212436,4.317089049796748
assay_envelope,calibrated__raw_ad4,trained_oof,1.0,198,909,3.9343434343434343,1.0,3.0,8.0,3.550480048004801,4.339808216557463
assay_envelope,availability__raw_ad4,trained_oof,0.125,198,909,3.5202020202020203,1.0,2.5,7.0,3.1470553387231672,3.925580145518685
assay_envelope,availability__raw_ad4,trained_oof,0.25,198,909,3.590909090909091,1.0,3.0,8.0,3.207727488714659,4.014858985898591
assay_envelope,availability__raw_ad4,trained_oof,0.5,198,909,3.090909090909091,1.0,2.0,7.0,2.736799431009957,3.4845773765449675
assay_envelope,availability__raw_ad4,trained_oof,1.0,198,909,2.823232323232323,1.0,2.0,7.0,2.47691037735849,3.174365079365079
assay_envelope,plus__raw_ad4,trained_oof,0.125,198,909,3.5454545454545454,1.0,2.0,8.0,3.1419506898313743,3.952038596880107
assay_envelope,plus__raw_ad4,trained_oof,0.25,198,909,3.4494949494949494,1.0,2.0,7.300000000000011,3.0672996411483258,3.8830002149151084
assay_envelope,plus__raw_ad4,trained_oof,0.5,198,909,2.8737373737373737,1.0,2.0,7.0,2.5485356808437243,3.2268554136533822
assay_envelope,plus__raw_ad4,trained_oof,1.0,198,909,2.803030303030303,1.0,2.0,7.0,2.46601108890158,3.1538563829787236
assay_envelope,calibrated__raw_gnina_own,trained_oof,0.125,198,909,3.6262626262626263,1.0,3.0,8.0,3.2699857512953363,4.035718864468865
assay_envelope,calibrated__raw_gnina_own,trained_oof,0.25,198,909,3.803030303030303,1.0,3.0,8.0,3.4210391363022947,4.206429737120677
assay_envelope,calibrated__raw_gnina_own,trained_oof,0.5,198,909,3.8686868686868685,1.0,3.0,8.0,3.4345401560802142,4.341505260640842
assay_envelope,calibrated__raw_gnina_own,trained_oof,1.0,198,909,3.707070707070707,1.0,3.0,8.0,3.3112189971682455,4.132694943649101
assay_envelope,availability__raw_gnina_own,trained_oof,0.125,198,909,3.5202020202020203,1.0,2.5,7.0,3.1470553387231672,3.925580145518685
assay_envelope,availability__raw_gnina_own,trained_oof,0.25,198,909,3.590909090909091,1.0,3.0,8.0,3.207727488714659,4.014858985898591
assay_envelope,availability__raw_gnina_own,trained_oof,0.5,198,909,3.090909090909091,1.0,2.0,7.0,2.736799431009957,3.4845773765449675
assay_envelope,availability__raw_gnina_own,trained_oof,1.0,198,909,2.823232323232323,1.0,2.0,7.0,2.47691037735849,3.174365079365079
assay_envelope,plus__raw_gnina_own,trained_oof,0.125,198,909,3.4696969696969697,1.0,2.0,8.0,3.085851158645277,3.886532446151735
assay_envelope,plus__raw_gnina_own,trained_oof,0.25,198,909,3.51010101010101,1.0,3.0,8.0,3.104935975609756,3.9348120582565858
assay_envelope,plus__raw_gnina_own,trained_oof,0.5,198,909,2.888888888888889,1.0,2.0,6.300000000000011,2.509992718446601,3.2914728344693764
assay_envelope,plus__raw_gnina_own,trained_oof,1.0,198,909,2.7222222222222223,1.0,2.0,6.300000000000011,2.3397742212783172,3.1313867845117853
assay_envelope,calibrated__vina,trained_oof,0.125,198,909,3.9545454545454546,1.0,3.0,8.0,3.523276638882632,4.410265700483092
assay_envelope,calibrated__vina,trained_oof,0.25,198,909,4.1767676767676765,1.0,3.0,9.0,3.707310914018232,4.656973434535103
assay_envelope,calibrated__vina,trained_oof,0.5,198,909,4.05050505050505,1.0,3.0,9.0,3.629776315789473,4.492805916629314
assay_envelope,calibrated__vina,trained_oof,1.0,198,909,4.146464646464646,1.0,3.0,8.0,3.7611692811452944,4.571428571428571
assay_envelope,availability__vina,trained_oof,0.125,198,909,3.5202020202020203,1.0,2.5,7.0,3.1470553387231672,3.925580145518685
assay_envelope,availability__vina,trained_oof,0.25,198,909,3.590909090909091,1.0,3.0,8.0,3.207727488714659,4.014858985898591
assay_envelope,availability__vina,trained_oof,0.5,198,909,3.090909090909091,1.0,2.0,7.0,2.736799431009957,3.4845773765449675
assay_envelope,availability__vina,trained_oof,1.0,198,909,2.823232323232323,1.0,2.0,7.0,2.47691037735849,3.174365079365079
assay_envelope,plus__vina,trained_oof,0.125,198,909,3.4797979797979797,1.0,3.0,7.0,3.107304049254085,3.861601941747572
assay_envelope,plus__vina,trained_oof,0.25,198,909,3.474747474747475,1.0,3.0,8.0,3.087543407487791,3.8743928515888237
assay_envelope,plus__vina,trained_oof,0.5,198,909,2.7626262626262625,1.0,2.0,6.300000000000011,2.4374779929577466,3.111744626014477
assay_envelope,plus__vina,trained_oof,1.0,198,909,2.7323232323232323,1.0,2.0,7.0,2.404311945968763,3.065050257731958
assay_envelope,native__boltz_affinity,static_native_zero_local_labels,0.0,198,909,4.313131313131313,1.0,3.5,9.0,3.7692118226600986,4.850534628601639
assay_envelope,native__boltz_binary,static_native_zero_local_labels,0.0,198,909,2.8838383838383836,1.0,2.0,7.0,2.5485436893203897,3.245028846153846
assay_envelope,native__boltzina_vina_far_affinity,static_native_zero_local_labels,0.0,198,909,4.3686868686868685,1.0,3.5,9.0,3.860679104477612,4.892870739666425
assay_envelope,native__boltzina_vina_far_binary,static_native_zero_local_labels,0.0,198,909,2.8333333333333335,1.0,2.0,6.0,2.519015591007977,3.184308233454924
assay_envelope,native__boltzina_vina_zero_affinity,static_native_zero_local_labels,0.0,198,909,4.3686868686868685,1.0,3.5,9.0,3.860679104477612,4.892870739666425
assay_envelope,native__boltzina_vina_zero_binary,static_native_zero_local_labels,0.0,198,909,2.8333333333333335,1.0,2.0,6.0,2.519015591007977,3.184308233454924
assay_envelope,native__gnina,static_native_zero_local_labels,0.0,198,909,4.388888888888889,1.0,4.0,9.0,3.9571803956692393,4.839446413962367
assay_envelope,native__nesso_affinity,static_native_zero_local_labels,0.0,198,909,4.47979797979798,1.0,3.0,9.300000000000011,3.965187230261488,5.042594717990111
assay_envelope,native__nesso_binary,static_native_zero_local_labels,0.0,198,909,3.7525252525252526,1.0,3.0,8.0,3.324869825736564,4.160441502543367
assay_envelope,native__raw_ad4,static_native_zero_local_labels,0.0,198,909,5.032828282828283,1.0,5.0,9.0,4.572136405197972,5.502628205128205
assay_envelope,native__raw_gnina_own,static_native_zero_local_labels,0.0,198,909,4.222222222222222,1.0,3.0,9.0,3.759344180797034,4.716509303495097
assay_envelope,native__vina,static_native_zero_local_labels,0.0,198,909,4.782828282828283,1.0,4.5,8.0,4.352452959702817,5.197049419261536
