dataset,policy,fraction,method,stratum,queries,evaluable_queries,unavailable_queries,eligible_pairs,pairs,credit,macro_concordance,pooled_concordance,labels,exact_labels,error_queries,exact_error_queries,macro_interval_mae,pooled_interval_mae,macro_exact_mae,pooled_exact_mae
DAVIS,exact_identity,0.125,target_prior,all_determinate,47,47,0,1850556,1850556,1256880.0,0.6722971308833562,0.6791904703235135,20774,5249,47,47,0.5146718300124768,0.5146718300124768,1.0353553228098666,1.0629700784142109
DAVIS,exact_identity,0.125,target_prior,both_exact,47,47,0,458903,458903,274274.0,0.5786813521926772,0.5976731466126829,,,,,,,,
DAVIS,exact_identity,0.125,target_prior,one_bounded,47,47,0,1391653,1391653,982606.0,0.6877908700362844,0.7060711254888971,,,,,,,,
DAVIS,exact_identity,0.125,target_prior,both_bounded,47,0,0,0,0,0.0,,,,,,,,,,
DAVIS,exact_identity,0.125,chemistry,all_determinate,47,47,0,1850556,1850556,1268682.5,0.6782085745322245,0.6855682832618953,20774,5249,47,47,0.5006345979600009,0.5006345979600009,1.0008404464472684,1.0327670064473162
DAVIS,exact_identity,0.125,chemistry,both_exact,47,47,0,458903,458903,274663.5,0.5829388917877614,0.5985219098589463,,,,,,,,
DAVIS,exact_identity,0.125,chemistry,one_bounded,47,47,0,1391653,1391653,994019.0,0.6945017934904996,0.714272164109875,,,,,,,,
DAVIS,exact_identity,0.125,chemistry,both_bounded,47,0,0,0,0,0.0,,,,,,,,,,
DAVIS,exact_identity,0.125,calibrated__boltz_affinity,all_determinate,47,47,0,1850556,1850556,1312340.0,0.7072355637806215,0.7091598416908216,20774,5249,47,47,0.4549479331983234,0.45494793319832333,0.9696896929890956,0.9953201757518757
DAVIS,exact_identity,0.125,calibrated__boltz_affinity,both_exact,47,47,0,458903,458903,288190.0,0.6294879261690987,0.6279976378450348,,,,,,,,
DAVIS,exact_identity,0.125,calibrated__boltz_affinity,one_bounded,47,47,0,1391653,1391653,1024150.0,0.7222669784783922,0.7359233946968102,,,,,,,,
DAVIS,exact_identity,0.125,calibrated__boltz_affinity,both_bounded,47,0,0,0,0,0.0,,,,,,,,,,
DAVIS,exact_identity,0.125,availability__boltz_affinity,all_determinate,47,47,0,1850556,1850556,1268682.5,0.6782085745322245,0.6855682832618953,20774,5249,47,47,0.5006345764526308,0.5006345764526305,1.0008404785087257,1.032767045168246
DAVIS,exact_identity,0.125,availability__boltz_affinity,both_exact,47,47,0,458903,458903,274663.5,0.5829388917877614,0.5985219098589463,,,,,,,,
DAVIS,exact_identity,0.125,availability__boltz_affinity,one_bounded,47,47,0,1391653,1391653,994019.0,0.6945017934904996,0.714272164109875,,,,,,,,
DAVIS,exact_identity,0.125,availability__boltz_affinity,both_bounded,47,0,0,0,0,0.0,,,,,,,,,,
DAVIS,exact_identity,0.125,plus__boltz_affinity,all_determinate,47,47,0,1850556,1850556,1309003.0,0.7052438033138465,0.7073565998543141,20774,5249,47,47,0.4434194670234437,0.44341946702344365,0.930667461870055,0.9386704971381052
DAVIS,exact_identity,0.125,plus__boltz_affinity,both_exact,47,47,0,458903,458903,288621.0,0.628569872267045,0.6289368341457781,,,,,,,,
DAVIS,exact_identity,0.125,plus__boltz_affinity,one_bounded,47,47,0,1391653,1391653,1020382.0,0.7202079201707866,0.7332158231973056,,,,,,,,
DAVIS,exact_identity,0.125,plus__boltz_affinity,both_bounded,47,0,0,0,0,0.0,,,,,,,,,,
DAVIS,exact_identity,0.125,calibrated__boltz_binder,all_determinate,47,47,0,1850556,1850556,1369391.0,0.7543665635747567,0.7399889546709205,20774,5249,47,47,0.4428493253182042,0.44284932531820415,1.0071223425654534,1.0286484873363635
DAVIS,exact_identity,0.125,calibrated__boltz_binder,both_exact,47,47,0,458903,458903,287851.0,0.6320312138327178,0.6272589196409699,,,,,,,,
DAVIS,exact_identity,0.125,calibrated__boltz_binder,one_bounded,47,47,0,1391653,1391653,1081540.0,0.7741899206596596,0.7771621230292322,,,,,,,,
DAVIS,exact_identity,0.125,calibrated__boltz_binder,both_bounded,47,0,0,0,0,0.0,,,,,,,,,,
DAVIS,exact_identity,0.125,availability__boltz_binder,all_determinate,47,47,0,1850556,1850556,1268682.5,0.6782085745322245,0.6855682832618953,20774,5249,47,47,0.5006345764526308,0.5006345764526305,1.0008404785087257,1.032767045168246
DAVIS,exact_identity,0.125,availability__boltz_binder,both_exact,47,47,0,458903,458903,274663.5,0.5829388917877614,0.5985219098589463,,,,,,,,
DAVIS,exact_identity,0.125,availability__boltz_binder,one_bounded,47,47,0,1391653,1391653,994019.0,0.6945017934904996,0.714272164109875,,,,,,,,
DAVIS,exact_identity,0.125,availability__boltz_binder,both_bounded,47,0,0,0,0,0.0,,,,,,,,,,
DAVIS,exact_identity,0.125,plus__boltz_binder,all_determinate,47,47,0,1850556,1850556,1365893.0,0.7535153114978824,0.7380987119546774,20774,5249,47,47,0.4080306875618632,0.40803068756186334,0.905836389722329,0.9252539860861156
DAVIS,exact_identity,0.125,plus__boltz_binder,both_exact,47,47,0,458903,458903,289364.0,0.6313762557882767,0.6305559126874307,,,,,,,,
DAVIS,exact_identity,0.125,plus__boltz_binder,one_bounded,47,47,0,1391653,1391653,1076529.0,0.7724453682778286,0.7735613691056606,,,,,,,,
DAVIS,exact_identity,0.125,plus__boltz_binder,both_bounded,47,0,0,0,0,0.0,,,,,,,,,,
DAVIS,exact_identity,0.125,representation_readout,all_determinate,47,47,0,1850556,1850556,1352855.0,0.7253343888452645,0.7310532618304985,20774,5249,47,47,0.9668231578605916,0.9668231578605911,1.7357939143307337,1.7092930197354161
DAVIS,exact_identity,0.125,representation_readout,both_exact,47,47,0,458903,458903,295985.0,0.6477401938114686,0.6449837983190347,,,,,,,,
DAVIS,exact_identity,0.125,representation_readout,one_bounded,47,47,0,1391653,1391653,1056870.0,0.743136247474538,0.7594350028347584,,,,,,,,
DAVIS,exact_identity,0.125,representation_readout,both_bounded,47,0,0,0,0,0.0,,,,,,,,,,
DAVIS,exact_identity,0.125,representation_plus_chemistry,all_determinate,47,47,0,1850556,1850556,1350758.0,0.7225794436105532,0.7299200888813956,20774,5249,47,47,0.8805056836593544,0.8805056836593541,1.6114853334295562,1.5204849247457788
DAVIS,exact_identity,0.125,representation_plus_chemistry,both_exact,47,47,0,458903,458903,296060.0,0.6480021434509502,0.6451472315500225,,,,,,,,
DAVIS,exact_identity,0.125,representation_plus_chemistry,one_bounded,47,47,0,1391653,1391653,1054698.0,0.7402127576334822,0.7578742689449166,,,,,,,,
DAVIS,exact_identity,0.125,representation_plus_chemistry,both_bounded,47,0,0,0,0,0.0,,,,,,,,,,
DAVIS,exact_identity,0.125,representation_pca4_readout,all_determinate,47,47,0,1850556,1850556,1442881.0,0.7891135527452281,0.7797013438123461,20774,5249,47,47,0.39313367061456844,0.3931336706145686,0.8592263770226312,0.8100035568366682
DAVIS,exact_identity,0.125,representation_pca4_readout,both_exact,47,47,0,458903,458903,304621.0,0.6672202653968425,0.6638025900898447,,,,,,,,
DAVIS,exact_identity,0.125,representation_pca4_readout,one_bounded,47,47,0,1391653,1391653,1138260.0,0.8104656056519048,0.8179194095079736,,,,,,,,
DAVIS,exact_identity,0.125,representation_pca4_readout,both_bounded,47,0,0,0,0,0.0,,,,,,,,,,
DAVIS,exact_identity,0.125,scalar_members_readout,all_determinate,47,47,0,1850556,1850556,1441404.0,0.7888750721397105,0.7789032053069456,20774,5249,47,47,0.39668785443085075,0.39668785443085075,0.8094638200612161,0.789628768649902
DAVIS,exact_identity,0.125,scalar_members_readout,both_exact,47,47,0,458903,458903,306130.0,0.6743412151903527,0.6670908666973194,,,,,,,,
DAVIS,exact_identity,0.125,scalar_members_readout,one_bounded,47,47,0,1391653,1391653,1135274.0,0.81090157514401,0.8157737596944066,,,,,,,,
DAVIS,exact_identity,0.125,scalar_members_readout,both_bounded,47,0,0,0,0,0.0,,,,,,,,,,
DAVIS,exact_identity,0.125,native__boltz_affinity,all_determinate,47,47,0,1850556,1850556,1299602.5,0.6951388290517139,0.7022767751962113,,,,,,,,
DAVIS,exact_identity,0.125,native__boltz_affinity,both_exact,47,47,0,458903,458903,291573.0,0.642970350823289,0.6353695661174584,,,,,,,,
DAVIS,exact_identity,0.125,native__boltz_affinity,one_bounded,47,47,0,1391653,1391653,1008029.5,0.7110510218649173,0.7243396881262786,,,,,,,,
DAVIS,exact_identity,0.125,native__boltz_affinity,both_bounded,47,0,0,0,0,0.0,,,,,,,,,,
DAVIS,exact_identity,0.125,native__boltz_binder,all_determinate,47,47,0,1850556,1850556,1405777.0,0.7742115823390078,0.759651153491167,,,,,,,,
DAVIS,exact_identity,0.125,native__boltz_binder,both_exact,47,47,0,458903,458903,295672.0,0.6313250689820991,0.6443017369683789,,,,,,,,
DAVIS,exact_identity,0.125,native__boltz_binder,one_bounded,47,47,0,1391653,1391653,1110105.0,0.7977560904361948,0.7976880731044305,,,,,,,,
DAVIS,exact_identity,0.125,native__boltz_binder,both_bounded,47,0,0,0,0,0.0,,,,,,,,,,
DAVIS,exact_identity,0.25,target_prior,all_determinate,47,47,0,1850556,1850556,1282701.5,0.6937891304351068,0.6931438443365129,20774,5249,47,47,0.4758903141699478,0.47589031416994787,1.0351660648381746,1.0585382886112709
DAVIS,exact_identity,0.25,target_prior,both_exact,47,47,0,458903,458903,279093.0,0.5793005174322733,0.6081742764810865,,,,,,,,
DAVIS,exact_identity,0.25,target_prior,one_bounded,47,47,0,1391653,1391653,1003608.5,0.7099421823211184,0.7211628904619183,,,,,,,,
DAVIS,exact_identity,0.25,target_prior,both_bounded,47,0,0,0,0,0.0,,,,,,,,,,
DAVIS,exact_identity,0.25,chemistry,all_determinate,47,47,0,1850556,1850556,1296968.5,0.7018047522510734,0.7008534191886114,20774,5249,47,47,0.47547937520772,0.4754793752077198,1.0000346281906423,1.040191596778195
DAVIS,exact_identity,0.25,chemistry,both_exact,47,47,0,458903,458903,280314.5,0.5888992673067891,0.6108360590364412,,,,,,,,
DAVIS,exact_identity,0.25,chemistry,one_bounded,47,47,0,1391653,1391653,1016654.0,0.7190678192621605,0.7305369944950357,,,,,,,,
DAVIS,exact_identity,0.25,chemistry,both_bounded,47,0,0,0,0,0.0,,,,,,,,,,
DAVIS,exact_identity,0.25,calibrated__boltz_affinity,all_determinate,47,47,0,1850556,1850556,1354849.0,0.73650809857069,0.732130775831696,20774,5249,47,47,0.4448161797711545,0.4448161797711545,0.9933336047656988,0.9579660613182561
DAVIS,exact_identity,0.25,calibrated__boltz_affinity,both_exact,47,47,0,458903,458903,291502.0,0.6257519798126495,0.6352148493254566,,,,,,,,
DAVIS,exact_identity,0.25,calibrated__boltz_affinity,one_bounded,47,47,0,1391653,1391653,1063347.0,0.7551706122465481,0.7640891802769799,,,,,,,,
DAVIS,exact_identity,0.25,calibrated__boltz_affinity,both_bounded,47,0,0,0,0,0.0,,,,,,,,,,
DAVIS,exact_identity,0.25,availability__boltz_affinity,all_determinate,47,47,0,1850556,1850556,1296968.5,0.7018047522510734,0.7008534191886114,20774,5249,47,47,0.4754793752073927,0.47547937520739253,1.000034628191384,1.040191596779016
DAVIS,exact_identity,0.25,availability__boltz_affinity,both_exact,47,47,0,458903,458903,280314.5,0.5888992673067891,0.6108360590364412,,,,,,,,
DAVIS,exact_identity,0.25,availability__boltz_affinity,one_bounded,47,47,0,1391653,1391653,1016654.0,0.7190678192621605,0.7305369944950357,,,,,,,,
DAVIS,exact_identity,0.25,availability__boltz_affinity,both_bounded,47,0,0,0,0,0.0,,,,,,,,,,
DAVIS,exact_identity,0.25,plus__boltz_affinity,all_determinate,47,47,0,1850556,1850556,1353053.0,0.7335502513670102,0.7311602567012293,20774,5249,47,47,0.4175695663860905,0.41756956638609044,0.9425853007975025,0.9098850261495595
DAVIS,exact_identity,0.25,plus__boltz_affinity,both_exact,47,47,0,458903,458903,292312.0,0.6381150427191061,0.636979928220125,,,,,,,,
DAVIS,exact_identity,0.25,plus__boltz_affinity,one_bounded,47,47,0,1391653,1391653,1060741.0,0.7517604337502186,0.7622165870371421,,,,,,,,
DAVIS,exact_identity,0.25,plus__boltz_affinity,both_bounded,47,0,0,0,0,0.0,,,,,,,,,,
DAVIS,exact_identity,0.25,calibrated__boltz_binder,all_determinate,47,47,0,1850556,1850556,1413447.0,0.7819449226927341,0.7637958537866457,20774,5249,47,47,0.3970547107672038,0.3970547107672037,0.9210688677067952,0.9372808157552279
DAVIS,exact_identity,0.25,calibrated__boltz_binder,both_exact,47,47,0,458903,458903,291954.0,0.6431759652058734,0.6361998069308764,,,,,,,,
DAVIS,exact_identity,0.25,calibrated__boltz_binder,one_bounded,47,47,0,1391653,1391653,1121493.0,0.805598810667275,0.805871147477137,,,,,,,,
DAVIS,exact_identity,0.25,calibrated__boltz_binder,both_bounded,47,0,0,0,0,0.0,,,,,,,,,,
DAVIS,exact_identity,0.25,availability__boltz_binder,all_determinate,47,47,0,1850556,1850556,1296968.5,0.7018047522510734,0.7008534191886114,20774,5249,47,47,0.4754793752073927,0.47547937520739253,1.000034628191384,1.040191596779016
DAVIS,exact_identity,0.25,availability__boltz_binder,both_exact,47,47,0,458903,458903,280314.5,0.5888992673067891,0.6108360590364412,,,,,,,,
DAVIS,exact_identity,0.25,availability__boltz_binder,one_bounded,47,47,0,1391653,1391653,1016654.0,0.7190678192621605,0.7305369944950357,,,,,,,,
DAVIS,exact_identity,0.25,availability__boltz_binder,both_bounded,47,0,0,0,0,0.0,,,,,,,,,,
DAVIS,exact_identity,0.25,plus__boltz_binder,all_determinate,47,47,0,1850556,1850556,1409961.0,0.7778263551538754,0.7619120956080226,20774,5249,47,47,0.39399081968071864,0.39399081968071875,0.9001395018506588,0.9126538770665628
DAVIS,exact_identity,0.25,plus__boltz_binder,both_exact,47,47,0,458903,458903,293492.0,0.6517360444415012,0.6395512777209998,,,,,,,,
DAVIS,exact_identity,0.25,plus__boltz_binder,one_bounded,47,47,0,1391653,1391653,1116469.0,0.8004948190250276,0.8022610521444642,,,,,,,,
DAVIS,exact_identity,0.25,plus__boltz_binder,both_bounded,47,0,0,0,0,0.0,,,,,,,,,,
DAVIS,exact_identity,0.25,representation_readout,all_determinate,47,47,0,1850556,1850556,1425356.0,0.7671155430783401,0.7702312169964054,20774,5249,47,47,0.540334301811787,0.540334301811787,1.031004584287123,1.002871577311285
DAVIS,exact_identity,0.25,representation_readout,both_exact,47,47,0,458903,458903,308482.0,0.6645931683566567,0.6722161328210973,,,,,,,,
DAVIS,exact_identity,0.25,representation_readout,one_bounded,47,47,0,1391653,1391653,1116874.0,0.7870088060617891,0.802552072966465,,,,,,,,
DAVIS,exact_identity,0.25,representation_readout,both_bounded,47,0,0,0,0,0.0,,,,,,,,,,
DAVIS,exact_identity,0.25,representation_plus_chemistry,all_determinate,47,47,0,1850556,1850556,1416145.0,0.7598799373842727,0.7652537939948859,20774,5249,47,47,0.5486465281155988,0.5486465281155987,1.0660102421584134,1.0236241705654816
DAVIS,exact_identity,0.25,representation_plus_chemistry,both_exact,47,47,0,458903,458903,307294.0,0.6591945438058693,0.6696273504422503,,,,,,,,
DAVIS,exact_identity,0.25,representation_plus_chemistry,one_bounded,47,47,0,1391653,1391653,1108851.0,0.7798188775923358,0.796786986411124,,,,,,,,
DAVIS,exact_identity,0.25,representation_plus_chemistry,both_bounded,47,0,0,0,0,0.0,,,,,,,,,,
DAVIS,exact_identity,0.25,representation_pca4_readout,all_determinate,47,47,0,1850556,1850556,1485326.0,0.8161226316292033,0.8026376937525803,20774,5249,47,47,0.36008346595332913,0.36008346595332924,0.81071513247456,0.7540053934079851
DAVIS,exact_identity,0.25,representation_pca4_readout,both_exact,47,47,0,458903,458903,312174.0,0.6743809777037952,0.6802614060051907,,,,,,,,
DAVIS,exact_identity,0.25,representation_pca4_readout,one_bounded,47,47,0,1391653,1391653,1173152.0,0.8401181822788091,0.8429917515357636,,,,,,,,
DAVIS,exact_identity,0.25,representation_pca4_readout,both_bounded,47,0,0,0,0,0.0,,,,,,,,,,
DAVIS,exact_identity,0.25,scalar_members_readout,all_determinate,47,47,0,1850556,1850556,1458925.0,0.8039072334994234,0.7883711706103463,20774,5249,47,47,0.37487823165451567,0.3748782316545158,0.8323298956551782,0.8082842618288052
DAVIS,exact_identity,0.25,scalar_members_readout,both_exact,47,47,0,458903,458903,308554.0,0.6749655218920779,0.6723730287228455,,,,,,,,
DAVIS,exact_identity,0.25,scalar_members_readout,one_bounded,47,47,0,1391653,1391653,1150371.0,0.826209853623317,0.8266220099406965,,,,,,,,
DAVIS,exact_identity,0.25,scalar_members_readout,both_bounded,47,0,0,0,0,0.0,,,,,,,,,,
DAVIS,exact_identity,0.25,native__boltz_affinity,all_determinate,47,47,0,1850556,1850556,1299602.5,0.6951388290517139,0.7022767751962113,,,,,,,,
DAVIS,exact_identity,0.25,native__boltz_affinity,both_exact,47,47,0,458903,458903,291573.0,0.642970350823289,0.6353695661174584,,,,,,,,
DAVIS,exact_identity,0.25,native__boltz_affinity,one_bounded,47,47,0,1391653,1391653,1008029.5,0.7110510218649173,0.7243396881262786,,,,,,,,
DAVIS,exact_identity,0.25,native__boltz_affinity,both_bounded,47,0,0,0,0,0.0,,,,,,,,,,
DAVIS,exact_identity,0.25,native__boltz_binder,all_determinate,47,47,0,1850556,1850556,1405777.0,0.7742115823390078,0.759651153491167,,,,,,,,
DAVIS,exact_identity,0.25,native__boltz_binder,both_exact,47,47,0,458903,458903,295672.0,0.6313250689820991,0.6443017369683789,,,,,,,,
DAVIS,exact_identity,0.25,native__boltz_binder,one_bounded,47,47,0,1391653,1391653,1110105.0,0.7977560904361948,0.7976880731044305,,,,,,,,
DAVIS,exact_identity,0.25,native__boltz_binder,both_bounded,47,0,0,0,0,0.0,,,,,,,,,,
DAVIS,exact_identity,0.5,target_prior,all_determinate,47,47,0,1850556,1850556,1314654.5,0.708618122679806,0.7104105468842877,20774,5249,47,47,0.4806369062579435,0.4806369062579435,1.035391207200952,1.0604131377588333
DAVIS,exact_identity,0.5,target_prior,both_exact,47,47,0,458903,458903,283122.5,0.5775785466582039,0.6169549992046249,,,,,,,,
DAVIS,exact_identity,0.5,target_prior,one_bounded,47,47,0,1391653,1391653,1031532.0,0.7273284834353186,0.7412278779264658,,,,,,,,
DAVIS,exact_identity,0.5,target_prior,both_bounded,47,0,0,0,0,0.0,,,,,,,,,,
DAVIS,exact_identity,0.5,chemistry,all_determinate,47,47,0,1850556,1850556,1327764.5,0.7149552570091909,0.7174949042341869,20774,5249,47,47,0.47067227174082715,0.47067227174082704,1.0107025499160829,1.0411989253222353
DAVIS,exact_identity,0.5,chemistry,both_exact,47,47,0,458903,458903,284741.5,0.5848588471642228,0.6204829778842151,,,,,,,,
DAVIS,exact_identity,0.5,chemistry,one_bounded,47,47,0,1391653,1391653,1043023.0,0.7347555267596908,0.7494849650020515,,,,,,,,
DAVIS,exact_identity,0.5,chemistry,both_bounded,47,0,0,0,0,0.0,,,,,,,,,,
DAVIS,exact_identity,0.5,calibrated__boltz_affinity,all_determinate,47,47,0,1850556,1850556,1403287.0,0.7626103505804095,0.7583056119350077,20774,5249,47,47,0.40802616136470876,0.40802616136470876,0.9519073690301998,0.9414694215183275
DAVIS,exact_identity,0.5,calibrated__boltz_affinity,both_exact,47,47,0,458903,458903,299834.0,0.6554312629095389,0.6533711917333292,,,,,,,,
DAVIS,exact_identity,0.5,calibrated__boltz_affinity,one_bounded,47,47,0,1391653,1391653,1103453.0,0.7838121143517549,0.7929081459243073,,,,,,,,
DAVIS,exact_identity,0.5,calibrated__boltz_affinity,both_bounded,47,0,0,0,0,0.0,,,,,,,,,,
DAVIS,exact_identity,0.5,availability__boltz_affinity,all_determinate,47,47,0,1850556,1850556,1327764.5,0.7149552570091909,0.7174949042341869,20774,5249,47,47,0.4706722717408272,0.47067227174082704,1.0107025499160827,1.0411989253222353
DAVIS,exact_identity,0.5,availability__boltz_affinity,both_exact,47,47,0,458903,458903,284741.5,0.5848588471642228,0.6204829778842151,,,,,,,,
DAVIS,exact_identity,0.5,availability__boltz_affinity,one_bounded,47,47,0,1391653,1391653,1043023.0,0.7347555267596908,0.7494849650020515,,,,,,,,
DAVIS,exact_identity,0.5,availability__boltz_affinity,both_bounded,47,0,0,0,0,0.0,,,,,,,,,,
DAVIS,exact_identity,0.5,plus__boltz_affinity,all_determinate,47,47,0,1850556,1850556,1395111.0,0.7576142406618416,0.753887480303217,20774,5249,47,47,0.4132214056719433,0.4132214056719435,0.9522297382487099,0.9392156046070422
DAVIS,exact_identity,0.5,plus__boltz_affinity,both_exact,47,47,0,458903,458903,299068.0,0.6608623487390608,0.651701993667507,,,,,,,,
DAVIS,exact_identity,0.5,plus__boltz_affinity,one_bounded,47,47,0,1391653,1391653,1096043.0,0.778166699430836,0.7875835427365874,,,,,,,,
DAVIS,exact_identity,0.5,plus__boltz_affinity,both_bounded,47,0,0,0,0,0.0,,,,,,,,,,
DAVIS,exact_identity,0.5,calibrated__boltz_binder,all_determinate,47,47,0,1850556,1850556,1451754.0,0.8052363023519742,0.7844961190042344,20774,5249,47,47,0.38673331707908376,0.38673331707908387,0.8897029124079484,0.903941829378734
DAVIS,exact_identity,0.5,calibrated__boltz_binder,both_exact,47,47,0,458903,458903,298705.0,0.652606001159097,0.650910976829526,,,,,,,,
DAVIS,exact_identity,0.5,calibrated__boltz_binder,one_bounded,47,47,0,1391653,1391653,1153049.0,0.8303272365502334,0.8285463402155566,,,,,,,,
DAVIS,exact_identity,0.5,calibrated__boltz_binder,both_bounded,47,0,0,0,0,0.0,,,,,,,,,,
DAVIS,exact_identity,0.5,availability__boltz_binder,all_determinate,47,47,0,1850556,1850556,1327764.5,0.7149552570091909,0.7174949042341869,20774,5249,47,47,0.4706722717408272,0.47067227174082704,1.0107025499160827,1.0411989253222353
DAVIS,exact_identity,0.5,availability__boltz_binder,both_exact,47,47,0,458903,458903,284741.5,0.5848588471642228,0.6204829778842151,,,,,,,,
DAVIS,exact_identity,0.5,availability__boltz_binder,one_bounded,47,47,0,1391653,1391653,1043023.0,0.7347555267596908,0.7494849650020515,,,,,,,,
DAVIS,exact_identity,0.5,availability__boltz_binder,both_bounded,47,0,0,0,0,0.0,,,,,,,,,,
DAVIS,exact_identity,0.5,plus__boltz_binder,all_determinate,47,47,0,1850556,1850556,1453721.0,0.8019936104235081,0.7855590427957868,20774,5249,47,47,0.3534695585553748,0.3534695585553748,0.8621698986840667,0.8597786687233969
DAVIS,exact_identity,0.5,plus__boltz_binder,both_exact,47,47,0,458903,458903,300521.0,0.6620794009004471,0.6548682401291777,,,,,,,,
DAVIS,exact_identity,0.5,plus__boltz_binder,one_bounded,47,47,0,1391653,1391653,1153200.0,0.8264338708635787,0.8286548442751175,,,,,,,,
DAVIS,exact_identity,0.5,plus__boltz_binder,both_bounded,47,0,0,0,0,0.0,,,,,,,,,,
DAVIS,exact_identity,0.5,representation_readout,all_determinate,47,47,0,1850556,1850556,1471257.0,0.7992009978628989,0.7950351137712125,20774,5249,47,47,0.48421947399360665,0.4842194739936068,1.0843846949431404,0.9906279063431602
DAVIS,exact_identity,0.5,representation_readout,both_exact,47,47,0,458903,458903,310960.0,0.6641009807658009,0.6776159667729346,,,,,,,,
DAVIS,exact_identity,0.5,representation_readout,one_bounded,47,47,0,1391653,1391653,1160297.0,0.8226605377327615,0.8337545350744762,,,,,,,,
DAVIS,exact_identity,0.5,representation_readout,both_bounded,47,0,0,0,0,0.0,,,,,,,,,,
DAVIS,exact_identity,0.5,representation_plus_chemistry,all_determinate,47,47,0,1850556,1850556,1470270.0,0.7981958313720513,0.7945017605519639,20774,5249,47,47,0.4771394793509423,0.4771394793509424,1.0615540127999186,0.9664368362458948
DAVIS,exact_identity,0.5,representation_plus_chemistry,both_exact,47,47,0,458903,458903,310531.0,0.6682450016096871,0.6766811286916843,,,,,,,,
DAVIS,exact_identity,0.5,representation_plus_chemistry,one_bounded,47,47,0,1391653,1391653,1159739.0,0.8217775204699577,0.8333535730530527,,,,,,,,
DAVIS,exact_identity,0.5,representation_plus_chemistry,both_bounded,47,0,0,0,0,0.0,,,,,,,,,,
DAVIS,exact_identity,0.5,representation_pca4_readout,all_determinate,47,47,0,1850556,1850556,1502925.0,0.8306936852414327,0.8121478085505113,20774,5249,47,47,0.3452650175228706,0.34526501752287064,0.8133266914707696,0.7626897479115674
DAVIS,exact_identity,0.5,representation_pca4_readout,both_exact,47,47,0,458903,458903,314160.0,0.6784183689265624,0.6845891179617479,,,,,,,,
DAVIS,exact_identity,0.5,representation_pca4_readout,one_bounded,47,47,0,1391653,1391653,1188765.0,0.8557028411949269,0.8542107838663805,,,,,,,,
DAVIS,exact_identity,0.5,representation_pca4_readout,both_bounded,47,0,0,0,0,0.0,,,,,,,,,,
DAVIS,exact_identity,0.5,scalar_members_readout,all_determinate,47,47,0,1850556,1850556,1474965.0,0.8147030332763019,0.7970388358958065,20774,5249,47,47,0.3617513533747866,0.36175135337478664,0.8302998091362787,0.8016189210086078
DAVIS,exact_identity,0.5,scalar_members_readout,both_exact,47,47,0,458903,458903,309937.0,0.6747925897056231,0.6753867375022609,,,,,,,,
DAVIS,exact_identity,0.5,scalar_members_readout,one_bounded,47,47,0,1391653,1391653,1165028.0,0.8387502671750076,0.8371540894174051,,,,,,,,
DAVIS,exact_identity,0.5,scalar_members_readout,both_bounded,47,0,0,0,0,0.0,,,,,,,,,,
DAVIS,exact_identity,0.5,native__boltz_affinity,all_determinate,47,47,0,1850556,1850556,1299602.5,0.6951388290517139,0.7022767751962113,,,,,,,,
DAVIS,exact_identity,0.5,native__boltz_affinity,both_exact,47,47,0,458903,458903,291573.0,0.642970350823289,0.6353695661174584,,,,,,,,
DAVIS,exact_identity,0.5,native__boltz_affinity,one_bounded,47,47,0,1391653,1391653,1008029.5,0.7110510218649173,0.7243396881262786,,,,,,,,
DAVIS,exact_identity,0.5,native__boltz_affinity,both_bounded,47,0,0,0,0,0.0,,,,,,,,,,
DAVIS,exact_identity,0.5,native__boltz_binder,all_determinate,47,47,0,1850556,1850556,1405777.0,0.7742115823390078,0.759651153491167,,,,,,,,
DAVIS,exact_identity,0.5,native__boltz_binder,both_exact,47,47,0,458903,458903,295672.0,0.6313250689820991,0.6443017369683789,,,,,,,,
DAVIS,exact_identity,0.5,native__boltz_binder,one_bounded,47,47,0,1391653,1391653,1110105.0,0.7977560904361948,0.7976880731044305,,,,,,,,
DAVIS,exact_identity,0.5,native__boltz_binder,both_bounded,47,0,0,0,0,0.0,,,,,,,,,,
DAVIS,exact_identity,1.0,target_prior,all_determinate,47,47,0,1850556,1850556,1339660.0,0.7220100512082277,0.7239229723391241,20774,5249,47,47,0.4940654400408117,0.4940654400408118,1.0031653267077596,1.0272239484107373
DAVIS,exact_identity,1.0,target_prior,both_exact,47,47,0,458903,458903,285153.5,0.5826071319460316,0.6213807710997749,,,,,,,,
DAVIS,exact_identity,1.0,target_prior,one_bounded,47,47,0,1391653,1391653,1054506.5,0.7432834007261852,0.7577366628031557,,,,,,,,
DAVIS,exact_identity,1.0,target_prior,both_bounded,47,0,0,0,0,0.0,,,,,,,,,,
DAVIS,exact_identity,1.0,chemistry,all_determinate,47,47,0,1850556,1850556,1342418.0,0.7245185556352408,0.7254133352354644,20774,5249,47,47,0.47772842352288375,0.47772842352288364,0.9748499565212928,1.0077547692765505
DAVIS,exact_identity,1.0,chemistry,both_exact,47,47,0,458903,458903,287882.5,0.5890032180578827,0.6273275615979848,,,,,,,,
DAVIS,exact_identity,1.0,chemistry,one_bounded,47,47,0,1391653,1391653,1054535.5,0.7439783064783414,0.7577575013311508,,,,,,,,
DAVIS,exact_identity,1.0,chemistry,both_bounded,47,0,0,0,0,0.0,,,,,,,,,,
DAVIS,exact_identity,1.0,calibrated__boltz_affinity,all_determinate,47,47,0,1850556,1850556,1429495.0,0.7790475949392289,0.7724678420971859,20774,5249,47,47,0.3792443397410354,0.37924433974103533,0.8948277080237345,0.8719213105583442
DAVIS,exact_identity,1.0,calibrated__boltz_affinity,both_exact,47,47,0,458903,458903,306826.0,0.6701038767861658,0.6686075270808863,,,,,,,,
DAVIS,exact_identity,1.0,calibrated__boltz_affinity,one_bounded,47,47,0,1391653,1391653,1122669.0,0.8007106691163921,0.8067161857158358,,,,,,,,
DAVIS,exact_identity,1.0,calibrated__boltz_affinity,both_bounded,47,0,0,0,0,0.0,,,,,,,,,,
DAVIS,exact_identity,1.0,availability__boltz_affinity,all_determinate,47,47,0,1850556,1850556,1342418.0,0.7245185556352408,0.7254133352354644,20774,5249,47,47,0.47772842352288375,0.47772842352288364,0.9748499565212928,1.0077547692765505
DAVIS,exact_identity,1.0,availability__boltz_affinity,both_exact,47,47,0,458903,458903,287882.5,0.5890032180578827,0.6273275615979848,,,,,,,,
DAVIS,exact_identity,1.0,availability__boltz_affinity,one_bounded,47,47,0,1391653,1391653,1054535.5,0.7439783064783414,0.7577575013311508,,,,,,,,
DAVIS,exact_identity,1.0,availability__boltz_affinity,both_bounded,47,0,0,0,0,0.0,,,,,,,,,,
DAVIS,exact_identity,1.0,plus__boltz_affinity,all_determinate,47,47,0,1850556,1850556,1430442.0,0.7788035320810883,0.7729795801910345,20774,5249,47,47,0.36442656567382836,0.3644265656738283,0.869766619099128,0.8364476543772092
DAVIS,exact_identity,1.0,plus__boltz_affinity,both_exact,47,47,0,458903,458903,308995.0,0.6797618747527384,0.6733340161210539,,,,,,,,
DAVIS,exact_identity,1.0,plus__boltz_affinity,one_bounded,47,47,0,1391653,1391653,1121447.0,0.799021428676314,0.8058380932603171,,,,,,,,
DAVIS,exact_identity,1.0,plus__boltz_affinity,both_bounded,47,0,0,0,0,0.0,,,,,,,,,,
DAVIS,exact_identity,1.0,calibrated__boltz_binder,all_determinate,47,47,0,1850556,1850556,1480570.0,0.8179021566822658,0.8000676553425025,20774,5249,47,47,0.350468568278575,0.3504685682785749,0.8297845559777549,0.8421450713186676
DAVIS,exact_identity,1.0,calibrated__boltz_binder,both_exact,47,47,0,458903,458903,307746.0,0.6719124969889518,0.6706123080476702,,,,,,,,
DAVIS,exact_identity,1.0,calibrated__boltz_binder,one_bounded,47,47,0,1391653,1391653,1172824.0,0.8429152567710504,0.8427560605984394,,,,,,,,
DAVIS,exact_identity,1.0,calibrated__boltz_binder,both_bounded,47,0,0,0,0,0.0,,,,,,,,,,
DAVIS,exact_identity,1.0,availability__boltz_binder,all_determinate,47,47,0,1850556,1850556,1342418.0,0.7245185556352408,0.7254133352354644,20774,5249,47,47,0.47772842352288375,0.47772842352288364,0.9748499565212928,1.0077547692765505
DAVIS,exact_identity,1.0,availability__boltz_binder,both_exact,47,47,0,458903,458903,287882.5,0.5890032180578827,0.6273275615979848,,,,,,,,
DAVIS,exact_identity,1.0,availability__boltz_binder,one_bounded,47,47,0,1391653,1391653,1054535.5,0.7439783064783414,0.7577575013311508,,,,,,,,
DAVIS,exact_identity,1.0,availability__boltz_binder,both_bounded,47,0,0,0,0,0.0,,,,,,,,,,
DAVIS,exact_identity,1.0,plus__boltz_binder,all_determinate,47,47,0,1850556,1850556,1482179.0,0.8178286960239245,0.8009371237617235,20774,5249,47,47,0.3274743793206083,0.3274743793206083,0.8015828925239387,0.8013836391466906
DAVIS,exact_identity,1.0,plus__boltz_binder,both_exact,47,47,0,458903,458903,309798.0,0.6816173450827459,0.6750838412474968,,,,,,,,
DAVIS,exact_identity,1.0,plus__boltz_binder,one_bounded,47,47,0,1391653,1391653,1172381.0,0.841690983999565,0.8424377341190656,,,,,,,,
DAVIS,exact_identity,1.0,plus__boltz_binder,both_bounded,47,0,0,0,0,0.0,,,,,,,,,,
DAVIS,exact_identity,1.0,representation_readout,all_determinate,47,47,0,1850556,1850556,1511221.0,0.828044065900828,0.8166307855585024,20774,5249,47,47,0.3538137015332001,0.3538137015332001,0.9400671293716465,0.839284342845943
DAVIS,exact_identity,1.0,representation_readout,both_exact,47,47,0,458903,458903,318933.0,0.6736022629703957,0.6949900087818123,,,,,,,,
DAVIS,exact_identity,1.0,representation_readout,one_bounded,47,47,0,1391653,1391653,1192288.0,0.8528824500910475,0.8567423057328227,,,,,,,,
DAVIS,exact_identity,1.0,representation_readout,both_bounded,47,0,0,0,0,0.0,,,,,,,,,,
DAVIS,exact_identity,1.0,representation_plus_chemistry,all_determinate,47,47,0,1850556,1850556,1513081.0,0.8275308227054226,0.8176358888896094,20774,5249,47,47,0.3488820189677564,0.3488820189677563,0.9088290078940869,0.8149430703509215
DAVIS,exact_identity,1.0,representation_plus_chemistry,both_exact,47,47,0,458903,458903,320140.0,0.6834689797886602,0.6976201942458428,,,,,,,,
DAVIS,exact_identity,1.0,representation_plus_chemistry,one_bounded,47,47,0,1391653,1391653,1192941.0,0.851635656274968,0.8572115318976785,,,,,,,,
DAVIS,exact_identity,1.0,representation_plus_chemistry,both_bounded,47,0,0,0,0,0.0,,,,,,,,,,
DAVIS,exact_identity,1.0,representation_pca4_readout,all_determinate,47,47,0,1850556,1850556,1521756.0,0.8394310604413139,0.8223236692107669,20774,5249,47,47,0.31864225319941714,0.3186422531994172,0.829985720086324,0.7775249713175306
DAVIS,exact_identity,1.0,representation_pca4_readout,both_exact,47,47,0,458903,458903,319422.0,0.6862553557780173,0.6960555934478528,,,,,,,,
DAVIS,exact_identity,1.0,representation_pca4_readout,one_bounded,47,47,0,1391653,1391653,1202334.0,0.8646556201886618,0.8639610592583065,,,,,,,,
DAVIS,exact_identity,1.0,representation_pca4_readout,both_bounded,47,0,0,0,0,0.0,,,,,,,,,,
DAVIS,exact_identity,1.0,scalar_members_readout,all_determinate,47,47,0,1850556,1850556,1503788.0,0.8291463861213388,0.8126141548810195,20774,5249,47,47,0.3378475793633801,0.33784757936338033,0.8270671039858498,0.7952080526424159
DAVIS,exact_identity,1.0,scalar_members_readout,both_exact,47,47,0,458903,458903,317057.0,0.6791683839278109,0.6909019988973705,,,,,,,,
DAVIS,exact_identity,1.0,scalar_members_readout,one_bounded,47,47,0,1391653,1391653,1186731.0,0.8538147242731214,0.8527492126269982,,,,,,,,
DAVIS,exact_identity,1.0,scalar_members_readout,both_bounded,47,0,0,0,0,0.0,,,,,,,,,,
DAVIS,exact_identity,1.0,native__boltz_affinity,all_determinate,47,47,0,1850556,1850556,1299602.5,0.6951388290517139,0.7022767751962113,,,,,,,,
DAVIS,exact_identity,1.0,native__boltz_affinity,both_exact,47,47,0,458903,458903,291573.0,0.642970350823289,0.6353695661174584,,,,,,,,
DAVIS,exact_identity,1.0,native__boltz_affinity,one_bounded,47,47,0,1391653,1391653,1008029.5,0.7110510218649173,0.7243396881262786,,,,,,,,
DAVIS,exact_identity,1.0,native__boltz_affinity,both_bounded,47,0,0,0,0,0.0,,,,,,,,,,
DAVIS,exact_identity,1.0,native__boltz_binder,all_determinate,47,47,0,1850556,1850556,1405777.0,0.7742115823390078,0.759651153491167,,,,,,,,
DAVIS,exact_identity,1.0,native__boltz_binder,both_exact,47,47,0,458903,458903,295672.0,0.6313250689820991,0.6443017369683789,,,,,,,,
DAVIS,exact_identity,1.0,native__boltz_binder,one_bounded,47,47,0,1391653,1391653,1110105.0,0.7977560904361948,0.7976880731044305,,,,,,,,
DAVIS,exact_identity,1.0,native__boltz_binder,both_bounded,47,0,0,0,0,0.0,,,,,,,,,,
