policy,method,stratum,queries,scaffolds_with_evaluable_queries,pairs,macro,macro_low,macro_high,gain_vs_baseline,gain_low,gain_high,draws,resampling_unit
source_representative,baseline,all_determinate,373,302,6496,0.5117848518074714,0.48364293272244285,0.5401611777078201,0.0,0.0,0.0,5000,whole scaffold group
source_representative,target_prior,all_determinate,373,302,6496,0.47013744523890066,0.44075406438619724,0.5002184620615847,-0.04164740656857069,-0.07568384885241321,-0.007048965556563304,5000,whole scaffold group
source_representative,calibrated__boltz_affinity,all_determinate,373,302,6496,0.5481670793044707,0.5150882438280161,0.5796877467295901,0.036382227496999375,-0.000872792558463517,0.07323954574592521,5000,whole scaffold group
source_representative,availability__boltz_affinity,all_determinate,373,302,6496,0.5118965586886152,0.48384229971572157,0.5402702140857372,0.00011170688114381377,0.0,0.00035612535612539187,5000,whole scaffold group
source_representative,plus__boltz_affinity,all_determinate,373,302,6496,0.573395439052507,0.5421724766115175,0.6044741473902742,0.06161058724503565,0.027335788508031787,0.09553317476513765,5000,whole scaffold group
source_representative,calibrated__boltz_binary,all_determinate,373,302,6496,0.6650516056803323,0.6363606865102946,0.6928827375232562,0.15326675387286093,0.11507523101334301,0.19066144050338443,5000,whole scaffold group
source_representative,availability__boltz_binary,all_determinate,373,302,6496,0.5118965586886152,0.48384229971572157,0.5402702140857372,0.00011170688114381377,0.0,0.00035612535612539187,5000,whole scaffold group
source_representative,plus__boltz_binary,all_determinate,373,302,6496,0.6678290505966081,0.6401738312354199,0.6951397776041774,0.15604419878913678,0.1201861220542499,0.19132116948127503,5000,whole scaffold group
source_representative,calibrated__boltzina_vina_far_affinity,all_determinate,373,302,6496,0.5547725451830854,0.5231282240545303,0.5856563022716792,0.04298769337561403,0.00604717913615222,0.07975176177533003,5000,whole scaffold group
source_representative,availability__boltzina_vina_far_affinity,all_determinate,373,302,6496,0.5101257673183914,0.4821520556275647,0.5384697841868289,-0.0016590844890799206,-0.004805537539594257,0.0013221207931665066,5000,whole scaffold group
source_representative,plus__boltzina_vina_far_affinity,all_determinate,373,302,6496,0.5554923621422746,0.5243259176103917,0.5863836377888302,0.043707510334803246,0.010500385769321469,0.07669734908710665,5000,whole scaffold group
source_representative,calibrated__boltzina_vina_far_binary,all_determinate,373,302,6496,0.665861863899567,0.6365230486681274,0.6949276082536622,0.15407701209209568,0.11553581313385473,0.1932312836195713,5000,whole scaffold group
source_representative,availability__boltzina_vina_far_binary,all_determinate,373,302,6496,0.5101257673183914,0.4821520556275647,0.5384697841868289,-0.0016590844890799206,-0.004805537539594257,0.0013221207931665066,5000,whole scaffold group
source_representative,plus__boltzina_vina_far_binary,all_determinate,373,302,6496,0.6849270414582963,0.6562833729361474,0.713091013500172,0.17314218965082495,0.1362634552444972,0.20990747672337517,5000,whole scaffold group
source_representative,calibrated__boltzina_vina_zero_affinity,all_determinate,373,302,6496,0.5548363776865961,0.5232508920452832,0.5857175536851734,0.04305152587912475,0.00604717913615222,0.07990621895015347,5000,whole scaffold group
source_representative,availability__boltzina_vina_zero_affinity,all_determinate,373,302,6496,0.5101257673183914,0.4821520556275647,0.5384697841868289,-0.0016590844890799206,-0.004805537539594257,0.0013221207931665066,5000,whole scaffold group
source_representative,plus__boltzina_vina_zero_affinity,all_determinate,373,302,6496,0.5554923621422746,0.5243259176103917,0.5863836377888302,0.043707510334803246,0.010500385769321469,0.07669734908710665,5000,whole scaffold group
source_representative,calibrated__boltzina_vina_zero_binary,all_determinate,373,302,6496,0.665861863899567,0.6365230486681274,0.6949276082536622,0.15407701209209568,0.11553581313385473,0.1932312836195713,5000,whole scaffold group
source_representative,availability__boltzina_vina_zero_binary,all_determinate,373,302,6496,0.5101257673183914,0.4821520556275647,0.5384697841868289,-0.0016590844890799206,-0.004805537539594257,0.0013221207931665066,5000,whole scaffold group
source_representative,plus__boltzina_vina_zero_binary,all_determinate,373,302,6496,0.6849270414582963,0.6562833729361474,0.713091013500172,0.17314218965082495,0.1362634552444972,0.20990747672337517,5000,whole scaffold group
source_representative,calibrated__gnina,all_determinate,373,302,6496,0.5897066572158925,0.5595261497215614,0.619233930470335,0.0779218054084212,0.039794886590041476,0.11567269800617519,5000,whole scaffold group
source_representative,availability__gnina,all_determinate,373,302,6496,0.5092625602771368,0.4815158475366416,0.5375430436076166,-0.002522291530334564,-0.006135625023881058,0.0007709280628713085,5000,whole scaffold group
source_representative,plus__gnina,all_determinate,373,302,6496,0.5921067220809927,0.5637442141324922,0.6219326493815855,0.08032187027352133,0.04867470142728246,0.11243780704870333,5000,whole scaffold group
source_representative,calibrated__nesso_affinity,all_determinate,373,302,6496,0.5419886467948051,0.5106255242666503,0.5741904895901471,0.03020379498733372,-0.006323809988241391,0.0668207194176014,5000,whole scaffold group
source_representative,availability__nesso_affinity,all_determinate,373,302,6496,0.5092625602771368,0.4815158475366416,0.5375430436076166,-0.002522291530334564,-0.006135625023881058,0.0007709280628713085,5000,whole scaffold group
source_representative,plus__nesso_affinity,all_determinate,373,302,6496,0.5512107873234711,0.5187160056879541,0.5830924294077287,0.03942593551599971,0.0037342312724982715,0.07468797298118669,5000,whole scaffold group
source_representative,calibrated__nesso_binary,all_determinate,373,302,6496,0.6190827946983894,0.5887401960628112,0.648505359627264,0.1072979428909181,0.06668519427988898,0.14680662047201593,5000,whole scaffold group
source_representative,availability__nesso_binary,all_determinate,373,302,6496,0.5092625602771368,0.4815158475366416,0.5375430436076166,-0.002522291530334564,-0.006135625023881058,0.0007709280628713085,5000,whole scaffold group
source_representative,plus__nesso_binary,all_determinate,373,302,6496,0.6251566494064517,0.5954948810242445,0.6538045118468296,0.1133717975989803,0.07660926774507913,0.14960445357260205,5000,whole scaffold group
source_representative,calibrated__raw_ad4,all_determinate,373,302,6496,0.49043482206662936,0.46017927415198334,0.5209084549910316,-0.02135002974084199,-0.05718395684504506,0.014808231470881133,5000,whole scaffold group
source_representative,availability__raw_ad4,all_determinate,373,302,6496,0.5092625602771368,0.4815158475366416,0.5375430436076166,-0.002522291530334564,-0.006135625023881058,0.0007709280628713085,5000,whole scaffold group
source_representative,plus__raw_ad4,all_determinate,373,302,6496,0.5398261641455029,0.5113414503141094,0.568272033322134,0.028041312338031532,0.015228120377677675,0.041582377830985284,5000,whole scaffold group
source_representative,calibrated__raw_gnina_own,all_determinate,373,302,6496,0.5829599679379814,0.5536652342764583,0.6132926453609545,0.07117511613051009,0.03394234607254884,0.10773647693038957,5000,whole scaffold group
source_representative,availability__raw_gnina_own,all_determinate,373,302,6496,0.5104541003426716,0.48244791250115376,0.5387991246671474,-0.0013307514647997731,-0.004468139931808723,0.0016462674951499084,5000,whole scaffold group
source_representative,plus__raw_gnina_own,all_determinate,373,302,6496,0.5968133966525385,0.5703440064888783,0.6245903137860166,0.08502854484506717,0.054339666734978614,0.11728954455938415,5000,whole scaffold group
source_representative,calibrated__vina,all_determinate,373,302,6496,0.5517646732444104,0.5248465033662294,0.5792157968310973,0.03997982143693901,0.001830588178920284,0.07818621968547623,5000,whole scaffold group
source_representative,availability__vina,all_determinate,373,302,6496,0.5092625602771368,0.4815158475366416,0.5375430436076166,-0.002522291530334564,-0.006135625023881058,0.0007709280628713085,5000,whole scaffold group
source_representative,plus__vina,all_determinate,373,302,6496,0.5897283447505598,0.5621177846344837,0.617342871978867,0.07794349294308844,0.050847559839013456,0.10594940868480991,5000,whole scaffold group
source_representative,native__boltz_affinity,all_determinate,373,302,6496,0.5620658891389908,0.5282462241270266,0.5956786099725848,0.05028103733151945,0.012504539683198162,0.08890885636355227,5000,whole scaffold group
source_representative,native__boltz_binary,all_determinate,373,302,6496,0.6588247248321865,0.6277697685711383,0.688122248871508,0.1470398730247151,0.1047915583661101,0.18765967807858427,5000,whole scaffold group
source_representative,native__boltzina_vina_far_affinity,all_determinate,373,302,6496,0.5633429089572257,0.5305628190514949,0.5954014771434253,0.051558057149754366,0.012876744316968293,0.09078531153818876,5000,whole scaffold group
source_representative,native__boltzina_vina_far_binary,all_determinate,373,302,6496,0.6701386313571763,0.6406771284541156,0.6999737684453804,0.15835377954970498,0.11736702901367702,0.20054212988025055,5000,whole scaffold group
source_representative,native__boltzina_vina_zero_affinity,all_determinate,373,302,6496,0.5633429089572257,0.5305628190514949,0.5954014771434253,0.051558057149754366,0.012876744316968293,0.09078531153818876,5000,whole scaffold group
source_representative,native__boltzina_vina_zero_binary,all_determinate,373,302,6496,0.6701386313571763,0.6406771284541156,0.6999737684453804,0.15835377954970498,0.11736702901367702,0.20054212988025055,5000,whole scaffold group
source_representative,native__gnina,all_determinate,373,302,6496,0.6129066023803486,0.5834251115383186,0.642387458487193,0.1011217505728772,0.0630274854356893,0.138760620945791,5000,whole scaffold group
source_representative,native__nesso_affinity,all_determinate,373,302,6496,0.5552116258945798,0.5238411440123732,0.5880785589950509,0.04342677408710849,0.004531194569711905,0.08250355506408673,5000,whole scaffold group
source_representative,native__nesso_binary,all_determinate,373,302,6496,0.6190976568175236,0.5878369668545196,0.6497069426871602,0.10731280501005225,0.06517374797918518,0.1505031422733279,5000,whole scaffold group
source_representative,native__raw_ad4,all_determinate,373,302,6496,0.5432162975080075,0.5126478243086119,0.573452952161134,0.03143144570053613,-0.008982577805710832,0.07284734936422872,5000,whole scaffold group
source_representative,native__raw_gnina_own,all_determinate,373,302,6496,0.62776057059596,0.5991838092955996,0.6567633896382792,0.11597571878848867,0.07736720889545991,0.15468168728073878,5000,whole scaffold group
source_representative,native__vina,all_determinate,373,302,6496,0.5804399141812817,0.549541274181682,0.6116213565335058,0.06865506237381036,0.022686765008322108,0.11397933966956189,5000,whole scaffold group
source_representative,baseline,both_exact,261,211,2235,0.5065592985133216,0.4616744391124236,0.5525646611524391,0.0,0.0,0.0,5000,whole scaffold group
source_representative,target_prior,both_exact,261,211,2235,0.5696590978200173,0.5270426865890935,0.6131315058023941,0.06309979930669574,0.0162074063859778,0.1129665310044351,5000,whole scaffold group
source_representative,calibrated__boltz_affinity,both_exact,261,211,2235,0.5332817317491646,0.4904373341894706,0.5760966681909065,0.026722433235843,-0.019341065092703773,0.07323908942689868,5000,whole scaffold group
source_representative,availability__boltz_affinity,both_exact,261,211,2235,0.5078364377214952,0.463147621593919,0.5537266134931241,0.0012771392081736277,0.0,0.004065455450472942,5000,whole scaffold group
source_representative,plus__boltz_affinity,both_exact,261,211,2235,0.5535501889908021,0.510007284022362,0.5962060255188579,0.04699089047748051,-0.0002632329694091419,0.09446148473148473,5000,whole scaffold group
source_representative,calibrated__boltz_binary,both_exact,261,211,2235,0.6235149340513326,0.5807954769434003,0.6634644786261806,0.11695563553801103,0.06220217070666671,0.1698795100957092,5000,whole scaffold group
source_representative,availability__boltz_binary,both_exact,261,211,2235,0.5078364377214952,0.463147621593919,0.5537266134931241,0.0012771392081736277,0.0,0.004065455450472942,5000,whole scaffold group
source_representative,plus__boltz_binary,both_exact,261,211,2235,0.6209920773139164,0.5787141595103213,0.662155168248909,0.11443277880059477,0.06286409003982243,0.16432311559823087,5000,whole scaffold group
source_representative,calibrated__boltzina_vina_far_affinity,both_exact,261,211,2235,0.5311408188802824,0.4883810539026912,0.5735882631211767,0.02458152036696082,-0.022257290108278024,0.07248323453080899,5000,whole scaffold group
source_representative,availability__boltzina_vina_far_affinity,both_exact,261,211,2235,0.5006114787723983,0.45537093078370783,0.5467273692038059,-0.005947819740923288,-0.01842040867359712,0.006417116450049366,5000,whole scaffold group
source_representative,plus__boltzina_vina_far_affinity,both_exact,261,211,2235,0.5349919556816108,0.49173562338305227,0.5770634199464886,0.028432657168289244,-0.01091698841698828,0.06788288771720291,5000,whole scaffold group
source_representative,calibrated__boltzina_vina_far_binary,both_exact,261,211,2235,0.6213324634780574,0.5796918309684198,0.6623201102903934,0.11477316496473577,0.057760790170827976,0.17232863849287722,5000,whole scaffold group
source_representative,availability__boltzina_vina_far_binary,both_exact,261,211,2235,0.5006114787723983,0.45537093078370783,0.5467273692038059,-0.005947819740923288,-0.01842040867359712,0.006417116450049366,5000,whole scaffold group
source_representative,plus__boltzina_vina_far_binary,both_exact,261,211,2235,0.6324092042482847,0.5895204932881785,0.6740347613648633,0.12584990573496313,0.07210332004908787,0.18008768730137528,5000,whole scaffold group
source_representative,calibrated__boltzina_vina_zero_affinity,both_exact,261,211,2235,0.5312776552240153,0.488675780770446,0.573735188980128,0.024718356710693667,-0.022008449407346493,0.07262049465874076,5000,whole scaffold group
source_representative,availability__boltzina_vina_zero_affinity,both_exact,261,211,2235,0.5006114787723983,0.45537093078370783,0.5467273692038059,-0.005947819740923288,-0.01842040867359712,0.006417116450049366,5000,whole scaffold group
source_representative,plus__boltzina_vina_zero_affinity,both_exact,261,211,2235,0.5349919556816108,0.49173562338305227,0.5770634199464886,0.028432657168289244,-0.01091698841698828,0.06788288771720291,5000,whole scaffold group
source_representative,calibrated__boltzina_vina_zero_binary,both_exact,261,211,2235,0.6213324634780574,0.5796918309684198,0.6623201102903934,0.11477316496473577,0.057760790170827976,0.17232863849287722,5000,whole scaffold group
source_representative,availability__boltzina_vina_zero_binary,both_exact,261,211,2235,0.5006114787723983,0.45537093078370783,0.5467273692038059,-0.005947819740923288,-0.01842040867359712,0.006417116450049366,5000,whole scaffold group
source_representative,plus__boltzina_vina_zero_binary,both_exact,261,211,2235,0.6324092042482847,0.5895204932881785,0.6740347613648633,0.12584990573496313,0.07210332004908787,0.18008768730137528,5000,whole scaffold group
source_representative,calibrated__gnina,both_exact,261,211,2235,0.5878110607995665,0.5453553669460206,0.6300738817687278,0.08125176228624487,0.023201168727420115,0.138893432916738,5000,whole scaffold group
source_representative,availability__gnina,both_exact,261,211,2235,0.5018886179805719,0.45681564286588866,0.5478052506146581,-0.00467068053274966,-0.016933599158538887,0.007532339262198068,5000,whole scaffold group
source_representative,plus__gnina,both_exact,261,211,2235,0.5859801260184403,0.5443987588977511,0.6264725568901411,0.0794208275051187,0.03219081347960028,0.12629078130737062,5000,whole scaffold group
source_representative,calibrated__nesso_affinity,both_exact,261,211,2235,0.5350292746844472,0.4943838776761674,0.5754146203629287,0.028469976171125566,-0.02272797660730948,0.08010946705867457,5000,whole scaffold group
source_representative,availability__nesso_affinity,both_exact,261,211,2235,0.5018886179805719,0.45681564286588866,0.5478052506146581,-0.00467068053274966,-0.016933599158538887,0.007532339262198068,5000,whole scaffold group
source_representative,plus__nesso_affinity,both_exact,261,211,2235,0.5383961859057644,0.4956293394693818,0.5803253230319739,0.031836887392442836,-0.01830808838413587,0.08109418784826496,5000,whole scaffold group
source_representative,calibrated__nesso_binary,both_exact,261,211,2235,0.5940093325150797,0.5522314963105827,0.6357607087524256,0.0874500340017581,0.02891080727618461,0.14535064164312103,5000,whole scaffold group
source_representative,availability__nesso_binary,both_exact,261,211,2235,0.5018886179805719,0.45681564286588866,0.5478052506146581,-0.00467068053274966,-0.016933599158538887,0.007532339262198068,5000,whole scaffold group
source_representative,plus__nesso_binary,both_exact,261,211,2235,0.580199734989007,0.5375077294312542,0.6231678173659062,0.07364043647568541,0.019433301924110736,0.12779356991395857,5000,whole scaffold group
source_representative,calibrated__raw_ad4,both_exact,261,211,2235,0.5465320049611238,0.503101449013949,0.5899460944702296,0.03997270644780215,-0.00590150769414319,0.08686840348960694,5000,whole scaffold group
source_representative,availability__raw_ad4,both_exact,261,211,2235,0.5018886179805719,0.45681564286588866,0.5478052506146581,-0.00467068053274966,-0.016933599158538887,0.007532339262198068,5000,whole scaffold group
source_representative,plus__raw_ad4,both_exact,261,211,2235,0.533678234636089,0.4890177898772128,0.5793500498179069,0.02711893612276739,0.009711730526722029,0.04800970834149845,5000,whole scaffold group
source_representative,calibrated__raw_gnina_own,both_exact,261,211,2235,0.5784185588783289,0.5377483688338952,0.61942569005069,0.07185926036500734,0.015052748027585695,0.12991688434836024,5000,whole scaffold group
source_representative,availability__raw_gnina_own,both_exact,261,211,2235,0.5018886179805719,0.45681564286588866,0.5478052506146581,-0.00467068053274966,-0.016933599158538887,0.007532339262198068,5000,whole scaffold group
source_representative,plus__raw_gnina_own,both_exact,261,211,2235,0.5698896463264279,0.5296809699975785,0.6101529052908905,0.06333034781310631,0.012531238357077685,0.11385732318111519,5000,whole scaffold group
source_representative,calibrated__vina,both_exact,261,211,2235,0.5563586052091799,0.5171717795399368,0.5951644850675828,0.0497993066958583,-0.0073663014622424245,0.10698675232461202,5000,whole scaffold group
source_representative,availability__vina,both_exact,261,211,2235,0.5018886179805719,0.45681564286588866,0.5478052506146581,-0.00467068053274966,-0.016933599158538887,0.007532339262198068,5000,whole scaffold group
source_representative,plus__vina,both_exact,261,211,2235,0.5602652137134896,0.5179566878352256,0.6018482564751119,0.053705915200167986,0.01292616131750117,0.09703652056685143,5000,whole scaffold group
source_representative,native__boltz_affinity,both_exact,261,211,2235,0.5827234210375972,0.5412500121131073,0.6267117007956702,0.07616412252427562,0.027182666448590853,0.1252894570685575,5000,whole scaffold group
source_representative,native__boltz_binary,both_exact,261,211,2235,0.6193682860349525,0.578622368403487,0.6589502136195471,0.11280898752163093,0.05900974953066854,0.1661970571040727,5000,whole scaffold group
source_representative,native__boltzina_vina_far_affinity,both_exact,261,211,2235,0.5747355879539787,0.5340676069583512,0.6148235097213042,0.06817628944065712,0.01980993130789085,0.11643455604771077,5000,whole scaffold group
source_representative,native__boltzina_vina_far_binary,both_exact,261,211,2235,0.6373898628687901,0.5979677638196228,0.6756741624377853,0.13083056435546847,0.07454510928223734,0.18708027187459,5000,whole scaffold group
source_representative,native__boltzina_vina_zero_affinity,both_exact,261,211,2235,0.5747355879539787,0.5340676069583512,0.6148235097213042,0.06817628944065712,0.01980993130789085,0.11643455604771077,5000,whole scaffold group
source_representative,native__boltzina_vina_zero_binary,both_exact,261,211,2235,0.6373898628687901,0.5979677638196228,0.6756741624377853,0.13083056435546847,0.07454510928223734,0.18708027187459,5000,whole scaffold group
source_representative,native__gnina,both_exact,261,211,2235,0.5876546895703982,0.5453978738179684,0.6299242513215897,0.08109539105707664,0.022371808268378205,0.13816598752678305,5000,whole scaffold group
source_representative,native__nesso_affinity,both_exact,261,211,2235,0.5424660765656933,0.5018533152514,0.5839282543045642,0.035906778052371746,-0.016493569344984946,0.08980250807618695,5000,whole scaffold group
source_representative,native__nesso_binary,both_exact,261,211,2235,0.5881406659184436,0.5477026215953007,0.6295255746066787,0.08158136740512201,0.019516657788033312,0.1426688112076923,5000,whole scaffold group
source_representative,native__raw_ad4,both_exact,261,211,2235,0.5072764683875794,0.4659140455221073,0.5471928092059704,0.0007171698742578503,-0.05686539065909823,0.0592229940156543,5000,whole scaffold group
source_representative,native__raw_gnina_own,both_exact,261,211,2235,0.6045267489711934,0.5652380011575157,0.6431775339765536,0.09796745045787181,0.03829167717742262,0.1581081546551212,5000,whole scaffold group
source_representative,native__vina,both_exact,261,211,2235,0.4954656490097103,0.4540184916936876,0.5368951988775046,-0.011093649503611303,-0.07871693596702319,0.05595958296513047,5000,whole scaffold group
