method,stage,fits,summed_fit_wall_seconds,maximum_fit_wall_seconds
availability__boltz_affinity,inner,405,105.47701231298842,8.867778124999859
availability__boltz_affinity,outer,45,17.03618249499997,1.1524742909996348
availability__boltz_binary,inner,405,121.89773644100309,11.789763375000803
availability__boltz_binary,outer,45,18.147517252000398,3.0115345420008452
availability__boltzina_vina_far_affinity,inner,405,98.53937702899879,4.910609499999737
availability__boltzina_vina_far_affinity,outer,45,15.2801592479988,0.7978277920001347
availability__boltzina_vina_far_binary,inner,405,109.85338433199584,6.411896500000694
availability__boltzina_vina_far_binary,outer,45,17.100741164000468,1.8978092500001367
availability__boltzina_vina_zero_affinity,inner,405,106.87816041300766,8.118087124999875
availability__boltzina_vina_zero_affinity,outer,45,15.627516791999206,0.6898532909999631
availability__boltzina_vina_zero_binary,inner,405,108.72777554899645,8.567119999999704
availability__boltzina_vina_zero_binary,outer,45,15.770320795999162,1.0595703749995664
availability__gnina,inner,405,105.81691491000231,6.464226916999905
availability__gnina,outer,45,15.61139200000018,0.9961667500001568
availability__nesso_affinity,inner,405,198.88431692399732,106.88435245799974
availability__nesso_affinity,outer,45,16.573941753998994,0.8010571250001703
availability__nesso_binary,inner,405,82.45415353499334,1.7720999999992273
availability__nesso_binary,outer,45,15.05201395799935,0.6548742499999207
availability__raw_ad4,inner,405,77.21185840999267,0.7189501249999921
availability__raw_ad4,outer,45,15.271564126999237,0.7194229999995514
availability__raw_gnina_own,inner,405,76.98267996200288,0.9576782080002886
availability__raw_gnina_own,outer,45,14.586777460000377,0.5629883340000106
availability__vina,inner,405,103.91564369900726,6.792548542000077
availability__vina,outer,45,20.48705175099903,5.6073724589996345
baseline,inner,405,99.9037042080022,6.252369792000536
baseline,outer,45,14.136611206999811,0.7116804580000462
calibrated__boltz_affinity,inner,405,6.214433824997246,0.12742316699950607
calibrated__boltz_affinity,outer,45,0.9176283319982463,0.10347483300029126
calibrated__boltz_binary,inner,405,6.366020004997061,0.11347858299996005
calibrated__boltz_binary,outer,45,0.9477657090006488,0.08968779200040444
calibrated__boltzina_vina_far_affinity,inner,405,6.29531009299879,0.09559829099998751
calibrated__boltzina_vina_far_affinity,outer,45,0.9854293350002585,0.12521612500040646
calibrated__boltzina_vina_far_binary,inner,405,6.360759711999776,0.10654708299989579
calibrated__boltzina_vina_far_binary,outer,45,0.9253382100008807,0.05436745799988785
calibrated__boltzina_vina_zero_affinity,inner,405,6.403239913997886,0.1135043329995824
calibrated__boltzina_vina_zero_affinity,outer,45,0.9291637089991411,0.1008942919997935
calibrated__boltzina_vina_zero_binary,inner,405,6.828990211997635,0.12291041699972993
calibrated__boltzina_vina_zero_binary,outer,45,1.0537232039988993,0.05737899999996898
calibrated__gnina,inner,405,5.441809708002992,0.1308085000000574
calibrated__gnina,outer,45,0.46549553900041474,0.029738374999965345
calibrated__nesso_affinity,inner,405,5.951847851002981,0.09005691699985618
calibrated__nesso_affinity,outer,45,0.8452770829985781,0.12711183299961704
calibrated__nesso_binary,inner,405,6.58321017200025,0.2685378749993106
calibrated__nesso_binary,outer,45,0.7239667530000133,0.056610250000176165
calibrated__raw_ad4,inner,405,12.699788542002864,0.14087416699931055
calibrated__raw_ad4,outer,45,3.5261084989974307,0.18342120799979966
calibrated__raw_gnina_own,inner,405,5.1333346789962775,0.06861791699975583
calibrated__raw_gnina_own,outer,45,0.5587650790014891,0.04354912499999841
calibrated__vina,inner,405,8.366596548003088,0.23022020799999154
calibrated__vina,outer,45,1.4896463339990618,0.21023587499985297
plus__boltz_affinity,inner,405,162.1643672009991,15.163444708000497
plus__boltz_affinity,outer,45,30.054897708000233,14.054793958000118
plus__boltz_binary,inner,405,159.4571720489934,16.820709166999222
plus__boltz_binary,outer,45,21.045007914999843,1.2325819579996278
plus__boltzina_vina_far_affinity,inner,405,168.56261499200005,16.6804697080006
plus__boltzina_vina_far_affinity,outer,45,23.412876373000692,7.375396333000026
plus__boltzina_vina_far_binary,inner,405,167.3367471189992,15.217733415999646
plus__boltzina_vina_far_binary,outer,45,28.617409542000303,7.32008924999991
plus__boltzina_vina_zero_affinity,inner,405,152.54076295800184,8.907055832999504
plus__boltzina_vina_zero_affinity,outer,45,23.466536918998017,6.991975666999679
plus__boltzina_vina_zero_binary,inner,405,169.76681216299949,11.647959375000028
plus__boltzina_vina_zero_binary,outer,45,41.12164212299891,21.282986624999467
plus__gnina,inner,405,137.43859217400663,8.98238399999991
plus__gnina,outer,45,14.63020988000234,0.9758154170003763
plus__nesso_affinity,inner,405,112.01499170899552,1.0507564999998067
plus__nesso_affinity,outer,45,16.2808057490016,0.9094424999999831
plus__nesso_binary,inner,405,104.93800150999112,1.1664684160000434
plus__nesso_binary,outer,45,15.957741546001273,1.0605685000000449
plus__raw_ad4,inner,405,238.34298099898973,2.557245250000051
plus__raw_ad4,outer,45,65.78145349799786,2.666691874999742
plus__raw_gnina_own,inner,405,122.08853196099601,3.0165694159995837
plus__raw_gnina_own,outer,45,15.351546545000232,1.8725693749993297
plus__vina,inner,405,203.13796207099276,13.195014416999584
plus__vina,outer,45,42.70314129300152,13.027813000000606
target_prior,inner,405,1.920529753997327,0.038227500000175496
target_prior,outer,45,0.21398820499920923,0.025855542000044807
