context_id,target_1,target_2,training_targets,known_training_labels,exact_training_labels,bounded_training_labels,molecules_with_training_labels,molecules_without_training_labels,evaluable_query_pairs,evaluable_queries_without_training_labels
0,KCNH2,ADRB1,8,5552,932,4620,907,23,168,0
1,KCNH2,SLC6A3,8,5231,783,4448,907,23,269,0
2,KCNH2,CHRM1,8,5531,905,4626,907,23,172,0
3,KCNH2,CHRM3,8,5566,907,4659,907,23,175,0
4,KCNH2,DRD2,8,5542,876,4666,907,23,180,0
5,KCNH2,SLC6A2,8,5239,793,4446,907,23,268,0
6,KCNH2,SLC6A4,8,5238,821,4417,907,23,258,0
7,KCNH2,NR3C1,8,5607,941,4666,907,23,173,0
8,KCNH2,HRH1,8,5534,866,4668,907,23,183,0
9,ADRB1,SLC6A3,8,5482,984,4498,907,23,116,0
10,ADRB1,CHRM1,8,5782,1106,4676,907,23,93,0
11,ADRB1,CHRM3,8,5817,1108,4709,907,23,90,0
12,ADRB1,DRD2,8,5793,1077,4716,907,23,111,0
13,ADRB1,SLC6A2,8,5490,994,4496,907,23,111,0
14,ADRB1,SLC6A4,8,5489,1022,4467,907,23,115,0
15,ADRB1,NR3C1,8,5858,1142,4716,907,23,63,0
16,ADRB1,HRH1,8,5785,1067,4718,907,23,120,0
17,SLC6A3,CHRM1,8,5461,957,4504,907,23,144,0
18,SLC6A3,CHRM3,8,5496,959,4537,907,23,146,0
19,SLC6A3,DRD2,8,5472,928,4544,907,23,150,0
20,SLC6A3,SLC6A2,8,5169,845,4324,907,23,220,0
21,SLC6A3,SLC6A4,8,5168,873,4295,907,23,228,0
22,SLC6A3,NR3C1,8,5537,993,4544,907,23,125,0
23,SLC6A3,HRH1,8,5464,918,4546,907,23,160,0
24,CHRM1,CHRM3,8,5796,1081,4715,907,23,83,0
25,CHRM1,DRD2,8,5772,1050,4722,907,23,118,0
26,CHRM1,SLC6A2,8,5469,967,4502,907,23,131,0
27,CHRM1,SLC6A4,8,5468,995,4473,907,23,131,0
28,CHRM1,NR3C1,8,5837,1115,4722,907,23,86,0
29,CHRM1,HRH1,8,5764,1040,4724,907,23,121,0
30,CHRM3,DRD2,8,5807,1052,4755,907,23,116,0
31,CHRM3,SLC6A2,8,5504,969,4535,907,23,131,0
32,CHRM3,SLC6A4,8,5503,997,4506,907,23,127,0
33,CHRM3,NR3C1,8,5872,1117,4755,907,23,90,0
34,CHRM3,HRH1,8,5799,1042,4757,907,23,127,0
35,DRD2,SLC6A2,8,5480,938,4542,907,23,142,0
36,DRD2,SLC6A4,8,5479,966,4513,907,23,142,0
37,DRD2,NR3C1,8,5848,1086,4762,907,23,109,0
38,DRD2,HRH1,8,5775,1011,4764,907,23,126,0
39,SLC6A2,SLC6A4,8,5176,883,4293,907,23,219,0
40,SLC6A2,NR3C1,8,5545,1003,4542,907,23,119,0
41,SLC6A2,HRH1,8,5472,928,4544,907,23,154,0
42,SLC6A4,NR3C1,8,5544,1031,4513,907,23,120,0
43,SLC6A4,HRH1,8,5471,956,4515,907,23,148,0
44,NR3C1,HRH1,8,5840,1076,4764,907,23,118,0
