policy,output,stratum,queries,pairs,baseline_pct,native_pct,augmented_pct,gain_vs_baseline_pp,gain_vs_baseline_low_pp,gain_vs_baseline_high_pp,gain_vs_native_pp,gain_vs_native_low_pp,gain_vs_native_high_pp,gain_vs_availability_pp,gain_vs_availability_low_pp,gain_vs_availability_high_pp
source_representative,boltz_affinity,all_determinate,373,6496,51.17848518074714,56.20658891389908,57.3395439052507,6.161058724503565,2.7335788508031786,9.553317476513765,1.1329549913516312,-0.5067015927243187,2.855860896190737,6.149888036389195,2.732440134240269,9.541927655251698
source_representative,boltz_binary,all_determinate,373,6496,51.17848518074714,65.88247248321865,66.78290505966082,15.604419878913678,12.01861220542499,19.132116948127504,0.9004325764421672,-0.808784822939721,2.6311886764812145,15.593249190799307,12.007322096021783,19.119721297642904
source_representative,boltzina_vina_far_affinity,all_determinate,373,6496,51.17848518074714,56.334290895722575,55.54923621422746,4.370751033480325,1.0500385769321467,7.669734908710665,-0.785054681495112,-2.6815752223013587,1.14445542015934,4.536659482388316,1.2517025519021385,7.785640998557442
source_representative,boltzina_vina_far_binary,all_determinate,373,6496,51.17848518074714,67.01386313571763,68.49270414582963,17.314218965082496,13.62634552444972,20.990747672337516,1.4788410101119642,-0.20003175156877553,3.186882375475735,17.480127413990466,13.8158373168886,21.1067851036642
source_representative,boltzina_vina_zero_affinity,all_determinate,373,6496,51.17848518074714,56.334290895722575,55.54923621422746,4.370751033480325,1.0500385769321467,7.669734908710665,-0.785054681495112,-2.6815752223013587,1.14445542015934,4.536659482388316,1.2517025519021385,7.785640998557442
source_representative,boltzina_vina_zero_binary,all_determinate,373,6496,51.17848518074714,67.01386313571763,68.49270414582963,17.314218965082496,13.62634552444972,20.990747672337516,1.4788410101119642,-0.20003175156877553,3.186882375475735,17.480127413990466,13.8158373168886,21.1067851036642
source_representative,gnina,all_determinate,373,6496,51.17848518074714,61.29066023803485,59.21067220809927,8.032187027352133,4.867470142728246,11.243780704870334,-2.0799880299355866,-3.889187713381069,-0.22564304757681514,8.28441618038559,5.164724018103645,11.463481017454216
source_representative,nesso_affinity,all_determinate,373,6496,51.17848518074714,55.52116258945799,55.12107873234711,3.942593551599971,0.3734231272498272,7.46879729811867,-0.4000838571108889,-2.000016392135643,1.2000777077163083,4.194822704633427,0.6582383529869685,7.733414323358671
source_representative,nesso_binary,all_determinate,373,6496,51.17848518074714,61.90976568175236,62.515664940645166,11.337179759898032,7.660926774507913,14.960445357260205,0.6058992588927947,-1.2549123318331212,2.426817308574328,11.589408912931487,7.880227544349798,15.212755077113924
source_representative,raw_ad4,all_determinate,373,6496,51.17848518074714,54.321629750800746,53.982616414550286,2.804131233803153,1.5228120377677674,4.158237783098528,-0.33901333625045993,-4.151954141947299,3.449524241147328,3.0563603868366096,1.7811933432379263,4.422617387598978
source_representative,raw_gnina_own,all_determinate,373,6496,51.17848518074714,62.776057059596,59.68133966525385,8.502854484506717,5.433966673497862,11.728954455938414,-3.09471739434215,-5.02795554893175,-1.1594940259053055,8.635929630986695,5.601467970220659,11.819172095849446
source_representative,vina,all_determinate,373,6496,51.17848518074714,58.04399141812817,58.97283447505598,7.794349294308844,5.084755983901346,10.594940868480991,0.9288430569277972,-2.433097490434245,4.399251236932162,8.046578447342313,5.3467648849747365,10.873341850209279
source_representative,boltz_affinity,both_exact,261,2235,50.65592985133216,58.27234210375972,55.35501889908021,4.699089047748051,-0.02632329694091419,9.446148473148472,-2.9173232046795117,-5.630411604746068,-0.36769661849028734,4.571375126930688,-0.19109583730770346,9.302463434968349
source_representative,boltz_binary,both_exact,261,2235,50.65592985133216,61.93682860349525,62.09920773139164,11.443277880059476,6.286409003982244,16.432311559823088,0.16237912789637265,-2.451456252961898,2.8052246057884562,11.315563959242114,6.135162761909577,16.263575848602546
source_representative,boltzina_vina_far_affinity,both_exact,261,2235,50.65592985133216,57.47355879539787,53.499195568161085,2.8432657168289244,-1.091698841698828,6.788288771720291,-3.97436322723681,-6.910141241839169,-1.0993952844590043,3.438047690921242,-0.6978869016838287,7.555063253371517
source_representative,boltzina_vina_far_binary,both_exact,261,2235,50.65592985133216,63.738986286879005,63.240920424828474,12.584990573496313,7.210332004908787,18.00876873013753,-0.49806586205053405,-3.160099937261951,2.0537597513288044,13.179772547588641,7.968533659470184,18.472773714153035
source_representative,boltzina_vina_zero_affinity,both_exact,261,2235,50.65592985133216,57.47355879539787,53.499195568161085,2.8432657168289244,-1.091698841698828,6.788288771720291,-3.97436322723681,-6.910141241839169,-1.0993952844590043,3.438047690921242,-0.6978869016838287,7.555063253371517
source_representative,boltzina_vina_zero_binary,both_exact,261,2235,50.65592985133216,63.738986286879005,63.240920424828474,12.584990573496313,7.210332004908787,18.00876873013753,-0.49806586205053405,-3.160099937261951,2.0537597513288044,13.179772547588641,7.968533659470184,18.472773714153035
source_representative,gnina,both_exact,261,2235,50.65592985133216,58.76546895703982,58.59801260184403,7.94208275051187,3.219081347960028,12.629078130737062,-0.16745635519581636,-3.3365461913703056,2.945419254658369,8.409150803786813,3.752378237748942,13.051718368295981
source_representative,nesso_affinity,both_exact,261,2235,50.65592985133216,54.24660765656933,53.83961859057644,3.1836887392442836,-1.830808838413587,8.109418784826495,-0.4069890659929021,-2.6956300781300784,1.6894466682380278,3.6507567925192386,-1.2614514497432365,8.549760958489848
source_representative,nesso_binary,both_exact,261,2235,50.65592985133216,58.81406659184436,58.019973498900704,7.364043647568542,1.9433301924110735,12.779356991395858,-0.7940930929436707,-3.930883432344459,2.33715580798674,7.831111700843496,2.573952431278604,13.199544858348498
source_representative,raw_ad4,both_exact,261,2235,50.65592985133216,50.72764683875795,53.3678234636089,2.711893612276739,0.9711730526722029,4.800970834149846,2.640176624850965,-2.8948707602773767,8.28747609327303,3.178961665551705,1.3417850846475876,5.284438245901256
source_representative,raw_gnina_own,both_exact,261,2235,50.65592985133216,60.45267489711934,56.98896463264279,6.333034781310632,1.2531238357077685,11.385732318111518,-3.4637102644765494,-6.635238937234727,-0.5166552254582507,6.800102834585586,1.6672749689569955,11.941860772732857
source_representative,vina,both_exact,261,2235,50.65592985133216,49.54656490097103,56.026521371348956,5.370591520016799,1.292616131750117,9.703652056685144,6.479956470377929,0.7665071193906497,12.094817584917713,5.837659573291754,1.7476401969531798,10.010417623713506
assay_envelope,boltz_affinity,all_determinate,377,6362,51.30100028188771,56.57790968737226,56.699324400282535,5.398324118394826,2.1399496074841937,8.641025466617021,0.12141471291027273,-1.6918912001264181,1.9739096669948946,5.398324118394826,2.1399496074841937,8.641025466617021
assay_envelope,boltz_binary,all_determinate,377,6362,51.30100028188771,66.87217269754822,67.46737444120504,16.166374159317332,12.598829273154172,19.630871733201584,0.5952017436568147,-1.1232238210427898,2.371026064616765,16.166374159317332,12.598829273154172,19.630871733201584
assay_envelope,boltzina_vina_far_affinity,all_determinate,377,6362,51.30100028188771,56.79041420989718,56.07336755157054,4.772367269682832,1.2058313939445782,8.19214618260187,-0.7170466583266366,-2.6181312294680517,1.2307686441099996,4.756683719516531,1.2402078706449733,8.176017782810236
assay_envelope,boltzina_vina_far_binary,all_determinate,377,6362,51.30100028188771,67.68577604394237,69.24838125229734,17.947380970409622,14.242735055668607,21.595946550445188,1.5626052083549613,-0.06273834719694699,3.260423572789074,17.93169742024332,14.240251442850044,21.564748288093128
assay_envelope,boltzina_vina_zero_affinity,all_determinate,377,6362,51.30100028188771,56.79041420989718,56.065788923302264,4.764788641414553,1.19845945424685,8.184203037083401,-0.7246252865949154,-2.6282441760278616,1.2280026336488061,4.749105091248252,1.2314110396218476,8.176017782810236
assay_envelope,boltzina_vina_zero_binary,all_determinate,377,6362,51.30100028188771,67.68577604394237,69.24838125229734,17.947380970409622,14.242735055668607,21.595946550445188,1.5626052083549613,-0.06273834719694699,3.260423572789074,17.93169742024332,14.240251442850044,21.564748288093128
assay_envelope,gnina,all_determinate,377,6362,51.30100028188771,61.71693297360324,59.84220713616559,8.541206854277883,5.309769104934803,11.838813055645387,-1.8747258374376408,-3.6912299376314546,-0.03339443448773159,8.501409486894307,5.273953826044704,11.827712096439653
assay_envelope,nesso_affinity,all_determinate,377,6362,51.30100028188771,55.53065569079979,55.047943747926,3.7469434660382883,0.1165895407725745,7.311348121189945,-0.4827119428737925,-2.168392743467171,1.2117988400180166,3.7071460986547122,0.06543684962144915,7.288091753323143
assay_envelope,nesso_binary,all_determinate,377,6362,51.30100028188771,62.41108114447099,63.27486747240065,11.973867190512944,8.263827533067865,15.65420873109716,0.8637863279296609,-0.98907163263753,2.6741143902650464,11.934069823129366,8.18033115033134,15.61610852980678
assay_envelope,raw_ad4,all_determinate,377,6362,51.30100028188771,54.46264237695985,54.181683217713584,2.8806829358258734,1.569863767831374,4.281444008701795,-0.28095915924626347,-4.176556449147516,3.613001416889848,2.8408855684422973,1.4817421284390735,4.249779044771501
assay_envelope,raw_gnina_own,all_determinate,377,6362,51.30100028188771,63.107296609669405,59.82849668722901,8.527496405341306,5.460363600946423,11.76760710972376,-3.2787999224403785,-5.289304546899206,-1.282682429809074,8.487699037957741,5.443007200001425,11.744052886266253
assay_envelope,vina,all_determinate,377,6362,51.30100028188771,58.148419658426654,59.89320150679435,8.592201224906637,5.864111415447517,11.421722850447582,1.7447818483676936,-1.6382786103175735,5.081680510568403,8.55240385752306,5.837795612901605,11.389405456479238
assay_envelope,boltz_affinity,both_exact,252,1976,51.5206772944868,59.09877306702703,55.44663376012582,3.9259564656390133,-0.4035998343109434,8.291657259168032,-3.6521393069012142,-6.433168123153725,-1.1213146167557955,3.925956465638991,-0.4035998343109434,8.291657259168032
assay_envelope,boltz_binary,both_exact,252,1976,51.5206772944868,61.123536956870296,61.23399528161433,9.713317987127523,4.480518002034399,14.942796743091508,0.11045832474403383,-2.7926440201360427,2.9924229728387663,9.713317987127501,4.480518002034399,14.942796743091508
assay_envelope,boltzina_vina_far_affinity,both_exact,252,1976,51.5206772944868,57.29262580453057,53.96567717996289,2.4449998854760846,-1.7739896546736695,6.660896477656079,-3.3269486245676716,-6.246134796722918,-0.5387810638338074,2.4449998854760735,-1.7632766413496999,6.63027758938817
assay_envelope,boltzina_vina_far_binary,both_exact,252,1976,51.5206772944868,62.941871473617496,63.041096910144525,11.520419615657717,6.494202464025942,16.72159092311334,0.09922543652702842,-2.5164369809614864,2.603520181603419,11.520419615657707,6.432075969931468,16.77427781940115
assay_envelope,boltzina_vina_zero_affinity,both_exact,252,1976,51.5206772944868,57.29262580453057,53.96567717996289,2.4449998854760846,-1.7739896546736695,6.660896477656079,-3.3269486245676716,-6.246134796722918,-0.5387810638338074,2.4449998854760735,-1.7632766413496999,6.63027758938817
assay_envelope,boltzina_vina_zero_binary,both_exact,252,1976,51.5206772944868,62.941871473617496,63.041096910144525,11.520419615657717,6.494202464025942,16.72159092311334,0.09922543652702842,-2.5164369809614864,2.603520181603419,11.520419615657707,6.432075969931468,16.77427781940115
assay_envelope,gnina,both_exact,252,1976,51.5206772944868,58.525800331355896,59.01396810126969,7.493290806782882,2.6335236792271446,12.531237898557803,0.4881677699137832,-2.6332615578701914,3.771682298099241,7.4932908067828485,2.633523140065448,12.551360617367713
assay_envelope,nesso_affinity,both_exact,252,1976,51.5206772944868,54.30473480076655,54.132128159905946,2.6114508654191404,-2.285437270315223,7.610395935284908,-0.1726066408606064,-2.392692954388605,1.8208569408895168,2.611450865419118,-2.3367902232690168,7.635516964780383
assay_envelope,nesso_binary,both_exact,252,1976,51.5206772944868,59.81290608274736,59.27673370133688,7.756056406850076,2.6468917530175764,12.999530970327747,-0.5361723814104602,-3.4390090571367162,2.3044578875785815,7.756056406850053,2.590736513184727,13.005459407309909
assay_envelope,raw_ad4,both_exact,252,1976,51.5206772944868,51.71640822434473,53.880204157981936,2.3595268634951316,0.6809595497095443,4.342741049531158,2.1637959336372026,-3.570222011669069,7.943254922115785,2.3595268634951094,0.7007044303988021,4.286385448092888
assay_envelope,raw_gnina_own,both_exact,252,1976,51.5206772944868,60.43293860754177,57.48315543950465,5.962478145017847,0.9160125966158471,11.261870900210823,-2.9497831680371345,-6.548247689441296,0.5656580099861142,5.962478145017814,0.9267903072489356,11.270239881182539
assay_envelope,vina,both_exact,252,1976,51.5206772944868,50.85217729066937,57.52218901028425,6.001511715797447,1.8458992392783984,10.301466182440688,6.670011719614899,0.9400569224995078,12.355700791989944,6.001511715797426,1.8253062635842656,10.32555060798166
