dataset,output_id,producer_id,producer_version,related_output_group,native_source_field,higher_is_stronger_transform,finite_cells,total_cells,archive_file,archive_sha256,oriented_array_npy_sha256,verification,oriented_array_serialization_scope
SPD,boltz_affinity,spd_boltz2_cofolding,Boltz 2.2.1,Boltz 2 cofolding heads,affinity_pred_value,negate,9290,9300,data/raw/spd/native_scores.npz,9a5f6f19388be4eca3b91789a7a330ddea41078cdb75a70f7d4120a00f153e50,166ad3aa5a418924758fc0f4c99601a31bc7292af39f557aea4935a9e4f25836,Original producer-export NPY hash and ordered-axis check,930x10 matrix in published molecule/target order
SPD,boltz_binary,spd_boltz2_cofolding,Boltz 2.2.1,Boltz 2 cofolding heads,affinity_probability_binary,identity,9290,9300,data/raw/spd/native_scores.npz,9a5f6f19388be4eca3b91789a7a330ddea41078cdb75a70f7d4120a00f153e50,81ec3504297a732f600114239d16002d036ac12274196851b1d04a5d451fae33,Original producer-export NPY hash and ordered-axis check,930x10 matrix in published molecule/target order
SPD,boltzina_vina_far_affinity,spd_boltzina_supplied_pose,Boltzina 1.0.1;Boltz 2.2.1,Boltz 2 affinity model; supplied-pose protocols,affinity_pred_value,negate,9110,9300,data/raw/spd/native_scores.npz,9a5f6f19388be4eca3b91789a7a330ddea41078cdb75a70f7d4120a00f153e50,86b96e78b75cea7aba393d2b787b4ac194e284d5a1df7f0bb012eb098fa63802,Original producer-export NPY hash and ordered-axis check,930x10 matrix in published molecule/target order
SPD,boltzina_vina_far_binary,spd_boltzina_supplied_pose,Boltzina 1.0.1;Boltz 2.2.1,Boltz 2 affinity model; supplied-pose protocols,affinity_probability_binary,identity,9110,9300,data/raw/spd/native_scores.npz,9a5f6f19388be4eca3b91789a7a330ddea41078cdb75a70f7d4120a00f153e50,f41016b39efe784bc720a6c3dd036be5402dad58b86fb21524c9d4b31ace22eb,Original producer-export NPY hash and ordered-axis check,930x10 matrix in published molecule/target order
SPD,boltzina_vina_zero_affinity,spd_boltzina_supplied_pose,Boltzina 1.0.1;Boltz 2.2.1,Boltz 2 affinity model; supplied-pose protocols,affinity_pred_value,negate,9110,9300,data/raw/spd/native_scores.npz,9a5f6f19388be4eca3b91789a7a330ddea41078cdb75a70f7d4120a00f153e50,2056b30a4b09ae802d53d3ba787bda41cdd69415e092d421f7a53a5df3759baa,Original producer-export NPY hash and ordered-axis check,930x10 matrix in published molecule/target order
SPD,boltzina_vina_zero_binary,spd_boltzina_supplied_pose,Boltzina 1.0.1;Boltz 2.2.1,Boltz 2 affinity model; supplied-pose protocols,affinity_probability_binary,identity,9110,9300,data/raw/spd/native_scores.npz,9a5f6f19388be4eca3b91789a7a330ddea41078cdb75a70f7d4120a00f153e50,d8546503a1b3b43ae1b8611f6c4db8c5c8d2a52359e712e3ac3b0249029f0252,Original producer-export NPY hash and ordered-axis check,930x10 matrix in published molecule/target order
SPD,gnina,spd_gnina_fixed_pose,unresolved,GNINA CNN; fixed Vina pose,CNNaffinity,identity,9179,9300,data/raw/spd/native_scores.npz,9a5f6f19388be4eca3b91789a7a330ddea41078cdb75a70f7d4120a00f153e50,3f506c7f645a26de4038e300ccd98da7e33173d663b324f2c3406d80b19751b5,"Exact keyed-table reconstruction, including missingness",930x10 matrix in published molecule/target order
SPD,nesso_affinity,spd_nesso1,Nesso 1.0.0,Nesso 1 heads,affinity_pred_value,negate,9180,9300,data/raw/spd/native_scores.npz,9a5f6f19388be4eca3b91789a7a330ddea41078cdb75a70f7d4120a00f153e50,b34f60891888b632f508b653b0c5b17aa09f01d632c2d4565f4ec43d5be77a19,"Exact keyed-table reconstruction, including missingness",930x10 matrix in published molecule/target order
SPD,nesso_binary,spd_nesso1,Nesso 1.0.0,Nesso 1 heads,affinity_probability_binary,identity,9180,9300,data/raw/spd/native_scores.npz,9a5f6f19388be4eca3b91789a7a330ddea41078cdb75a70f7d4120a00f153e50,9341ed979881b97cedda1a40d27d5e6524784dbd34863e55759adb8fa6caa569,"Exact keyed-table reconstruction, including missingness",930x10 matrix in published molecule/target order
SPD,raw_ad4,spd_autodock_gpu_ad4,AutoDock-GPU 1.6,AD4 scoring,binding_energy_kcal_mol,negate,9180,9300,data/raw/spd/native_scores.npz,9a5f6f19388be4eca3b91789a7a330ddea41078cdb75a70f7d4120a00f153e50,4b24f88056ce32cb5ad087ea65fb75f18e0f983bc03c059b6dd7b74ddf4b70c8,"Exact keyed-table reconstruction, including missingness",930x10 matrix in published molecule/target order
SPD,raw_gnina_own,spd_gnina_own_search,GNINA v1.3.3,GNINA CNN; own search,CNNaffinity,identity,9169,9300,data/raw/spd/native_scores.npz,9a5f6f19388be4eca3b91789a7a330ddea41078cdb75a70f7d4120a00f153e50,b9a46109bd94924fbe7c35a571dd1a71881351fb6ad326ea7463a5fe3c364fb1,Original producer-export NPY hash and ordered-axis check,930x10 matrix in published molecule/target order
SPD,vina,spd_vina_gpu,Vina-GPU 2.1 custom build,Vina docking,minimum saved Vina energy,negate,9180,9300,data/raw/spd/native_scores.npz,9a5f6f19388be4eca3b91789a7a330ddea41078cdb75a70f7d4120a00f153e50,8189ca81986908d3e399582f246dc5aa2b67f76011642c6a0e90d0fe3599b830,Exact keyed cross-check for 9179 of 9180 finite cells; remaining cell unresolved,930x10 matrix in published molecule/target order
DAVIS,boltz_affinity,davis_cached_boltz2,unresolved,Two stored Boltz 2 members and derived ensemble outputs,aff,negate,31824,31824,data/raw/davis/affinity_out.npz,fa366a026b6a75e9abf3f865ec4253fcea7bc736cbf72d0e68ec936c71f2830b,934d95e8bc92024fed3fe5cbfabb0166e4ac0e13ea079386bf9f7d66d09b5096,Keyed CID/construct join and native-field reconstruction; original inference producer unresolved,31824-vector in source prediction-row order; join cids/proteins before reshaping
DAVIS,boltz_binder,davis_cached_boltz2,unresolved,Two stored Boltz 2 members and derived ensemble outputs,"prob1,prob2",arithmetic mean,31824,31824,data/raw/davis/affinity_out.npz,fa366a026b6a75e9abf3f865ec4253fcea7bc736cbf72d0e68ec936c71f2830b,2a8bab7a948664a50702b8c45c8672e3f66a1b64963d82c47bbca63a4472b626,Keyed CID/construct join and native-field reconstruction; original inference producer unresolved,31824-vector in source prediction-row order; join cids/proteins before reshaping
DAVIS,affinity_member1,davis_cached_boltz2,unresolved,Two stored Boltz 2 members and derived ensemble outputs,aff1,negate,31824,31824,data/raw/davis/affinity_out.npz,fa366a026b6a75e9abf3f865ec4253fcea7bc736cbf72d0e68ec936c71f2830b,dd2fe64947d3b3a8abb00757ba7112ce1c32c5380e990465ba23ae4332ad657f,Keyed CID/construct join and native-field reconstruction; original inference producer unresolved,31824-vector in source prediction-row order; join cids/proteins before reshaping
DAVIS,affinity_member2,davis_cached_boltz2,unresolved,Two stored Boltz 2 members and derived ensemble outputs,aff2,negate,31824,31824,data/raw/davis/affinity_out.npz,fa366a026b6a75e9abf3f865ec4253fcea7bc736cbf72d0e68ec936c71f2830b,8adc03dfdc8ce421fc6726f667fa4c630ee722b2850bfd8938d4cf3562c773ca,Keyed CID/construct join and native-field reconstruction; original inference producer unresolved,31824-vector in source prediction-row order; join cids/proteins before reshaping
DAVIS,binder_member1,davis_cached_boltz2,unresolved,Two stored Boltz 2 members and derived ensemble outputs,prob1,identity,31824,31824,data/raw/davis/affinity_out.npz,fa366a026b6a75e9abf3f865ec4253fcea7bc736cbf72d0e68ec936c71f2830b,7c860ffa648e0351fdea4e7429fe2011dad5891df64dc3fc874fdebc9ec6753e,Keyed CID/construct join and native-field reconstruction; original inference producer unresolved,31824-vector in source prediction-row order; join cids/proteins before reshaping
DAVIS,binder_member2,davis_cached_boltz2,unresolved,Two stored Boltz 2 members and derived ensemble outputs,prob2,identity,31824,31824,data/raw/davis/affinity_out.npz,fa366a026b6a75e9abf3f865ec4253fcea7bc736cbf72d0e68ec936c71f2830b,51212ae1d27d4e8c83df803215b4401c2aa13e2c9bf394b2b9e9f3e224953428,Keyed CID/construct join and native-field reconstruction; original inference producer unresolved,31824-vector in source prediction-row order; join cids/proteins before reshaping
