policy,stratum,output,fraction,contrast,queries,scaffold_groups,pairs,candidate_macro,reference_macro,paired_macro_increment,bootstrap_macro_p025,bootstrap_macro_p975,paired_pooled_increment,bootstrap_pooled_p025,bootstrap_pooled_p975
source_representative,all_determinate,boltz_affinity,0.125,mean_relative_minus_mean,373,302,6496,0.6302553250856249,0.6166489545667134,0.013606370518911502,-0.009195015326281765,0.03675412395270697,0.02878694581280788,0.012761923461592741,0.04657299619189913
source_representative,all_determinate,boltz_affinity,0.125,mean_minus_availability,373,302,6496,0.6166489545667134,0.6351065021307706,-0.01845754756405723,-0.04020834229849445,0.0039169490900702476,-0.00769704433497537,-0.023126869767341757,0.007165760719597056
source_representative,all_determinate,boltz_affinity,0.25,mean_relative_minus_mean,373,302,6496,0.6531303973494184,0.6261646362696323,0.02696576107978614,0.0014734180665448484,0.05426150150009369,0.044642857142857144,0.025062646888079475,0.06495533459228
source_representative,all_determinate,boltz_affinity,0.25,mean_minus_availability,373,302,6496,0.6261646362696323,0.6581115196897699,-0.03194688342013768,-0.05087434740018002,-0.014094817076722123,-0.02878694581280788,-0.04363410825606357,-0.015498071628924238
source_representative,all_determinate,boltz_affinity,0.5,mean_relative_minus_mean,373,302,6496,0.7008968565997469,0.6699885366443189,0.030908319955428077,-0.0036129214419263487,0.06365106943509811,0.03910098522167488,0.015898293391442636,0.06518415955482641
source_representative,all_determinate,boltz_affinity,0.5,mean_minus_availability,373,302,6496,0.6699885366443189,0.6916130195058066,-0.02162448286148769,-0.03923808519426816,-0.004466260297875133,-0.014316502463054187,-0.028014016344781248,-0.002361739957495179
source_representative,all_determinate,boltz_affinity,1.0,mean_relative_minus_mean,373,302,6496,0.7145791959337338,0.6962766699106979,0.018302526023035826,-0.01691397669297765,0.0492012360283934,0.03217364532019704,0.012769223050067776,0.052775729591172174
source_representative,all_determinate,boltz_affinity,1.0,mean_minus_availability,373,302,6496,0.6962766699106979,0.7112178424751265,-0.014941172564428697,-0.03115840593752334,0.0010599596898942794,-0.01770320197044335,-0.02920287452758496,-0.007147851861726781
source_representative,all_determinate,boltz_binary,0.125,mean_relative_minus_mean,373,302,6496,0.6630789260273692,0.6262753955741734,0.036803530453195794,0.01283671189386862,0.06370417529329946,0.033097290640394086,0.018220660059255458,0.049898546019268804
source_representative,all_determinate,boltz_binary,0.125,mean_minus_availability,373,302,6496,0.6262753955741734,0.6351065021307706,-0.00883110655659725,-0.028923971510276217,0.01028413427592544,-0.012469211822660099,-0.028114914394272963,0.0032582193793180476
source_representative,all_determinate,boltz_binary,0.25,mean_relative_minus_mean,373,302,6496,0.68721040695285,0.657939377928875,0.029271029023975034,0.010862390238981815,0.04695841416632714,0.028017241379310345,0.013598397036464739,0.042578161216255135
source_representative,all_determinate,boltz_binary,0.25,mean_minus_availability,373,302,6496,0.657939377928875,0.6581115196897699,-0.00017214176089476522,-0.02057144394850599,0.020154293885897165,-0.008466748768472906,-0.025348273705673913,0.008784791872498816
source_representative,all_determinate,boltz_binary,0.5,mean_relative_minus_mean,373,302,6496,0.7146813455054752,0.7006685829331749,0.014012762572300315,-0.010590029971747655,0.03586172194607039,0.012007389162561576,-0.0033942219613722568,0.02719252301700732
source_representative,all_determinate,boltz_binary,0.5,mean_minus_availability,373,302,6496,0.7006685829331749,0.6916130195058066,0.009055563427368258,-0.010351536062561461,0.0279174432700146,0.001539408866995074,-0.013820684342294474,0.017955958897852207
source_representative,all_determinate,boltz_binary,1.0,mean_relative_minus_mean,373,302,6496,0.7198870986610347,0.700504630961808,0.019382467699226857,-0.001574841540188725,0.03935374657704862,0.02062807881773399,0.00742018036177555,0.035404891465073626
source_representative,all_determinate,boltz_binary,1.0,mean_minus_availability,373,302,6496,0.700504630961808,0.7112178424751265,-0.010713211513318598,-0.024174138657962228,0.001937492448974517,-0.009082512315270935,-0.019696603740027577,0.0006430833251600751
source_representative,all_determinate,boltzina_vina_far_affinity,0.125,mean_relative_minus_mean,373,302,6496,0.6360055981213936,0.6179305568880088,0.018075041233384798,-0.005662292755081544,0.044678913516353135,0.03294334975369458,0.016189713190124036,0.05119228650967086
source_representative,all_determinate,boltzina_vina_far_affinity,0.125,mean_minus_availability,373,302,6496,0.6179305568880088,0.6368181580649467,-0.01888760117693785,-0.039372589686939824,0.0011180935515086178,-0.013084975369458128,-0.027982802312154716,0.0015747862188521876
source_representative,all_determinate,boltzina_vina_far_affinity,0.25,mean_relative_minus_mean,373,302,6496,0.6676909099040945,0.6219876848789962,0.045703225025098174,0.020349521027075844,0.07102977296219433,0.05434113300492611,0.03676583193777581,0.07250252766759976
source_representative,all_determinate,boltzina_vina_far_affinity,0.25,mean_minus_availability,373,302,6496,0.6219876848789962,0.6586343938218934,-0.036646708942896955,-0.055186397761194265,-0.01877872220197999,-0.029710591133004925,-0.04378620726255849,-0.01691875956277054
source_representative,all_determinate,boltzina_vina_far_affinity,0.5,mean_relative_minus_mean,373,302,6496,0.702699495767996,0.6846533662043536,0.01804612956364224,-0.013493188090270834,0.04317510219808587,0.03479064039408867,0.015154925299346238,0.05496526038566392
source_representative,all_determinate,boltzina_vina_far_affinity,0.5,mean_minus_availability,373,302,6496,0.6846533662043536,0.6889382386582638,-0.004284872453910199,-0.02448064513135164,0.01575710970327067,-0.005387931034482759,-0.022745740929259628,0.010393561031212414
source_representative,all_determinate,boltzina_vina_far_affinity,1.0,mean_relative_minus_mean,373,302,6496,0.7157543999535855,0.6926105705810642,0.023143829372521258,-0.007254636218670198,0.048770589763099954,0.03479064039408867,0.01605918460152845,0.05334624226375106
source_representative,all_determinate,boltzina_vina_far_affinity,1.0,mean_minus_availability,373,302,6496,0.6926105705810642,0.7101481688206347,-0.017537598239570212,-0.03300380848389965,-0.0025622751732277353,-0.020474137931034482,-0.031988714636637446,-0.009723156366233505
source_representative,all_determinate,boltzina_vina_far_binary,0.125,mean_relative_minus_mean,373,302,6496,0.6554642519458962,0.6306826720245751,0.024781579921321184,0.00208892683919487,0.04985675168664015,0.028633004926108374,0.013769808642229528,0.045352645381073774
source_representative,all_determinate,boltzina_vina_far_binary,0.125,mean_minus_availability,373,302,6496,0.6306826720245751,0.6368181580649467,-0.006135486040371574,-0.02637828767384907,0.014939088816200721,-0.012469211822660099,-0.02837222201243425,0.0037947575135371483
source_representative,all_determinate,boltzina_vina_far_binary,0.25,mean_relative_minus_mean,373,302,6496,0.6786925215150582,0.6621001662337036,0.01659235528135452,0.00038883842319308026,0.03278925524803601,0.02832512315270936,0.016720298616962705,0.04054935942413518
source_representative,all_determinate,boltzina_vina_far_binary,0.25,mean_minus_availability,373,302,6496,0.6621001662337036,0.6586343938218934,0.003465772411810447,-0.015869206830710813,0.0229723739819738,-0.004618226600985222,-0.019511813401315834,0.011479921271488025
source_representative,all_determinate,boltzina_vina_far_binary,0.5,mean_relative_minus_mean,373,302,6496,0.6950610980500596,0.6866356606494993,0.008425437400560303,-0.016663480925330862,0.03265383639182394,0.014932266009852218,-0.0027197609258993363,0.033147515917611545
source_representative,all_determinate,boltzina_vina_far_binary,0.5,mean_minus_availability,373,302,6496,0.6866356606494993,0.6889382386582638,-0.0023025780087644553,-0.022491893971734005,0.01798404671931259,-0.0066194581280788175,-0.02514188760733389,0.01192106626922698
source_representative,all_determinate,boltzina_vina_far_binary,1.0,mean_relative_minus_mean,373,302,6496,0.7163710300526581,0.7014761169569319,0.01489491309572628,-0.006273796805822101,0.034637579309814294,0.02185960591133005,0.0071691873127350215,0.03697013951002572
source_representative,all_determinate,boltzina_vina_far_binary,1.0,mean_minus_availability,373,302,6496,0.7014761169569319,0.7101481688206347,-0.00867205186370266,-0.022713699814034455,0.004804369722323931,-0.009236453201970444,-0.019891899011471714,0.00032287046156391437
source_representative,all_determinate,boltzina_vina_zero_affinity,0.125,mean_relative_minus_mean,373,302,6496,0.6360055981213936,0.618026305643275,0.017979292478118615,-0.005779793865487461,0.04458403223959174,0.03278940886699507,0.015981811256635826,0.05106004684214585
source_representative,all_determinate,boltzina_vina_zero_affinity,0.125,mean_minus_availability,373,302,6496,0.618026305643275,0.6368181580649467,-0.018791852421671664,-0.039281681613657804,0.0013078703482645466,-0.01293103448275862,-0.027824225204039398,0.0018030641667632435
source_representative,all_determinate,boltzina_vina_zero_affinity,0.25,mean_relative_minus_mean,373,302,6496,0.6676909099040945,0.6219876848789962,0.045703225025098174,0.020349521027075844,0.07102977296219433,0.05434113300492611,0.03676583193777581,0.07250252766759976
source_representative,all_determinate,boltzina_vina_zero_affinity,0.25,mean_minus_availability,373,302,6496,0.6219876848789962,0.6586343938218934,-0.036646708942896955,-0.055186397761194265,-0.01877872220197999,-0.029710591133004925,-0.04378620726255849,-0.01691875956277054
source_representative,all_determinate,boltzina_vina_zero_affinity,0.5,mean_relative_minus_mean,373,302,6496,0.702699495767996,0.6846533662043536,0.01804612956364224,-0.013493188090270834,0.04317510219808587,0.03479064039408867,0.015154925299346238,0.05496526038566392
source_representative,all_determinate,boltzina_vina_zero_affinity,0.5,mean_minus_availability,373,302,6496,0.6846533662043536,0.6889382386582638,-0.004284872453910199,-0.02448064513135164,0.01575710970327067,-0.005387931034482759,-0.022745740929259628,0.010393561031212414
source_representative,all_determinate,boltzina_vina_zero_affinity,1.0,mean_relative_minus_mean,373,302,6496,0.7157543999535855,0.6926105705810642,0.023143829372521258,-0.007254636218670198,0.048770589763099954,0.03479064039408867,0.01605918460152845,0.05334624226375106
source_representative,all_determinate,boltzina_vina_zero_affinity,1.0,mean_minus_availability,373,302,6496,0.6926105705810642,0.7101481688206347,-0.017537598239570212,-0.03300380848389965,-0.0025622751732277353,-0.020474137931034482,-0.031988714636637446,-0.009723156366233505
source_representative,all_determinate,boltzina_vina_zero_binary,0.125,mean_relative_minus_mean,373,302,6496,0.6554642519458962,0.6306826720245751,0.024781579921321184,0.00208892683919487,0.04985675168664015,0.028633004926108374,0.013769808642229528,0.045352645381073774
source_representative,all_determinate,boltzina_vina_zero_binary,0.125,mean_minus_availability,373,302,6496,0.6306826720245751,0.6368181580649467,-0.006135486040371574,-0.02637828767384907,0.014939088816200721,-0.012469211822660099,-0.02837222201243425,0.0037947575135371483
source_representative,all_determinate,boltzina_vina_zero_binary,0.25,mean_relative_minus_mean,373,302,6496,0.6786925215150582,0.6621001662337036,0.01659235528135452,0.00038883842319308026,0.03278925524803601,0.02832512315270936,0.016720298616962705,0.04054935942413518
source_representative,all_determinate,boltzina_vina_zero_binary,0.25,mean_minus_availability,373,302,6496,0.6621001662337036,0.6586343938218934,0.003465772411810447,-0.015869206830710813,0.0229723739819738,-0.004618226600985222,-0.019511813401315834,0.011479921271488025
source_representative,all_determinate,boltzina_vina_zero_binary,0.5,mean_relative_minus_mean,373,302,6496,0.6950610980500596,0.6866356606494993,0.008425437400560303,-0.016663480925330862,0.03265383639182394,0.014932266009852218,-0.0027197609258993363,0.033147515917611545
source_representative,all_determinate,boltzina_vina_zero_binary,0.5,mean_minus_availability,373,302,6496,0.6866356606494993,0.6889382386582638,-0.0023025780087644553,-0.022491893971734005,0.01798404671931259,-0.0066194581280788175,-0.02514188760733389,0.01192106626922698
source_representative,all_determinate,boltzina_vina_zero_binary,1.0,mean_relative_minus_mean,373,302,6496,0.7163710300526581,0.7014761169569319,0.01489491309572628,-0.006273796805822101,0.034637579309814294,0.02185960591133005,0.0071691873127350215,0.03697013951002572
source_representative,all_determinate,boltzina_vina_zero_binary,1.0,mean_minus_availability,373,302,6496,0.7014761169569319,0.7101481688206347,-0.00867205186370266,-0.022713699814034455,0.004804369722323931,-0.009236453201970444,-0.019891899011471714,0.00032287046156391437
source_representative,all_determinate,gnina,0.125,mean_relative_minus_mean,373,302,6496,0.6302885232550053,0.6243652434227135,0.005923279832291838,-0.013598483338016297,0.025895968952594276,0.008466748768472906,-0.006856865208343483,0.02363885775137315
source_representative,all_determinate,gnina,0.125,mean_minus_availability,373,302,6496,0.6243652434227135,0.6350681931929653,-0.010702949770251746,-0.029005426985676624,0.007361842794422043,-0.010929802955665025,-0.022662866639468076,0.0006290900845164787
source_representative,all_determinate,gnina,0.25,mean_relative_minus_mean,373,302,6496,0.6474702111109376,0.6499924263630076,-0.002522215252070021,-0.028377754612101957,0.02211273972821565,-0.0026169950738916255,-0.020556908543976442,0.015378934933694096
source_representative,all_determinate,gnina,0.25,mean_minus_availability,373,302,6496,0.6499924263630076,0.6570706406998292,-0.007078214336821562,-0.0195136864631962,0.004093698380990631,-0.009082512315270935,-0.017884713717736977,-0.0011646130891356608
source_representative,all_determinate,gnina,0.5,mean_relative_minus_mean,373,302,6496,0.697136033331186,0.6770238826520082,0.020112150679177893,-0.009650363756159968,0.051645312542826796,0.021705665024630543,0.003662843515784692,0.0407705862192287
source_representative,all_determinate,gnina,0.5,mean_minus_availability,373,302,6496,0.6770238826520082,0.690310472346354,-0.01328658969434586,-0.041233031847815536,0.012232468403252036,-0.008158866995073892,-0.0262418784896171,0.010400909462506538
source_representative,all_determinate,gnina,1.0,mean_relative_minus_mean,373,302,6496,0.7073180807866782,0.7014223340512691,0.0058957467354090985,-0.00885129637774459,0.019237435854165468,0.0066194581280788175,-0.004234836022852505,0.017374630715831493
source_representative,all_determinate,gnina,1.0,mean_minus_availability,373,302,6496,0.7014223340512691,0.7083460888878774,-0.006923754836608259,-0.01836420192945187,0.004207281583908576,-0.0024630541871921183,-0.01052004208420377,0.005178780439856671
source_representative,all_determinate,nesso_affinity,0.125,mean_relative_minus_mean,373,302,6496,0.6714960514687163,0.6183406457795931,0.05315540568912314,0.022147571709905525,0.08667320420976495,0.044027093596059115,0.021446425898801084,0.06759289623109231
source_representative,all_determinate,nesso_affinity,0.125,mean_minus_availability,373,302,6496,0.6183406457795931,0.6350681931929653,-0.016727547413372013,-0.03820189444214557,0.003919191817862045,-0.0029248768472906403,-0.019154325228449978,0.012656847982934923
source_representative,all_determinate,nesso_affinity,0.25,mean_relative_minus_mean,373,302,6496,0.6879203122563967,0.6362762377264758,0.05164407452992077,0.025467866769302534,0.07879644049394993,0.059113300492610835,0.03586572213995862,0.08238892177537645
source_representative,all_determinate,nesso_affinity,0.25,mean_minus_availability,373,302,6496,0.6362762377264758,0.6570706406998292,-0.020794402973353308,-0.040096964643796494,-0.0033067530867563455,-0.019858374384236453,-0.03486078028869278,-0.006753703739960869
source_representative,all_determinate,nesso_affinity,0.5,mean_relative_minus_mean,373,302,6496,0.7120132128709706,0.6860891592774325,0.025924053593538093,-0.0003849427401800199,0.05057664566984098,0.04002463054187192,0.01942035428558715,0.060365169728165545
source_representative,all_determinate,nesso_affinity,0.5,mean_minus_availability,373,302,6496,0.6860891592774325,0.690310472346354,-0.004221313068921463,-0.0228672703616234,0.014280692214979638,-0.006003694581280788,-0.019962986668420557,0.007402256726253043
source_representative,all_determinate,nesso_affinity,1.0,mean_relative_minus_mean,373,302,6496,0.7193095447771615,0.7019667275136089,0.01734281726355256,-0.010820396279837,0.04363499015626949,0.025092364532019705,0.006904845081514532,0.043164916222910805
source_representative,all_determinate,nesso_affinity,1.0,mean_minus_availability,373,302,6496,0.7019667275136089,0.7083460888878774,-0.006379361374268514,-0.01847274804530074,0.005351794167696326,-0.007543103448275862,-0.016290322617358986,-0.0001631842327618657
source_representative,all_determinate,nesso_binary,0.125,mean_relative_minus_mean,373,302,6496,0.6650975149906666,0.6234452323383068,0.04165228265235977,0.019295386745519987,0.06378078869953069,0.044642857142857144,0.029178186414696064,0.06142336946919046
source_representative,all_determinate,nesso_binary,0.125,mean_minus_availability,373,302,6496,0.6234452323383068,0.6350681931929653,-0.011622960854658368,-0.03468711262332297,0.011577059212799928,-0.0067733990147783255,-0.020829025449926385,0.008012079895671315
source_representative,all_determinate,nesso_binary,0.25,mean_relative_minus_mean,373,302,6496,0.6746177040620218,0.6513483680518534,0.023269336010168427,0.0010784354839339504,0.044567102285123145,0.028017241379310345,0.009732217286404849,0.04521980294352882
source_representative,all_determinate,nesso_binary,0.25,mean_minus_availability,373,302,6496,0.6513483680518534,0.6570706406998292,-0.005722272647975788,-0.027033167660852057,0.015870108698997448,-0.00354064039408867,-0.019006751553008412,0.011779523159599023
source_representative,all_determinate,nesso_binary,0.5,mean_relative_minus_mean,373,302,6496,0.6973479423492431,0.6802612532698158,0.017086689079427356,-0.004348926894628435,0.03752262405875463,0.016779556650246306,-0.0014579676309678618,0.03480192425016865
source_representative,all_determinate,nesso_binary,0.5,mean_minus_availability,373,302,6496,0.6802612532698158,0.690310472346354,-0.01004921907653827,-0.035351698224866064,0.011507756590523624,-0.009390394088669951,-0.027113303461568334,0.007826133666539966
source_representative,all_determinate,nesso_binary,1.0,mean_relative_minus_mean,373,302,6496,0.7072181815630763,0.683792738939687,0.023425442623389327,0.005283178737367931,0.041343463628602695,0.019088669950738917,0.004004700931030013,0.03516950399680304
source_representative,all_determinate,nesso_binary,1.0,mean_minus_availability,373,302,6496,0.683792738939687,0.7083460888878774,-0.0245533499481905,-0.048557709733999505,-0.005888674558604312,-0.013392857142857142,-0.02608962700355001,-0.0022747774353246977
source_representative,all_determinate,raw_ad4,0.125,mean_relative_minus_mean,373,302,6496,0.6253997069180124,0.619918149138878,0.005481557779134338,-0.00473324644035895,0.017115162592463883,0.006311576354679803,-0.003289058663978884,0.01594388965913572
source_representative,all_determinate,raw_ad4,0.125,mean_minus_availability,373,302,6496,0.619918149138878,0.6350681931929653,-0.015150044054087139,-0.03129426640938997,0.0017448326704089664,-0.014008620689655173,-0.027480430115755218,-0.0015663276104901636
source_representative,all_determinate,raw_ad4,0.25,mean_relative_minus_mean,373,302,6496,0.6537311741260541,0.6623324442439447,-0.008601270117890452,-0.02034653288190376,0.001416618867063043,-0.0041564039408867,-0.011109005064021002,0.002221270212672998
source_representative,all_determinate,raw_ad4,0.25,mean_minus_availability,373,302,6496,0.6623324442439447,0.6570706406998292,0.0052618035441154105,-0.0031234779574962554,0.014733925165659969,0.003078817733990148,-0.0032933238870643863,0.009986096631417318
source_representative,all_determinate,raw_ad4,0.5,mean_relative_minus_mean,373,302,6496,0.7048144032904611,0.7016994820428237,0.003114921247637245,-0.002619436745395122,0.0091209896172976,0.003078817733990148,-0.0007754556882463859,0.006846337588371757
source_representative,all_determinate,raw_ad4,0.5,mean_minus_availability,373,302,6496,0.7016994820428237,0.690310472346354,0.011389009696469773,-0.0013392334314930368,0.02623317889692444,0.0066194581280788175,-0.005438160701318595,0.020485032137764248
source_representative,all_determinate,raw_ad4,1.0,mean_relative_minus_mean,373,302,6496,0.7083841653475996,0.708013619398335,0.00037054594926463316,-0.002391617322599134,0.0029923101094318344,0.000769704433497537,-0.001039234893906348,0.002582832401283273
source_representative,all_determinate,raw_ad4,1.0,mean_minus_availability,373,302,6496,0.708013619398335,0.7083460888878774,-0.00033246948954250593,-0.0030424740072830594,0.002709918047756922,-0.0009236453201970443,-0.002766381382864302,0.000917609928760031
source_representative,all_determinate,raw_gnina_own,0.125,mean_relative_minus_mean,373,302,6496,0.6313982581255749,0.631007593715491,0.0003906644100840191,-0.01948833471050151,0.02008608291381168,0.007543103448275862,-0.00771686748411738,0.023393215032016197
source_representative,all_determinate,raw_gnina_own,0.125,mean_minus_availability,373,302,6496,0.631007593715491,0.6350681931929653,-0.004060599477474187,-0.021908694204242813,0.014885779025518568,-0.004464285714285714,-0.015202837902724768,0.006231890570077235
source_representative,all_determinate,raw_gnina_own,0.25,mean_relative_minus_mean,373,302,6496,0.6441430147681768,0.6268068898103049,0.017336124957871898,-0.0032759311000758284,0.03910177558479309,0.018626847290640396,0.003515739855477429,0.03457571881979718
source_representative,all_determinate,raw_gnina_own,0.25,mean_minus_availability,373,302,6496,0.6268068898103049,0.6573100125879947,-0.030503122777689757,-0.05530051096955891,-0.011953043859784032,-0.026323891625615763,-0.04045537031085431,-0.014674697769712227
source_representative,all_determinate,raw_gnina_own,0.5,mean_relative_minus_mean,373,302,6496,0.7092348562590771,0.6998569111097104,0.009377945149366804,-0.01385552466145858,0.028464924473236355,0.010467980295566502,-0.004305470784701957,0.024465488224872475
source_representative,all_determinate,raw_gnina_own,0.5,mean_minus_availability,373,302,6496,0.6998569111097104,0.6894168172972029,0.010440093812507354,-0.006400939154784685,0.027240805687586196,0.0040024630541871924,-0.009564732561161304,0.018505942580608215
source_representative,all_determinate,raw_gnina_own,1.0,mean_relative_minus_mean,373,302,6496,0.7188441748248617,0.702985209162937,0.01585896566192459,-0.0027162440906965185,0.03221466339424689,0.005080049261083744,-0.006556011228906593,0.016578896803282825
source_representative,all_determinate,raw_gnina_own,1.0,mean_minus_availability,373,302,6496,0.702985209162937,0.7083567558579602,-0.005371546695023081,-0.017368337701794506,0.0062496549607867465,-0.002309113300492611,-0.009967551386982363,0.004494312462120838
source_representative,all_determinate,vina,0.125,mean_relative_minus_mean,373,302,6496,0.6432908474640308,0.6427855567149644,0.0005052907490663484,-0.016028020653034394,0.018207036757114964,-0.00046182266009852215,-0.011196686222955369,0.010548880482470315
source_representative,all_determinate,vina,0.125,mean_minus_availability,373,302,6496,0.6427855567149644,0.6350681931929653,0.0077173635219992326,-0.0077284910065448815,0.02285132600087528,0.002309113300492611,-0.008495862829350727,0.013383732002467747
source_representative,all_determinate,vina,0.25,mean_relative_minus_mean,373,302,6496,0.6695257954640408,0.650885456984692,0.018640338479348803,-0.003463179060798057,0.040742998414959555,0.012623152709359606,-0.0018367021089154463,0.027529238861031424
source_representative,all_determinate,vina,0.25,mean_minus_availability,373,302,6496,0.650885456984692,0.6570706406998292,-0.006185183715137136,-0.02341741368185517,0.01128688719828834,-0.00646551724137931,-0.017925600832928188,0.0039088348289245374
source_representative,all_determinate,vina,0.5,mean_relative_minus_mean,373,302,6496,0.7134100315799573,0.708205605614853,0.005204425965104324,-0.006617883840213449,0.016919824111199255,0.0066194581280788175,-0.0006107033564219322,0.01461363632477911
source_representative,all_determinate,vina,0.5,mean_minus_availability,373,302,6496,0.708205605614853,0.690310472346354,0.017895133268498897,0.0024954645547062993,0.03435770336055045,0.00769704433497537,-0.005192768531860436,0.022526373196832015
source_representative,all_determinate,vina,1.0,mean_relative_minus_mean,373,302,6496,0.7226582344734093,0.7141981557016444,0.008460078771764879,-0.0023637243515458608,0.019753905174187195,0.005080049261083744,-0.002701297855566585,0.013205816182056136
source_representative,all_determinate,vina,1.0,mean_minus_availability,373,302,6496,0.7141981557016444,0.7083460888878774,0.005852066813766787,-0.0012185606387042558,0.014202115907072974,0.0024630541871921183,-0.0016554796358266399,0.007027327125255285
source_representative,both_exact,boltz_affinity,0.125,mean_relative_minus_mean,261,211,2235,0.6083489520271129,0.5953697714234113,0.012979180603701677,-0.018586753563679587,0.042058350490358845,0.021476510067114093,-0.00045067036394850883,0.04428734997042203
source_representative,both_exact,boltz_affinity,0.125,mean_minus_availability,261,211,2235,0.5953697714234113,0.6067765780409459,-0.011406806617534588,-0.040963453637669414,0.018575863987570326,-0.0071588366890380315,-0.023580867569826174,0.01012066817376114
source_representative,both_exact,boltz_affinity,0.25,mean_relative_minus_mean,261,211,2235,0.6412895604466485,0.6046634931692404,0.036626067277408275,-0.0014098690794093081,0.07411885817128785,0.03087248322147651,-0.001800989397972131,0.06498241270713077
source_representative,both_exact,boltz_affinity,0.25,mean_minus_availability,261,211,2235,0.6046634931692404,0.6294895681868862,-0.0248260750176459,-0.05335772432813622,0.003877021744379686,-0.015212527964205816,-0.03228733993936926,0.0015137175533031235
source_representative,both_exact,boltz_affinity,0.5,mean_relative_minus_mean,261,211,2235,0.6583471091133927,0.6209516253577556,0.03739548375563702,-0.004894103098825375,0.08029880191394194,0.04116331096196868,0.013002364066193853,0.06999557804986395
source_representative,both_exact,boltz_affinity,0.5,mean_minus_availability,261,211,2235,0.6209516253577556,0.6341212710944512,-0.013169645736695542,-0.03947378198803532,0.013673910388816003,-0.0035794183445190158,-0.018349356918486808,0.011021629949173464
source_representative,both_exact,boltz_affinity,1.0,mean_relative_minus_mean,261,211,2235,0.6542703996726985,0.6406993673277198,0.013571032344978704,-0.026672499636996805,0.05425470724003887,0.027293064876957495,0.003543251175866252,0.05111733643621365
source_representative,both_exact,boltz_affinity,1.0,mean_minus_availability,261,211,2235,0.6406993673277198,0.6497143483733522,-0.009014981045632387,-0.03479727238928429,0.016639356276148706,-0.011185682326621925,-0.02337181723196542,0.0012319759008459095
source_representative,both_exact,boltz_binary,0.125,mean_relative_minus_mean,261,211,2235,0.597101649592071,0.6045446252342804,-0.007442975642209359,-0.0366388619458644,0.02130473607723963,0.011633109619686801,-0.0015505970830880576,0.02513214531205775
source_representative,both_exact,boltz_binary,0.125,mean_minus_availability,261,211,2235,0.6045446252342804,0.6067765780409459,-0.0022319528066654507,-0.03342556942648854,0.029265089236677835,-0.012080536912751677,-0.03214918158322963,0.0078072257535527125
source_representative,both_exact,boltz_binary,0.25,mean_relative_minus_mean,261,211,2235,0.6219819984187801,0.5910392006177446,0.030942797801035347,0.002249062518377531,0.06262788806276201,0.016107382550335572,0.0,0.03227651625940598
source_representative,both_exact,boltz_binary,0.25,mean_minus_availability,261,211,2235,0.5910392006177446,0.6294895681868862,-0.03845036756914152,-0.06590356276323257,-0.012100624964951739,-0.01476510067114094,-0.03547309283029482,0.005229657601685877
source_representative,both_exact,boltz_binary,0.5,mean_relative_minus_mean,261,211,2235,0.6299431092534541,0.637922372788273,-0.007979263534819092,-0.043388139254395074,0.026257240372474726,-0.0022371364653243847,-0.018948081855220695,0.014273500842339807
source_representative,both_exact,boltz_binary,0.5,mean_minus_availability,261,211,2235,0.637922372788273,0.6341212710944512,0.0038011016938219954,-0.020251603050962578,0.02802579779851652,0.0071588366890380315,-0.009921393133406106,0.024657513510158945
source_representative,both_exact,boltz_binary,1.0,mean_relative_minus_mean,261,211,2235,0.6364745797695989,0.6436569674117567,-0.007182387642157757,-0.0420939093701997,0.026405006371273212,0.008948545861297539,-0.005736479174412079,0.024172711836284975
source_representative,both_exact,boltz_binary,1.0,mean_minus_availability,261,211,2235,0.6436569674117567,0.6497143483733522,-0.006057380961595521,-0.024190815023839546,0.011772563473934058,-0.005369127516778523,-0.018191049519352392,0.007215099125927151
source_representative,both_exact,boltzina_vina_far_affinity,0.125,mean_relative_minus_mean,261,211,2235,0.6218465442603374,0.5912221098044853,0.030624434455852077,-0.004288062600581348,0.0652862021445671,0.03131991051454139,0.0071338438358318915,0.05565155632015179
source_representative,both_exact,boltzina_vina_far_affinity,0.125,mean_minus_availability,261,211,2235,0.5912221098044853,0.6101883642113527,-0.018966254406867434,-0.047843995070165124,0.010355698346769754,-0.011185682326621925,-0.026800780715220348,0.0062015688798153735
source_representative,both_exact,boltzina_vina_far_affinity,0.25,mean_relative_minus_mean,261,211,2235,0.6487575997154542,0.6021092147528929,0.04664838496256121,0.014150342137357486,0.08007844373091162,0.056823266219239374,0.03014064123691862,0.08459776541155259
source_representative,both_exact,boltzina_vina_far_affinity,0.25,mean_minus_availability,261,211,2235,0.6021092147528929,0.6316181335338423,-0.02950891878094943,-0.05920724421675979,-0.00036412389945002086,-0.020134228187919462,-0.03677879058348838,-0.0037434499714406357
source_representative,both_exact,boltzina_vina_far_affinity,0.5,mean_relative_minus_mean,261,211,2235,0.6672898479411888,0.6330814070277672,0.03420844091342176,0.000666440441052536,0.06819262723180632,0.04161073825503356,0.016807716849905466,0.06857924392232619
source_representative,both_exact,boltzina_vina_far_affinity,0.5,mean_minus_availability,261,211,2235,0.6330814070277672,0.6319045223259783,0.0011768847017889208,-0.0285754359564522,0.029129845851292264,0.008501118568232663,-0.008855363874700001,0.026550217138934705
source_representative,both_exact,boltzina_vina_far_affinity,1.0,mean_relative_minus_mean,261,211,2235,0.6718661712914586,0.6365687526607067,0.03529741863075197,-0.004280110718529836,0.07110305864108146,0.03803131991051454,0.016260868124448567,0.059608063356316736
source_representative,both_exact,boltzina_vina_far_affinity,1.0,mean_minus_availability,261,211,2235,0.6365687526607067,0.6507592804527669,-0.014190527792060361,-0.03700996910897578,0.008407063113458466,-0.013422818791946308,-0.02537630697838346,-0.0013269598106843547
source_representative,both_exact,boltzina_vina_far_binary,0.125,mean_relative_minus_mean,261,211,2235,0.6063210097692856,0.6099945818336623,-0.0036735720643766576,-0.03491761146844223,0.027919300824961198,0.01029082774049217,-0.005629761240721309,0.025653948688150345
source_representative,both_exact,boltzina_vina_far_binary,0.125,mean_minus_availability,261,211,2235,0.6099945818336623,0.6101883642113527,-0.00019378237769042422,-0.032235432664027,0.03137922242995784,-0.011633109619686801,-0.03199602614702215,0.008231302928272621
source_representative,both_exact,boltzina_vina_far_binary,0.25,mean_relative_minus_mean,261,211,2235,0.63050446077266,0.6048953317152551,0.02560912905740492,-0.0003086513473204111,0.05225192271830922,0.025503355704697986,0.009587864686813762,0.04144538014380143
source_representative,both_exact,boltzina_vina_far_binary,0.25,mean_minus_availability,261,211,2235,0.6048953317152551,0.6316181335338423,-0.026722801818587258,-0.05310589988072159,-0.0016098870148299911,-0.008501118568232663,-0.026298393200555988,0.00883678903669908
source_representative,both_exact,boltzina_vina_far_binary,0.5,mean_relative_minus_mean,261,211,2235,0.6177127044943137,0.6213295148161049,-0.003616810321791173,-0.04178377945262836,0.03579464783151834,0.01029082774049217,-0.010087904588587026,0.030292477375428253
source_representative,both_exact,boltzina_vina_far_binary,0.5,mean_minus_availability,261,211,2235,0.6213295148161049,0.6319045223259783,-0.010575007509873406,-0.04268965285202342,0.019416007786263054,-0.0013422818791946308,-0.022191304363025743,0.018672790702974968
source_representative,both_exact,boltzina_vina_far_binary,1.0,mean_relative_minus_mean,261,211,2235,0.6335479406360632,0.6460694336173263,-0.012521492981263095,-0.04209128686999071,0.014005347054075865,0.011185682326621925,-0.005353339783083018,0.02664833925847105
source_representative,both_exact,boltzina_vina_far_binary,1.0,mean_minus_availability,261,211,2235,0.6460694336173263,0.6507592804527669,-0.004689846835440707,-0.023602428487000296,0.014974292413920294,-0.0071588366890380315,-0.020675659513395298,0.006589863107785488
source_representative,both_exact,boltzina_vina_zero_affinity,0.125,mean_relative_minus_mean,261,211,2235,0.6218465442603374,0.5912221098044853,0.030624434455852077,-0.004288062600581348,0.0652862021445671,0.03131991051454139,0.0071338438358318915,0.05565155632015179
source_representative,both_exact,boltzina_vina_zero_affinity,0.125,mean_minus_availability,261,211,2235,0.5912221098044853,0.6101883642113527,-0.018966254406867434,-0.047843995070165124,0.010355698346769754,-0.011185682326621925,-0.026800780715220348,0.0062015688798153735
source_representative,both_exact,boltzina_vina_zero_affinity,0.25,mean_relative_minus_mean,261,211,2235,0.6487575997154542,0.6021092147528929,0.04664838496256121,0.014150342137357486,0.08007844373091162,0.056823266219239374,0.03014064123691862,0.08459776541155259
source_representative,both_exact,boltzina_vina_zero_affinity,0.25,mean_minus_availability,261,211,2235,0.6021092147528929,0.6316181335338423,-0.02950891878094943,-0.05920724421675979,-0.00036412389945002086,-0.020134228187919462,-0.03677879058348838,-0.0037434499714406357
source_representative,both_exact,boltzina_vina_zero_affinity,0.5,mean_relative_minus_mean,261,211,2235,0.6672898479411888,0.6330814070277672,0.03420844091342176,0.000666440441052536,0.06819262723180632,0.04161073825503356,0.016807716849905466,0.06857924392232619
source_representative,both_exact,boltzina_vina_zero_affinity,0.5,mean_minus_availability,261,211,2235,0.6330814070277672,0.6319045223259783,0.0011768847017889208,-0.0285754359564522,0.029129845851292264,0.008501118568232663,-0.008855363874700001,0.026550217138934705
source_representative,both_exact,boltzina_vina_zero_affinity,1.0,mean_relative_minus_mean,261,211,2235,0.6718661712914586,0.6365687526607067,0.03529741863075197,-0.004280110718529836,0.07110305864108146,0.03803131991051454,0.016260868124448567,0.059608063356316736
source_representative,both_exact,boltzina_vina_zero_affinity,1.0,mean_minus_availability,261,211,2235,0.6365687526607067,0.6507592804527669,-0.014190527792060361,-0.03700996910897578,0.008407063113458466,-0.013422818791946308,-0.02537630697838346,-0.0013269598106843547
source_representative,both_exact,boltzina_vina_zero_binary,0.125,mean_relative_minus_mean,261,211,2235,0.6063210097692856,0.6099945818336623,-0.0036735720643766576,-0.03491761146844223,0.027919300824961198,0.01029082774049217,-0.005629761240721309,0.025653948688150345
source_representative,both_exact,boltzina_vina_zero_binary,0.125,mean_minus_availability,261,211,2235,0.6099945818336623,0.6101883642113527,-0.00019378237769042422,-0.032235432664027,0.03137922242995784,-0.011633109619686801,-0.03199602614702215,0.008231302928272621
source_representative,both_exact,boltzina_vina_zero_binary,0.25,mean_relative_minus_mean,261,211,2235,0.63050446077266,0.6048953317152551,0.02560912905740492,-0.0003086513473204111,0.05225192271830922,0.025503355704697986,0.009587864686813762,0.04144538014380143
source_representative,both_exact,boltzina_vina_zero_binary,0.25,mean_minus_availability,261,211,2235,0.6048953317152551,0.6316181335338423,-0.026722801818587258,-0.05310589988072159,-0.0016098870148299911,-0.008501118568232663,-0.026298393200555988,0.00883678903669908
source_representative,both_exact,boltzina_vina_zero_binary,0.5,mean_relative_minus_mean,261,211,2235,0.6177127044943137,0.6213295148161049,-0.003616810321791173,-0.04178377945262836,0.03579464783151834,0.01029082774049217,-0.010087904588587026,0.030292477375428253
source_representative,both_exact,boltzina_vina_zero_binary,0.5,mean_minus_availability,261,211,2235,0.6213295148161049,0.6319045223259783,-0.010575007509873406,-0.04268965285202342,0.019416007786263054,-0.0013422818791946308,-0.022191304363025743,0.018672790702974968
source_representative,both_exact,boltzina_vina_zero_binary,1.0,mean_relative_minus_mean,261,211,2235,0.6335479406360632,0.6460694336173263,-0.012521492981263095,-0.04209128686999071,0.014005347054075865,0.011185682326621925,-0.005353339783083018,0.02664833925847105
source_representative,both_exact,boltzina_vina_zero_binary,1.0,mean_minus_availability,261,211,2235,0.6460694336173263,0.6507592804527669,-0.004689846835440707,-0.023602428487000296,0.014974292413920294,-0.0071588366890380315,-0.020675659513395298,0.006589863107785488
source_representative,both_exact,gnina,0.125,mean_relative_minus_mean,261,211,2235,0.6028913473357916,0.606186108484959,-0.0032947611491672803,-0.0391710143582154,0.02937937926896635,-0.00044742729306487697,-0.023305572628594777,0.02092792460263237
source_representative,both_exact,gnina,0.125,mean_minus_availability,261,211,2235,0.606186108484959,0.6054994388327721,0.000686669652186896,-0.024223338031477564,0.026692126712764414,-0.0022371364653243847,-0.017400067559438424,0.012008033996776215
source_representative,both_exact,gnina,0.25,mean_relative_minus_mean,261,211,2235,0.6121629541169771,0.6188713443502716,-0.006708390233294445,-0.037386949235928446,0.02515291429436706,-0.009843400447427294,-0.035300542804253064,0.015343412481247215
source_representative,both_exact,gnina,0.25,mean_minus_availability,261,211,2235,0.6188713443502716,0.630128137790973,-0.011256793440701483,-0.03076585996937924,0.006219443881158545,-0.007606263982102908,-0.017721545851907453,0.0019087177625741526
source_representative,both_exact,gnina,0.5,mean_relative_minus_mean,261,211,2235,0.6417220922968049,0.6409540580038664,0.0007680342929385108,-0.027098438138424694,0.02678930847839336,0.02058165548098434,0.0011261094359220818,0.03886618724858582
source_representative,both_exact,gnina,0.5,mean_minus_availability,261,211,2235,0.6409540580038664,0.630271608624099,0.010682449379767388,-0.021112424396991028,0.04388017463785185,-0.00044742729306487697,-0.018558267414270743,0.01997687206781827
source_representative,both_exact,gnina,1.0,mean_relative_minus_mean,261,211,2235,0.6616251918933911,0.651619829014465,0.0100053628789261,-0.014598775048197525,0.03521029219485255,0.013870246085011185,0.00048466687190954193,0.027491881620556158
source_representative,both_exact,gnina,1.0,mean_minus_availability,261,211,2235,0.651619829014465,0.6487960244665226,0.0028238045479424792,-0.011210069714252707,0.016866705298037205,0.0026845637583892616,-0.005389507004385017,0.010994964024890974
source_representative,both_exact,nesso_affinity,0.125,mean_relative_minus_mean,261,211,2235,0.6257091992724177,0.5923810260975012,0.033328173174916466,-0.004538374941723738,0.06985850091584855,0.0407158836689038,0.0038174512055109077,0.08004766547840621
source_representative,both_exact,nesso_affinity,0.125,mean_minus_availability,261,211,2235,0.5923810260975012,0.6054994388327721,-0.013118412735270969,-0.047670285618061824,0.022344769735002254,-0.004921700223713647,-0.0298395209709008,0.019745906332065227
source_representative,both_exact,nesso_affinity,0.25,mean_relative_minus_mean,261,211,2235,0.633725781810073,0.6038194386853392,0.02990634312473393,-0.008368599712131736,0.0679684541321511,0.06263982102908278,0.031359958914175125,0.09616448004888066
source_representative,both_exact,nesso_affinity,0.25,mean_minus_availability,261,211,2235,0.6038194386853392,0.630128137790973,-0.02630869910563397,-0.053780717385824225,-0.0010721213128476507,-0.02237136465324385,-0.039679806087450566,-0.005022260273972606
source_representative,both_exact,nesso_affinity,0.5,mean_relative_minus_mean,261,211,2235,0.6609564906499772,0.6257862330659265,0.03517025758405069,-0.00036518841343116584,0.07143895562620334,0.032214765100671144,0.005044102880094939,0.06178962670762065
source_representative,both_exact,nesso_affinity,0.5,mean_minus_availability,261,211,2235,0.6257862330659265,0.630271608624099,-0.004485375558172492,-0.030921639844012343,0.020368525833651147,0.010738255033557046,-0.005725014227145284,0.027963841385556607
source_representative,both_exact,nesso_affinity,1.0,mean_relative_minus_mean,261,211,2235,0.6706847714510549,0.6554229579133795,0.015261813537675606,-0.023078947807841227,0.051848574261517066,0.021476510067114093,-0.0034048113326188194,0.047727840777597764
source_representative,both_exact,nesso_affinity,1.0,mean_minus_availability,261,211,2235,0.6554229579133795,0.6487960244665226,0.00662693344685682,-0.004768724029182951,0.017011559267156275,0.00044742729306487697,-0.011309418706737386,0.011055823425761349
source_representative,both_exact,nesso_binary,0.125,mean_relative_minus_mean,261,211,2235,0.6175977988238526,0.5785307923238957,0.03906700649995669,0.0053012770882372275,0.07386740197427179,0.03400447427293065,0.013331655992680696,0.05640821207268238
source_representative,both_exact,nesso_binary,0.125,mean_minus_availability,261,211,2235,0.5785307923238957,0.6054994388327721,-0.02696864650887639,-0.05463384794121211,-0.0005169554458693143,-0.016554809843400447,-0.03252309567705343,-0.0017436015918391161
source_representative,both_exact,nesso_binary,0.25,mean_relative_minus_mean,261,211,2235,0.5970796267731134,0.5995241596774163,-0.002444532904303017,-0.04361966298003281,0.040053605034593584,0.010738255033557046,-0.011838062071084707,0.03477552932971295
source_representative,both_exact,nesso_binary,0.25,mean_minus_availability,261,211,2235,0.5995241596774163,0.630128137790973,-0.030603978113556654,-0.061218737998659255,-0.0028574456269391526,-0.0013422818791946308,-0.017187581892033545,0.01312910965785076
source_representative,both_exact,nesso_binary,0.5,mean_relative_minus_mean,261,211,2235,0.6272503358710256,0.6091309003186397,0.018119435552385755,-0.01927322824882867,0.0544873268398268,0.015659955257270694,-0.011748118589127316,0.042526552644420464
source_representative,both_exact,nesso_binary,0.5,mean_minus_availability,261,211,2235,0.6091309003186397,0.630271608624099,-0.021140708305459267,-0.05421571559607035,0.00823909720422656,-0.012975391498881432,-0.03264814167451462,0.005110921103490856
source_representative,both_exact,nesso_binary,1.0,mean_relative_minus_mean,261,211,2235,0.6564289123676097,0.6344545620407689,0.021974350326840746,-0.009293859342997954,0.05446030558293394,0.02371364653243848,0.0015889597400895546,0.048125756987934594
source_representative,both_exact,nesso_binary,1.0,mean_minus_availability,261,211,2235,0.6344545620407689,0.6487960244665226,-0.014341462425753617,-0.03712999982792005,0.005123140576844278,-0.013422818791946308,-0.023405945057479893,-0.00362319770875301
source_representative,both_exact,raw_ad4,0.125,mean_relative_minus_mean,261,211,2235,0.6223029418431717,0.6077020893112848,0.014600852531887016,-0.006102377501725325,0.03595115541815417,0.009843400447427294,-0.0047332142510523294,0.025438486861904506
source_representative,both_exact,raw_ad4,0.125,mean_minus_availability,261,211,2235,0.6077020893112848,0.6054994388327721,0.002202650478512547,-0.02890125948440487,0.03525754172452282,0.0,-0.01922438859609265,0.017571610953963892
source_representative,both_exact,raw_ad4,0.25,mean_relative_minus_mean,261,211,2235,0.6253936002978148,0.619609431295255,0.005784169002559807,-0.0063084197816467725,0.019402111685606998,-0.005369127516778523,-0.015387243735763098,0.00321437349648767
source_representative,both_exact,raw_ad4,0.25,mean_minus_availability,261,211,2235,0.619609431295255,0.630128137790973,-0.010518706495717992,-0.026575145246447066,0.00387350379452929,0.0044742729306487695,-0.0036403412360844637,0.014583805387713996
source_representative,both_exact,raw_ad4,0.5,mean_relative_minus_mean,261,211,2235,0.6506318429690077,0.6456692449029614,0.004962598066046341,-0.005313477474323062,0.017107486023759607,0.0,-0.004418271888522465,0.004453467286044501
source_representative,both_exact,raw_ad4,0.5,mean_minus_availability,261,211,2235,0.6456692449029614,0.630271608624099,0.015397636278862334,-0.00680084166833738,0.04004625000495046,0.012527964205816556,0.00039731051344743334,0.026346436634011962
source_representative,both_exact,raw_ad4,1.0,mean_relative_minus_mean,261,211,2235,0.6466066429667962,0.6477237251183611,-0.0011170821515649099,-0.004515263492299211,0.00153362461411997,-0.00044742729306487697,-0.003177278212603678,0.002111825988492463
source_representative,both_exact,raw_ad4,1.0,mean_minus_availability,261,211,2235,0.6477237251183611,0.6487960244665226,-0.001072299348161417,-0.006628847098102979,0.003713733178938309,-0.0008948545861297539,-0.004025044722719142,0.002168311112056193
source_representative,both_exact,raw_gnina_own,0.125,mean_relative_minus_mean,261,211,2235,0.5882760279312004,0.6069027254851009,-0.018626697553900624,-0.05165144504590035,0.012719657396475561,-0.015212527964205816,-0.042485658647020454,0.009820609019568634
source_representative,both_exact,raw_gnina_own,0.125,mean_minus_availability,261,211,2235,0.6069027254851009,0.6054994388327721,0.0014032866523287972,-0.023875316883916944,0.027381579649306906,0.0035794183445190158,-0.009306273828651433,0.015302659779084462
source_representative,both_exact,raw_gnina_own,0.25,mean_relative_minus_mean,261,211,2235,0.6001844756634028,0.6119148057845375,-0.01173033012113472,-0.041465754822805366,0.016033330249856703,0.008948545861297539,-0.010684360489658084,0.028469712826666476
source_representative,both_exact,raw_gnina_own,0.25,mean_minus_availability,261,211,2235,0.6119148057845375,0.630128137790973,-0.018213332006435455,-0.03671917835679503,-0.00016235448267084518,-0.020134228187919462,-0.03617844954700613,-0.004899519664085654
source_representative,both_exact,raw_gnina_own,0.5,mean_relative_minus_mean,261,211,2235,0.6376607711856753,0.6532450024787189,-0.015584231293043555,-0.048994904839769364,0.014234716413225615,0.007606263982102908,-0.011252177620571175,0.025837749733447282
source_representative,both_exact,raw_gnina_own,0.5,mean_minus_availability,261,211,2235,0.6532450024787189,0.630271608624099,0.02297339385461991,-0.003929945054945053,0.052005941744210006,0.009843400447427294,-0.005607206880452089,0.026374586405061816
source_representative,both_exact,raw_gnina_own,1.0,mean_relative_minus_mean,261,211,2235,0.6677595145028095,0.6525381529212947,0.015221361581514837,-0.010469153042519599,0.041951706885075685,0.0008948545861297539,-0.013212603602777012,0.01613864251828095
source_representative,both_exact,raw_gnina_own,1.0,mean_minus_availability,261,211,2235,0.6525381529212947,0.6491791662289746,0.003358986692320026,-0.012188282728013592,0.018302857093685718,0.004026845637583893,-0.004042509099713159,0.01253929417932782
source_representative,both_exact,vina,0.125,mean_relative_minus_mean,261,211,2235,0.6152766489931241,0.6002471347298933,0.015029514263230738,-0.013681653884360847,0.04579614707866926,0.0071588366890380315,-0.009794622889247337,0.023092374865622402
source_representative,both_exact,vina,0.125,mean_minus_availability,261,211,2235,0.6002471347298933,0.6054994388327721,-0.005252304102878815,-0.0325436515092102,0.02387723536909924,-0.008053691275167786,-0.019497460815691543,0.0033895411830735444
source_representative,both_exact,vina,0.25,mean_relative_minus_mean,261,211,2235,0.6092164115152621,0.6045853536274992,0.0046310578877628685,-0.021183372973478054,0.03105758237590461,-0.0026845637583892616,-0.01784685551126953,0.013477210793119832
source_representative,both_exact,vina,0.25,mean_minus_availability,261,211,2235,0.6045853536274992,0.630128137790973,-0.025542784163473817,-0.05148425003076166,-0.0012420490230451817,-0.0071588366890380315,-0.019391277843293225,0.0034695887992747935
source_representative,both_exact,vina,0.5,mean_relative_minus_mean,261,211,2235,0.6389713592778727,0.6503388196874786,-0.011367460409606005,-0.032799646936628145,0.009122888942333355,-0.0022371364653243847,-0.011934715224354287,0.0068390927370319925
source_representative,both_exact,vina,0.5,mean_minus_availability,261,211,2235,0.6503388196874786,0.630271608624099,0.020067211063379647,-0.006291325336558101,0.04647803270134041,0.009843400447427294,-0.004848856503688072,0.025664605729199024
source_representative,both_exact,vina,1.0,mean_relative_minus_mean,261,211,2235,0.650884137857318,0.6532903381562385,-0.0024062002989206086,-0.023383245766677583,0.017476816267632582,-0.003131991051454139,-0.014155822676482906,0.008961405707945323
source_representative,both_exact,vina,1.0,mean_minus_availability,261,211,2235,0.6532903381562385,0.6487960244665226,0.004494313689715988,-0.01106684568799074,0.02024274656265376,0.003131991051454139,-0.0024058414568760788,0.00873860890290789
assay_envelope,all_determinate,boltz_affinity,0.125,mean_relative_minus_mean,377,304,6362,0.6443169130303107,0.6210131901969375,0.023303722833373283,-0.0002027021738602411,0.047423073190050485,0.03159383841559258,0.013368907687547123,0.04962298282805101
assay_envelope,all_determinate,boltz_affinity,0.125,mean_minus_availability,377,304,6362,0.6210131901969375,0.6447340435524054,-0.023720853355467905,-0.04863055380795635,-0.0009962902604177897,-0.008959446714869538,-0.025740025799664116,0.007189919443968499
assay_envelope,all_determinate,boltz_affinity,0.25,mean_relative_minus_mean,377,304,6362,0.6670073342416408,0.6287873956000505,0.03821993864159036,0.009109738138266968,0.06583247418855509,0.048883998742533796,0.02902974569145315,0.06958117810270845
assay_envelope,all_determinate,boltz_affinity,0.25,mean_minus_availability,377,304,6362,0.6287873956000505,0.6620169598315174,-0.033229564231466946,-0.051836753566972815,-0.014612233307148422,-0.026878340144608614,-0.04129511761549876,-0.013397538575974928
assay_envelope,all_determinate,boltz_affinity,0.5,mean_relative_minus_mean,377,304,6362,0.7097066992594532,0.6924022800506847,0.017304419208768428,-0.013756085176216666,0.04363318220906948,0.030807922037095252,0.008176463095858282,0.05152443633451003
assay_envelope,all_determinate,boltz_affinity,0.5,mean_minus_availability,377,304,6362,0.6924022800506847,0.6941999860895925,-0.0017977060389076094,-0.020994815336047457,0.018900693486385085,-0.005815781200880226,-0.022432860039220424,0.01038586461376624
assay_envelope,all_determinate,boltz_affinity,1.0,mean_relative_minus_mean,377,304,6362,0.717980662410445,0.6955435140016347,0.022437148408810403,-0.011479484835394517,0.05160233613242866,0.03159383841559258,0.010410512527528316,0.05119678524808246
assay_envelope,all_determinate,boltz_affinity,1.0,mean_minus_availability,377,304,6362,0.6955435140016347,0.7168285559271335,-0.021285041925498672,-0.036927110711977434,-0.006102054720201529,-0.020433825840930526,-0.03190092483274302,-0.009610720676800192
assay_envelope,all_determinate,boltz_binary,0.125,mean_relative_minus_mean,377,304,6362,0.670449300699507,0.6382445270471011,0.032204773652405976,0.009649177656315185,0.05578388144741996,0.02986482238289846,0.01549104558803341,0.04517420508064226
assay_envelope,all_determinate,boltz_binary,0.125,mean_minus_availability,377,304,6362,0.6382445270471011,0.6447340435524054,-0.0064895165053042445,-0.025768141592489174,0.010811554196236249,-0.01068846274756366,-0.02583275570339125,0.005261499949673446
assay_envelope,all_determinate,boltz_binary,0.25,mean_relative_minus_mean,377,304,6362,0.6906575411750656,0.653031703984368,0.03762583719069755,0.017883953830277226,0.05803604807238924,0.03237975479408991,0.01648530278597375,0.049078594553000766
assay_envelope,all_determinate,boltz_binary,0.25,mean_minus_availability,377,304,6362,0.653031703984368,0.6620169598315174,-0.008985255847149426,-0.03382821498883445,0.013017883248281528,-0.010845646023263125,-0.03010396827695191,0.008237864442793872
assay_envelope,all_determinate,boltz_binary,0.5,mean_relative_minus_mean,377,304,6362,0.7283323948401276,0.705261123327391,0.02307127151273659,0.004499124388800723,0.04186275691989813,0.01634706067274442,0.0026177102742216086,0.030442867476490977
assay_envelope,all_determinate,boltz_binary,0.5,mean_minus_availability,377,304,6362,0.705261123327391,0.6941999860895925,0.011061137237798464,-0.009252346491594307,0.033527083141642336,0.00392958189248664,-0.012807663407797645,0.02156122219890244
assay_envelope,all_determinate,boltz_binary,1.0,mean_relative_minus_mean,377,304,6362,0.7251097999125224,0.7049314860345761,0.02017831387794647,0.002325725762068059,0.036068629745858366,0.021062558943728386,0.008850760415930602,0.03377062612866898
assay_envelope,all_determinate,boltz_binary,1.0,mean_minus_availability,377,304,6362,0.7049314860345761,0.7168285559271335,-0.011897069892557314,-0.024698235339068897,0.0004609211598773601,-0.011788745677459918,-0.022071664535351188,-0.0027867200008214023
assay_envelope,all_determinate,boltzina_vina_far_affinity,0.125,mean_relative_minus_mean,377,304,6362,0.636902039985745,0.6235435473366818,0.013358492649063119,-0.01073238944981218,0.039134152127975864,0.030179188934297392,0.010906094159151497,0.048770843269506724
assay_envelope,all_determinate,boltzina_vina_far_affinity,0.125,mean_minus_availability,377,304,6362,0.6235435473366818,0.6450744190835077,-0.021530871746825907,-0.04391546382143006,-0.0010484319285987485,-0.013674944985853504,-0.02971320032478831,0.0021554381986712418
assay_envelope,all_determinate,boltzina_vina_far_affinity,0.25,mean_relative_minus_mean,377,304,6362,0.6701303881229392,0.6267392786111016,0.04339110951183769,0.016468789862228415,0.06792948370859218,0.05218484753222257,0.03334461585966912,0.07040400965585061
assay_envelope,all_determinate,boltzina_vina_far_affinity,0.25,mean_minus_availability,377,304,6362,0.6267392786111016,0.6618964157503321,-0.035157137139230556,-0.054178083711219266,-0.016446111673761532,-0.027507073247406477,-0.04197810324233824,-0.0141975673411446
assay_envelope,all_determinate,boltzina_vina_far_affinity,0.5,mean_relative_minus_mean,377,304,6362,0.7072786103091171,0.6710540044791701,0.03622460582994696,-0.00040033510167535697,0.06818163179893004,0.04872681546683433,0.022498563648877794,0.07337026100031695
assay_envelope,all_determinate,boltzina_vina_far_affinity,0.5,mean_minus_availability,377,304,6362,0.6710540044791701,0.6942686711491522,-0.02321466666998204,-0.04039096531730507,-0.005615224580198704,-0.019647909462433197,-0.03318778283623754,-0.00675955017953603
assay_envelope,all_determinate,boltzina_vina_far_affinity,1.0,mean_relative_minus_mean,377,304,6362,0.7194925023822812,0.6959816478984826,0.0235108544837986,-0.007308690692847033,0.04806012751621054,0.03599497013517762,0.016021824482378058,0.05390093955452876
assay_envelope,all_determinate,boltzina_vina_far_affinity,1.0,mean_minus_availability,377,304,6362,0.6959816478984826,0.7184057638430836,-0.02242411594460093,-0.03794424532270992,-0.0067200743481145115,-0.021534108770826784,-0.03398230358301851,-0.010386581529633256
assay_envelope,all_determinate,boltzina_vina_far_binary,0.125,mean_relative_minus_mean,377,304,6362,0.6562163306413855,0.6296026804432299,0.026613650198155665,0.00644676828875629,0.04678176818829225,0.03222257151839044,0.018496285921010668,0.04728071313863929
assay_envelope,all_determinate,boltzina_vina_far_binary,0.125,mean_minus_availability,377,304,6362,0.6296026804432299,0.6450744190835077,-0.015471738640277795,-0.03496648549157458,0.0025497540891198304,-0.017447343602640678,-0.033929848866826415,-0.0009633002786062547
assay_envelope,all_determinate,boltzina_vina_far_binary,0.25,mean_relative_minus_mean,377,304,6362,0.6786985280360761,0.6622861516499601,0.01641237638611598,-0.0005674927946761813,0.03474393421648158,0.018704809808236404,0.005446728934645242,0.03186956877945001
assay_envelope,all_determinate,boltzina_vina_far_binary,0.25,mean_minus_availability,377,304,6362,0.6622861516499601,0.6618964157503321,0.0003897358996280287,-0.023311246157418693,0.022412454157830643,-0.003615215341087708,-0.02001919553394106,0.013322033506542716
assay_envelope,all_determinate,boltzina_vina_far_binary,0.5,mean_relative_minus_mean,377,304,6362,0.703816541207894,0.6924794791149529,0.01133706209294128,-0.0097337494226587,0.03258976941940943,0.016504243948443884,-0.0008011255822253719,0.03400130111524163
assay_envelope,all_determinate,boltzina_vina_far_binary,0.5,mean_minus_availability,377,304,6362,0.6924794791149529,0.6942686711491522,-0.0017891920341993911,-0.02592769687052606,0.02302312140436116,-0.0044011317195850365,-0.02453705188234432,0.015063572844341518
assay_envelope,all_determinate,boltzina_vina_far_binary,1.0,mean_relative_minus_mean,377,304,6362,0.7238739068147472,0.7064896739840449,0.017384232830702406,-0.0016090571453297833,0.03523106371668072,0.02342030807922037,0.00926690176093372,0.03905926294855707
assay_envelope,all_determinate,boltzina_vina_far_binary,1.0,mean_minus_availability,377,304,6362,0.7064896739840449,0.7184057638430836,-0.011916089859038668,-0.024920205746612276,0.0005978229548477324,-0.012260295504558314,-0.022900035085718664,-0.003200003652385206
assay_envelope,all_determinate,boltzina_vina_zero_affinity,0.125,mean_relative_minus_mean,377,304,6362,0.636902039985745,0.6235435473366818,0.013358492649063119,-0.01073238944981218,0.039134152127975864,0.030179188934297392,0.010906094159151497,0.048770843269506724
assay_envelope,all_determinate,boltzina_vina_zero_affinity,0.125,mean_minus_availability,377,304,6362,0.6235435473366818,0.6450744190835077,-0.021530871746825907,-0.04391546382143006,-0.0010484319285987485,-0.013674944985853504,-0.02971320032478831,0.0021554381986712418
assay_envelope,all_determinate,boltzina_vina_zero_affinity,0.25,mean_relative_minus_mean,377,304,6362,0.6702409097851849,0.6267392786111016,0.04350163117408348,0.01667765875682996,0.06804132507659491,0.05234203080792204,0.0333500591837785,0.07048398694890705
assay_envelope,all_determinate,boltzina_vina_zero_affinity,0.25,mean_minus_availability,377,304,6362,0.6267392786111016,0.6618964157503321,-0.035157137139230556,-0.054178083711219266,-0.016446111673761532,-0.027507073247406477,-0.04197810324233824,-0.0141975673411446
assay_envelope,all_determinate,boltzina_vina_zero_affinity,0.5,mean_relative_minus_mean,377,304,6362,0.7072786103091171,0.6709803233710062,0.036298286938110824,-0.0002447876504509492,0.06818357158788099,0.048883998742533796,0.022591174552664593,0.0734785327526337
assay_envelope,all_determinate,boltzina_vina_zero_affinity,0.5,mean_minus_availability,377,304,6362,0.6709803233710062,0.6942686711491522,-0.023288347778145903,-0.04039457282091258,-0.005686563386576527,-0.019805092738132662,-0.03328342846302398,-0.00693230894849124
assay_envelope,all_determinate,boltzina_vina_zero_affinity,1.0,mean_relative_minus_mean,377,304,6362,0.7194925023822812,0.6959816478984826,0.0235108544837986,-0.007308690692847033,0.04806012751621054,0.03599497013517762,0.016021824482378058,0.05390093955452876
assay_envelope,all_determinate,boltzina_vina_zero_affinity,1.0,mean_minus_availability,377,304,6362,0.6959816478984826,0.7184057638430836,-0.02242411594460093,-0.03794424532270992,-0.0067200743481145115,-0.021534108770826784,-0.03398230358301851,-0.010386581529633256
assay_envelope,all_determinate,boltzina_vina_zero_binary,0.125,mean_relative_minus_mean,377,304,6362,0.6561143106454664,0.6296026804432299,0.026511630202236465,0.0062385337121698674,0.04661790940601732,0.03206538824269098,0.01825970703500166,0.04717432920527758
assay_envelope,all_determinate,boltzina_vina_zero_binary,0.125,mean_minus_availability,377,304,6362,0.6296026804432299,0.6450744190835077,-0.015471738640277795,-0.03496648549157458,0.0025497540891198304,-0.017447343602640678,-0.033929848866826415,-0.0009633002786062547
assay_envelope,all_determinate,boltzina_vina_zero_binary,0.25,mean_relative_minus_mean,377,304,6362,0.6786985280360761,0.6622861516499601,0.01641237638611598,-0.0005674927946761813,0.03474393421648158,0.018704809808236404,0.005446728934645242,0.03186956877945001
assay_envelope,all_determinate,boltzina_vina_zero_binary,0.25,mean_minus_availability,377,304,6362,0.6622861516499601,0.6618964157503321,0.0003897358996280287,-0.023311246157418693,0.022412454157830643,-0.003615215341087708,-0.02001919553394106,0.013322033506542716
assay_envelope,all_determinate,boltzina_vina_zero_binary,0.5,mean_relative_minus_mean,377,304,6362,0.703816541207894,0.6924794791149529,0.01133706209294128,-0.0097337494226587,0.03258976941940943,0.016504243948443884,-0.0008011255822253719,0.03400130111524163
assay_envelope,all_determinate,boltzina_vina_zero_binary,0.5,mean_minus_availability,377,304,6362,0.6924794791149529,0.6942686711491522,-0.0017891920341993911,-0.02592769687052606,0.02302312140436116,-0.0044011317195850365,-0.02453705188234432,0.015063572844341518
assay_envelope,all_determinate,boltzina_vina_zero_binary,1.0,mean_relative_minus_mean,377,304,6362,0.7240002172858854,0.7064896739840449,0.017510543301840466,-0.0014674511383814964,0.03549344873404188,0.023577491354919836,0.009325648419482949,0.03911625944411285
assay_envelope,all_determinate,boltzina_vina_zero_binary,1.0,mean_minus_availability,377,304,6362,0.7064896739840449,0.7184057638430836,-0.011916089859038668,-0.024920205746612276,0.0005978229548477324,-0.012260295504558314,-0.022900035085718664,-0.003200003652385206
assay_envelope,all_determinate,gnina,0.125,mean_relative_minus_mean,377,304,6362,0.6429824291260609,0.6273561938069692,0.015626235319091755,-0.003067611799081686,0.03425105370643805,0.011317195850361521,-0.0028384012319587985,0.024581031108313563
assay_envelope,all_determinate,gnina,0.125,mean_minus_availability,377,304,6362,0.6273561938069692,0.6448475658027665,-0.017491371995797263,-0.03446249608778605,-0.0009079491267671827,-0.013046211883055643,-0.0248293963526331,-0.0013914139083946915
assay_envelope,all_determinate,gnina,0.25,mean_relative_minus_mean,377,304,6362,0.6711021200909554,0.6451499636644201,0.02595215642653521,-0.0009795660830561107,0.05100637104594005,0.024677774284816094,0.007845634725958695,0.041706988603715744
assay_envelope,all_determinate,gnina,0.25,mean_minus_availability,377,304,6362,0.6451499636644201,0.6601380915733388,-0.014988127908918713,-0.02829476051590808,-0.0023332016122589593,-0.013203395158755108,-0.023543034148638294,-0.003790682623413111
assay_envelope,all_determinate,gnina,0.5,mean_relative_minus_mean,377,304,6362,0.6997644896083747,0.7049427350468872,-0.005178245438512497,-0.02888656381589007,0.013727626487823353,0.005029864822382898,-0.009948491299529424,0.018396108150753158
assay_envelope,all_determinate,gnina,0.5,mean_minus_availability,377,304,6362,0.7049427350468872,0.6937916911212499,0.011151043925637196,-0.007606484809478196,0.03217914294200958,0.007387613957874882,-0.008019299795444896,0.023003630424245546
assay_envelope,all_determinate,gnina,1.0,mean_relative_minus_mean,377,304,6362,0.7091532253792528,0.7103499152949089,-0.0011966899156561238,-0.015991609817098164,0.01336054433111265,0.003772398616787174,-0.0060352445060248144,0.014169902495308887
assay_envelope,all_determinate,gnina,1.0,mean_minus_availability,377,304,6362,0.7103499152949089,0.7178129520433754,-0.007463036748466446,-0.018825657799716445,0.004061686191788527,-0.0028292989625903803,-0.00996169489843873,0.003958881389385725
assay_envelope,all_determinate,nesso_affinity,0.125,mean_relative_minus_mean,377,304,6362,0.6689791778045694,0.6172506527629568,0.05172852504161264,0.024057564463054536,0.08200500782321497,0.044011317195850365,0.020601872703240785,0.06785014829255202
assay_envelope,all_determinate,nesso_affinity,0.125,mean_minus_availability,377,304,6362,0.6172506527629568,0.6448475658027665,-0.027596913039809646,-0.0560532600792884,-0.0014587854255575553,-0.007701980509273813,-0.027098400489908876,0.009827999942364244
assay_envelope,all_determinate,nesso_affinity,0.25,mean_relative_minus_mean,377,304,6362,0.6979829579534927,0.6324611922411969,0.06552176571229572,0.04094011263605406,0.09116394178202968,0.06680289217227287,0.044205069002699535,0.08945569175649787
assay_envelope,all_determinate,nesso_affinity,0.25,mean_minus_availability,377,304,6362,0.6324611922411969,0.6601380915733388,-0.0276768993321419,-0.04695684262515632,-0.008686817259731862,-0.022477208425023577,-0.03811262428695657,-0.007420041623277941
assay_envelope,all_determinate,nesso_affinity,0.5,mean_relative_minus_mean,377,304,6362,0.7124128089288597,0.6927341309455228,0.01967867798333695,-0.006278657824317841,0.045296800333393276,0.03772398616787174,0.016346704024940303,0.05869127845740676
assay_envelope,all_determinate,nesso_affinity,0.5,mean_minus_availability,377,304,6362,0.6927341309455228,0.6937916911212499,-0.0010575601757271888,-0.0199147171572113,0.018638119732807632,-0.008016347060672745,-0.02228180546837133,0.005639703982028188
assay_envelope,all_determinate,nesso_affinity,1.0,mean_relative_minus_mean,377,304,6362,0.7186442166261418,0.7029846234291278,0.015659593197014064,-0.009767829547412942,0.03983625076699477,0.024834957560515562,0.00663722717916698,0.042935596252480605
assay_envelope,all_determinate,nesso_affinity,1.0,mean_minus_availability,377,304,6362,0.7029846234291278,0.7178129520433754,-0.014828328614247533,-0.026678152976282756,-0.0031966742884188405,-0.012417478780257781,-0.021112735516099258,-0.0038299750738756953
assay_envelope,all_determinate,nesso_binary,0.125,mean_relative_minus_mean,377,304,6362,0.6741640340820121,0.6332667494218265,0.04089728466018559,0.016786409406000704,0.06504448896864444,0.04259666771455517,0.02499934963579605,0.06191517330355469
assay_envelope,all_determinate,nesso_binary,0.125,mean_minus_availability,377,304,6362,0.6332667494218265,0.6448475658027665,-0.011580816380939898,-0.03561338642196315,0.011368722738190834,-0.005658597925180761,-0.021770694256555343,0.011021904697389034
assay_envelope,all_determinate,nesso_binary,0.25,mean_relative_minus_mean,377,304,6362,0.6804299409264075,0.6518703256924537,0.028559615233953575,0.0073572353190889785,0.0501811018516974,0.03348003772398617,0.014763707011736751,0.05225068879607514
assay_envelope,all_determinate,nesso_binary,0.25,mean_minus_availability,377,304,6362,0.6518703256924537,0.6601380915733388,-0.008267765880884967,-0.03429188622773112,0.017668835940006292,-0.005658597925180761,-0.024642388010616054,0.01347186872482552
assay_envelope,all_determinate,nesso_binary,0.5,mean_relative_minus_mean,377,304,6362,0.7111166717075961,0.6979588904753389,0.01315778123225724,-0.00807080931297643,0.03438235772214223,0.01603269412134549,-0.001463893561454482,0.033265095344741355
assay_envelope,all_determinate,nesso_binary,0.5,mean_minus_availability,377,304,6362,0.6979588904753389,0.6937916911212499,0.004167199354088913,-0.018141789776160582,0.02716364707542477,0.0020433825840930524,-0.014137740202924574,0.018623510638668832
assay_envelope,all_determinate,nesso_binary,1.0,mean_relative_minus_mean,377,304,6362,0.7149238405301588,0.6926398691764479,0.02228397135371085,0.00447088758414158,0.04031932372343253,0.017447343602640678,0.0017517084174713535,0.03343055274745098
assay_envelope,all_determinate,nesso_binary,1.0,mean_minus_availability,377,304,6362,0.6926398691764479,0.7178129520433754,-0.025173082866927383,-0.04683118983793289,-0.005886896572598429,-0.012574662055957246,-0.025624913951879838,-0.0015932151852842765
assay_envelope,all_determinate,raw_ad4,0.125,mean_relative_minus_mean,377,304,6362,0.634036112016546,0.6291412457461274,0.004894866270418621,-0.007729597444483472,0.016895706284246526,0.005815781200880226,-0.0030795536274220467,0.014921541986978497
assay_envelope,all_determinate,raw_ad4,0.125,mean_minus_availability,377,304,6362,0.6291412457461274,0.6448475658027665,-0.01570632005663902,-0.026903546387983427,-0.005035241090866769,-0.009902546369066331,-0.01864040228565538,-0.0019091338346729472
assay_envelope,all_determinate,raw_ad4,0.25,mean_relative_minus_mean,377,304,6362,0.660556616282518,0.6610365399315782,-0.00047992364906014574,-0.005033637452437606,0.003945212624150003,0.0022005658597925182,-0.0011059768299104794,0.005627793659920169
assay_envelope,all_determinate,raw_ad4,0.25,mean_minus_availability,377,304,6362,0.6610365399315782,0.6601380915733388,0.0008984483582393019,-0.008542548298826134,0.01048988013504994,0.001886199308393587,-0.004581911026157879,0.008697758862006333
assay_envelope,all_determinate,raw_ad4,0.5,mean_relative_minus_mean,377,304,6362,0.7137996168999409,0.7101762991372745,0.0036233177626660835,-0.000611646326771057,0.007705320411058985,0.005029864822382898,0.0011210242524844665,0.00931375922913277
assay_envelope,all_determinate,raw_ad4,0.5,mean_minus_availability,377,304,6362,0.7101762991372745,0.6937916911212499,0.016384608016024663,0.0017821413163199402,0.034922190905541446,0.008959446714869538,-0.0031632940855493698,0.023323209639815278
assay_envelope,all_determinate,raw_ad4,1.0,mean_relative_minus_mean,377,304,6362,0.7182871786137167,0.7176374400095391,0.0006497386041776744,-0.0011296578096712095,0.0025269317422385766,0.0011002829298962591,-0.0005494707053767949,0.002699984041924208
assay_envelope,all_determinate,raw_ad4,1.0,mean_minus_availability,377,304,6362,0.7176374400095391,0.7178129520433754,-0.00017551203383626534,-0.001989360696630453,0.0017913148155267093,-0.00031436655139893113,-0.0020435722143642937,0.001400015884713917
assay_envelope,all_determinate,raw_gnina_own,0.125,mean_relative_minus_mean,377,304,6362,0.6495107303375766,0.6352397057602222,0.01427102457735432,-0.005193147289119073,0.03428825161167786,0.011945928953159385,-0.0018451328016404667,0.026352607641060146
assay_envelope,all_determinate,raw_gnina_own,0.125,mean_minus_availability,377,304,6362,0.6352397057602222,0.6448475658027665,-0.009607860042544063,-0.029062818216216122,0.0091208217322513,-0.004872681546683433,-0.01698623339037527,0.006542708746396857
assay_envelope,all_determinate,raw_gnina_own,0.25,mean_relative_minus_mean,377,304,6362,0.6521980444118205,0.654831981354085,-0.0026339369422646746,-0.02401526088311659,0.01789227127400518,0.0014146494812951901,-0.016098951917812465,0.018335646684637462
assay_envelope,all_determinate,raw_gnina_own,0.25,mean_minus_availability,377,304,6362,0.654831981354085,0.6603401883271597,-0.005508206973074643,-0.020334359329533442,0.008890835840009992,-0.005187048098082364,-0.014414941729558695,0.004339700541094732
assay_envelope,all_determinate,raw_gnina_own,0.5,mean_relative_minus_mean,377,304,6362,0.6953291130492701,0.7080147997849083,-0.01268568673563825,-0.03941494670591618,0.01234041306352604,-0.008487896887771141,-0.026005427569789675,0.009182296487585777
assay_envelope,all_determinate,raw_gnina_own,0.5,mean_minus_availability,377,304,6362,0.7080147997849083,0.6937916911212499,0.014223108663658458,-0.00332333622050556,0.03545368993332602,0.006444514303678089,-0.007608900087325819,0.022547341784064402
assay_envelope,all_determinate,raw_gnina_own,1.0,mean_relative_minus_mean,377,304,6362,0.7206398635118922,0.7110291016258967,0.009610761885995488,-0.007580537690874487,0.0254262116554835,0.0028292989625903803,-0.008175322138813192,0.014140166862033966
assay_envelope,all_determinate,raw_gnina_own,1.0,mean_minus_availability,377,304,6362,0.7110291016258967,0.7178129520433754,-0.006783850417478552,-0.02001746156679816,0.005257731340224268,-0.004086765168186105,-0.011693591482443857,0.002918542823146712
assay_envelope,all_determinate,vina,0.125,mean_relative_minus_mean,377,304,6362,0.6441419079401841,0.64169119390785,0.002450714032334155,-0.014588510484551865,0.01922913921767076,0.0031436655139893115,-0.008980380965171456,0.015117630914595328
assay_envelope,all_determinate,vina,0.125,mean_minus_availability,377,304,6362,0.64169119390785,0.6448475658027665,-0.0031563718949164394,-0.01824073853014099,0.011745977510102404,-0.005658597925180761,-0.01759583420306354,0.0051338944714066585
assay_envelope,all_determinate,vina,0.25,mean_relative_minus_mean,377,304,6362,0.6630132652729124,0.6524589911223585,0.01055427415055394,-0.004895912280006982,0.027784313736298433,0.012260295504558314,0.001954888932273905,0.023777349887344944
assay_envelope,all_determinate,vina,0.25,mean_minus_availability,377,304,6362,0.6524589911223585,0.6601380915733388,-0.007679100450980444,-0.024555860006116946,0.009088823082642881,-0.004872681546683433,-0.01586817952874846,0.005812461284827112
assay_envelope,all_determinate,vina,0.5,mean_relative_minus_mean,377,304,6362,0.7184202224689731,0.7166815059206472,0.0017387165483258536,-0.010941273656083262,0.014242285150408707,0.004243948443885571,-0.0038649812770415785,0.012182027785994538
assay_envelope,all_determinate,vina,0.5,mean_minus_availability,377,304,6362,0.7166815059206472,0.6937916911212499,0.022889814799397314,0.006461171391708906,0.04272697000074569,0.011945928953159385,-0.002577261339729233,0.027811943489846645
assay_envelope,all_determinate,vina,1.0,mean_relative_minus_mean,377,304,6362,0.7276469776523535,0.7219957531928539,0.005651224459499421,-0.006397810483139534,0.017584536515384816,0.003615215341087708,-0.004908683412282889,0.011544094858182618
assay_envelope,all_determinate,vina,1.0,mean_minus_availability,377,304,6362,0.7219957531928539,0.7178129520433754,0.00418280114947876,-0.003782598676083085,0.01313984101981128,0.0028292989625903803,-0.001656670467852335,0.007533563507712821
assay_envelope,both_exact,boltz_affinity,0.125,mean_relative_minus_mean,252,207,1976,0.6253620864731975,0.5978298670758988,0.027532219397298757,-0.00617773612426596,0.06151802453905324,0.013663967611336033,-0.009485426748722063,0.03821528781720152
assay_envelope,both_exact,boltz_affinity,0.125,mean_minus_availability,252,207,1976,0.5978298670758988,0.6160333493666826,-0.018203482290783883,-0.049358396757514,0.014889380252131778,-0.005060728744939271,-0.022214148673567274,0.014413877431925856
assay_envelope,both_exact,boltz_affinity,0.25,mean_relative_minus_mean,252,207,1976,0.659113909312322,0.6112496850592088,0.04786422425311314,0.01208245703145877,0.08353387245470574,0.035931174089068825,0.005398592379233474,0.06583191451466146
assay_envelope,both_exact,boltz_affinity,0.25,mean_minus_availability,252,207,1976,0.6112496850592088,0.6165299060140329,-0.00528022095482413,-0.034498187553944674,0.026843502028078035,-0.004554655870445344,-0.020332515894560997,0.012988222206099295
assay_envelope,both_exact,boltz_affinity,0.5,mean_relative_minus_mean,252,207,1976,0.6692323843117494,0.631019186574742,0.03821319773700726,0.0010446752390719624,0.07314766698604837,0.034919028340080975,0.007678254308671688,0.06290517092951457
assay_envelope,both_exact,boltz_affinity,0.5,mean_minus_availability,252,207,1976,0.631019186574742,0.624562614046741,0.006456572528001096,-0.023428322507562858,0.03480064176522743,0.004554655870445344,-0.01328527670079043,0.022101085037307046
assay_envelope,both_exact,boltz_affinity,1.0,mean_relative_minus_mean,252,207,1976,0.6557067271352985,0.630697374348168,0.02500935278713056,-0.016045661599015264,0.06514510149946225,0.035931174089068825,0.011870123762104735,0.0633248596376772
assay_envelope,both_exact,boltz_affinity,1.0,mean_minus_availability,252,207,1976,0.630697374348168,0.6389709643677898,-0.008273590019621763,-0.03175387404061317,0.014331672547474264,-0.011639676113360324,-0.024172662370172723,0.000512218963831866
assay_envelope,both_exact,boltz_binary,0.125,mean_relative_minus_mean,252,207,1976,0.6119767211037053,0.59594528046909,0.016031440634615236,-0.012194567215752645,0.04509702700276864,0.012145748987854251,-0.0017590409019116605,0.0261834017612798
assay_envelope,both_exact,boltz_binary,0.125,mean_minus_availability,252,207,1976,0.59594528046909,0.6160333493666826,-0.020088068897592706,-0.04713298177651377,0.0027849349828670774,-0.022267206477732792,-0.04243165509161471,-0.0035949285989347974
assay_envelope,both_exact,boltz_binary,0.25,mean_relative_minus_mean,252,207,1976,0.6214474678760392,0.5892149003260114,0.03223256755002786,0.0010394424658609087,0.06454889492980043,0.025303643724696356,0.0068735483389400776,0.046976338747632435
assay_envelope,both_exact,boltz_binary,0.25,mean_minus_availability,252,207,1976,0.5892149003260114,0.6165299060140329,-0.027315005688021563,-0.054767474067168795,0.0001449399204126027,-0.01771255060728745,-0.039073265167358,0.002180142715545453
assay_envelope,both_exact,boltz_binary,0.5,mean_relative_minus_mean,252,207,1976,0.6249194515067531,0.6288447590034892,-0.003925307496736066,-0.03891439237960856,0.03024538012551474,0.004554655870445344,-0.010689516917497895,0.020673491379310342
assay_envelope,both_exact,boltz_binary,0.5,mean_minus_availability,252,207,1976,0.6288447590034892,0.624562614046741,0.004282144956748126,-0.022589473686086017,0.03157738136181275,0.0005060728744939271,-0.01758465516650385,0.0175734017552297
assay_envelope,both_exact,boltz_binary,1.0,mean_relative_minus_mean,252,207,1976,0.6398684501859104,0.631957137512693,0.007911312673217435,-0.023352704856047103,0.03698288188419765,0.016194331983805668,0.0009078015321662818,0.032723428709844446
assay_envelope,both_exact,boltz_binary,1.0,mean_minus_availability,252,207,1976,0.631957137512693,0.6389709643677898,-0.007013826855096698,-0.02129852052431,0.008903147504337973,-0.009109311740890687,-0.02206802611675444,0.003514384139791405
assay_envelope,both_exact,boltzina_vina_far_affinity,0.125,mean_relative_minus_mean,252,207,1976,0.621590622781099,0.5969743733632622,0.02461624941783672,-0.015059899450511912,0.065259416148088,0.01417004048582996,-0.009622367682183247,0.033878094831411736
assay_envelope,both_exact,boltzina_vina_far_affinity,0.125,mean_minus_availability,252,207,1976,0.5969743733632622,0.621324354657688,-0.02434998129442574,-0.05573623876525906,0.007077968404731881,-0.01062753036437247,-0.025792931306442946,0.006156024963994227
assay_envelope,both_exact,boltzina_vina_far_affinity,0.25,mean_relative_minus_mean,252,207,1976,0.6418317719905021,0.6106512975560595,0.03118047443444269,-0.003783318450035139,0.06587324562114058,0.04251012145748988,0.011791708985485922,0.07351478343261442
assay_envelope,both_exact,boltzina_vina_far_affinity,0.25,mean_minus_availability,252,207,1976,0.6106512975560595,0.6172889133206593,-0.006637615764599892,-0.03445072643362075,0.02349190492092953,-0.00708502024291498,-0.022530681502000473,0.009520581697463813
assay_envelope,both_exact,boltzina_vina_far_affinity,0.5,mean_relative_minus_mean,252,207,1976,0.6534369583972759,0.6183457782664132,0.03509118013086267,-0.006679580098718058,0.07766791355372954,0.05263157894736842,0.020751700667411357,0.08460047492465014
assay_envelope,both_exact,boltzina_vina_far_affinity,0.5,mean_minus_availability,252,207,1976,0.6183457782664132,0.6278694923536193,-0.009523714087206155,-0.03684840294723099,0.01890136991128273,-0.005060728744939271,-0.019252397896039605,0.01049741167185106
assay_envelope,both_exact,boltzina_vina_far_affinity,1.0,mean_relative_minus_mean,252,207,1976,0.6520330859616573,0.6308872931888804,0.0211457927727769,-0.0145775161729109,0.05653784210478663,0.03744939271255061,0.016398764192043783,0.06012332891214878
assay_envelope,both_exact,boltzina_vina_far_affinity,1.0,mean_minus_availability,252,207,1976,0.6308872931888804,0.6451784473609868,-0.014291154172106557,-0.038486722743200856,0.00924163702361375,-0.008097165991902834,-0.021363363015748434,0.004277766802530199
assay_envelope,both_exact,boltzina_vina_far_binary,0.125,mean_relative_minus_mean,252,207,1976,0.6201387457339838,0.5860436374325262,0.03409510830145751,0.00470909447549972,0.06633698964291068,0.012651821862348178,-0.00678672850423144,0.031115066696517178
assay_envelope,both_exact,boltzina_vina_far_binary,0.125,mean_minus_availability,252,207,1976,0.5860436374325262,0.621324354657688,-0.03528071722516167,-0.06382721046215492,-0.01035899778954676,-0.020748987854251014,-0.04125372241047648,-0.0017055123532793205
assay_envelope,both_exact,boltzina_vina_far_binary,0.25,mean_relative_minus_mean,252,207,1976,0.6129291784053688,0.5973655680004887,0.015563610404880248,-0.009425040474147616,0.04271271082009097,0.00860323886639676,-0.009081850231080227,0.02656020733708031
assay_envelope,both_exact,boltzina_vina_far_binary,0.25,mean_minus_availability,252,207,1976,0.5973655680004887,0.6172889133206593,-0.019923345320170715,-0.04453562830235762,0.005093894396184877,-0.012145748987854251,-0.032244363742691365,0.006478019693363874
assay_envelope,both_exact,boltzina_vina_far_binary,0.5,mean_relative_minus_mean,252,207,1976,0.6279761904761905,0.6069363323331577,0.021039858143032747,-0.01635714212014365,0.05588006944096648,0.018724696356275303,-0.003107122836709263,0.042446626358523025
assay_envelope,both_exact,boltzina_vina_far_binary,0.5,mean_minus_availability,252,207,1976,0.6069363323331577,0.6278694923536193,-0.020933160020461614,-0.05410534678087871,0.011499106836383076,-0.009615384615384616,-0.030203443261815326,0.010364322215911782
assay_envelope,both_exact,boltzina_vina_far_binary,1.0,mean_relative_minus_mean,252,207,1976,0.6341236438458662,0.6371548058055995,-0.0030311619597333888,-0.03636542873203804,0.026718736100500767,0.018218623481781375,0.0009049359595047677,0.03608035795489396
assay_envelope,both_exact,boltzina_vina_far_binary,1.0,mean_minus_availability,252,207,1976,0.6371548058055995,0.6451784473609868,-0.008023641555387586,-0.025700929738367077,0.011553891020063526,-0.010121457489878543,-0.02378651658879607,0.0032950288439058065
assay_envelope,both_exact,boltzina_vina_zero_affinity,0.125,mean_relative_minus_mean,252,207,1976,0.621590622781099,0.5969743733632622,0.02461624941783672,-0.015059899450511912,0.065259416148088,0.01417004048582996,-0.009622367682183247,0.033878094831411736
assay_envelope,both_exact,boltzina_vina_zero_affinity,0.125,mean_minus_availability,252,207,1976,0.5969743733632622,0.621324354657688,-0.02434998129442574,-0.05573623876525906,0.007077968404731881,-0.01062753036437247,-0.025792931306442946,0.006156024963994227
assay_envelope,both_exact,boltzina_vina_zero_affinity,0.25,mean_relative_minus_mean,252,207,1976,0.6418317719905021,0.6106512975560595,0.03118047443444269,-0.003783318450035139,0.06587324562114058,0.04251012145748988,0.011791708985485922,0.07351478343261442
assay_envelope,both_exact,boltzina_vina_zero_affinity,0.25,mean_minus_availability,252,207,1976,0.6106512975560595,0.6172889133206593,-0.006637615764599892,-0.03445072643362075,0.02349190492092953,-0.00708502024291498,-0.022530681502000473,0.009520581697463813
assay_envelope,both_exact,boltzina_vina_zero_affinity,0.5,mean_relative_minus_mean,252,207,1976,0.6534369583972759,0.6182040549104042,0.03523290348687174,-0.006675920848132578,0.07773752591900085,0.05313765182186235,0.02156254928779938,0.08503212895358107
assay_envelope,both_exact,boltzina_vina_zero_affinity,0.5,mean_minus_availability,252,207,1976,0.6182040549104042,0.6278694923536193,-0.009665437443215224,-0.036918069815100464,0.01875038682166718,-0.005566801619433198,-0.019802447446254774,0.010058412586591507
assay_envelope,both_exact,boltzina_vina_zero_affinity,1.0,mean_relative_minus_mean,252,207,1976,0.6520330859616573,0.6308872931888804,0.0211457927727769,-0.0145775161729109,0.05653784210478663,0.03744939271255061,0.016398764192043783,0.06012332891214878
assay_envelope,both_exact,boltzina_vina_zero_affinity,1.0,mean_minus_availability,252,207,1976,0.6308872931888804,0.6451784473609868,-0.014291154172106557,-0.038486722743200856,0.00924163702361375,-0.008097165991902834,-0.021363363015748434,0.004277766802530199
assay_envelope,both_exact,boltzina_vina_zero_binary,0.125,mean_relative_minus_mean,252,207,1976,0.6201387457339838,0.5860436374325262,0.03409510830145751,0.00470909447549972,0.06633698964291068,0.012651821862348178,-0.00678672850423144,0.031115066696517178
assay_envelope,both_exact,boltzina_vina_zero_binary,0.125,mean_minus_availability,252,207,1976,0.5860436374325262,0.621324354657688,-0.03528071722516167,-0.06382721046215492,-0.01035899778954676,-0.020748987854251014,-0.04125372241047648,-0.0017055123532793205
assay_envelope,both_exact,boltzina_vina_zero_binary,0.25,mean_relative_minus_mean,252,207,1976,0.6129291784053688,0.5973655680004887,0.015563610404880248,-0.009425040474147616,0.04271271082009097,0.00860323886639676,-0.009081850231080227,0.02656020733708031
assay_envelope,both_exact,boltzina_vina_zero_binary,0.25,mean_minus_availability,252,207,1976,0.5973655680004887,0.6172889133206593,-0.019923345320170715,-0.04453562830235762,0.005093894396184877,-0.012145748987854251,-0.032244363742691365,0.006478019693363874
assay_envelope,both_exact,boltzina_vina_zero_binary,0.5,mean_relative_minus_mean,252,207,1976,0.6279761904761905,0.6069363323331577,0.021039858143032747,-0.01635714212014365,0.05588006944096648,0.018724696356275303,-0.003107122836709263,0.042446626358523025
assay_envelope,both_exact,boltzina_vina_zero_binary,0.5,mean_minus_availability,252,207,1976,0.6069363323331577,0.6278694923536193,-0.020933160020461614,-0.05410534678087871,0.011499106836383076,-0.009615384615384616,-0.030203443261815326,0.010364322215911782
assay_envelope,both_exact,boltzina_vina_zero_binary,1.0,mean_relative_minus_mean,252,207,1976,0.6341236438458662,0.6371548058055995,-0.0030311619597333888,-0.03636542873203804,0.026718736100500767,0.018218623481781375,0.0009049359595047677,0.03608035795489396
assay_envelope,both_exact,boltzina_vina_zero_binary,1.0,mean_minus_availability,252,207,1976,0.6371548058055995,0.6451784473609868,-0.008023641555387586,-0.025700929738367077,0.011553891020063526,-0.010121457489878543,-0.02378651658879607,0.0032950288439058065
assay_envelope,both_exact,gnina,0.125,mean_relative_minus_mean,252,207,1976,0.5903339899371645,0.5984946784549959,-0.008160688517831374,-0.042993887371196686,0.024287533502132082,-0.0015182186234817814,-0.021332350389980496,0.017632673383317688
assay_envelope,both_exact,gnina,0.125,mean_minus_availability,252,207,1976,0.5984946784549959,0.6197370530703864,-0.021242374615390486,-0.04930141145911657,0.004917711316651885,-0.009615384615384616,-0.02430063750894464,0.003057745146492425
assay_envelope,both_exact,gnina,0.25,mean_relative_minus_mean,252,207,1976,0.6021670789527932,0.6029173060919093,-0.0007502271391160222,-0.03499150160389022,0.03355557089610588,0.014676113360323886,-0.008397041000407715,0.03967052449207989
assay_envelope,both_exact,gnina,0.25,mean_minus_availability,252,207,1976,0.6029173060919093,0.6164070791054918,-0.013489773013582538,-0.03414171185798961,0.006328651877154472,-0.00708502024291498,-0.01893097650703012,0.004273847802786708
assay_envelope,both_exact,gnina,0.5,mean_relative_minus_mean,252,207,1976,0.624858562953801,0.6456657466578102,-0.020807183704009104,-0.05087591265818117,0.00844588406245024,0.006578947368421052,-0.010130270102396269,0.022958167434641262
assay_envelope,both_exact,gnina,0.5,mean_minus_availability,252,207,1976,0.6456657466578102,0.6239012383853654,0.02176450827244478,0.0012108869455834167,0.04174188400915618,0.009109311740890687,-0.005932704016545538,0.023716960956350047
assay_envelope,both_exact,gnina,1.0,mean_relative_minus_mean,252,207,1976,0.652349649175046,0.6534172984569809,-0.001067649281934996,-0.024873330723510643,0.024960245292433358,0.00708502024291498,-0.005295880493603032,0.020361862022295823
assay_envelope,both_exact,gnina,1.0,mean_minus_availability,252,207,1976,0.6534172984569809,0.6449233453201707,0.008493953136810279,-0.007247523326270399,0.025230829751424943,0.005060728744939271,-0.003487369940982182,0.014199866286711823
assay_envelope,both_exact,nesso_affinity,0.125,mean_relative_minus_mean,252,207,1976,0.6240454430930621,0.6028475419348435,0.021197901158218617,-0.0167618495408674,0.058914865534691205,0.02834008097165992,-0.0067545851025732845,0.06647645754532412
assay_envelope,both_exact,nesso_affinity,0.125,mean_minus_availability,252,207,1976,0.6028475419348435,0.6197370530703864,-0.016889511135542882,-0.05403985004280153,0.02032322567444102,-0.005566801619433198,-0.030895292051908146,0.01861686971769881
assay_envelope,both_exact,nesso_affinity,0.25,mean_relative_minus_mean,252,207,1976,0.6205429197492689,0.5912216457851379,0.0293212739641311,-0.01133193071235985,0.07278423803999264,0.062246963562753034,0.02987766391547835,0.09678349687604045
assay_envelope,both_exact,nesso_affinity,0.25,mean_minus_availability,252,207,1976,0.5912216457851379,0.6164070791054918,-0.025185433320353952,-0.055806572133387015,0.004294563520533198,-0.025809716599190284,-0.04468200351219409,-0.008456824524206596
assay_envelope,both_exact,nesso_affinity,0.5,mean_relative_minus_mean,252,207,1976,0.648611588294128,0.6254245020118036,0.023187086282324375,-0.016207583313232802,0.0648294062529373,0.034919028340080975,0.005683755936813121,0.06889987878027878
assay_envelope,both_exact,nesso_affinity,0.5,mean_minus_availability,252,207,1976,0.6254245020118036,0.6239012383853654,0.001523263626438229,-0.024135895684369964,0.024969236911352104,0.0015182186234817814,-0.01571729866674154,0.01807047010767842
assay_envelope,both_exact,nesso_affinity,1.0,mean_relative_minus_mean,252,207,1976,0.6532966665903174,0.641669052581751,0.011627614008566385,-0.02903367415514594,0.05312286610480391,0.03137651821862348,0.005031686972562603,0.06270202134908018
assay_envelope,both_exact,nesso_affinity,1.0,mean_minus_availability,252,207,1976,0.641669052581751,0.6449233453201707,-0.003254292738419724,-0.01885190455182925,0.010737582765550677,-0.009615384615384616,-0.02131189998101917,0.001120267201920248
assay_envelope,both_exact,nesso_binary,0.125,mean_relative_minus_mean,252,207,1976,0.6152953381127985,0.6011787374882612,0.014116600624537136,-0.025915115478719022,0.05060810453588738,0.027327935222672066,0.003847314735566885,0.05117617356620655
assay_envelope,both_exact,nesso_binary,0.125,mean_minus_availability,252,207,1976,0.6011787374882612,0.6197370530703864,-0.018558315582125107,-0.05142009754943802,0.012593640159786132,-0.01771255060728745,-0.03680657426858035,0.0005288277247558051
assay_envelope,both_exact,nesso_binary,0.25,mean_relative_minus_mean,252,207,1976,0.5970182742008139,0.5888423158264429,0.008175958374371078,-0.02905503167843469,0.04598506256885288,0.025303643724696356,0.001080993150591381,0.05622443065882028
assay_envelope,both_exact,nesso_binary,0.25,mean_minus_availability,252,207,1976,0.5888423158264429,0.6164070791054918,-0.027564763279048995,-0.05930314264195843,0.003960510275165383,-0.013157894736842105,-0.033990289486159495,0.006317119976381147
assay_envelope,both_exact,nesso_binary,0.5,mean_relative_minus_mean,252,207,1976,0.6332090748757416,0.6110789489757744,0.02213012589996717,-0.019471107864741412,0.06452635390108155,0.018724696356275303,-0.008384570808754698,0.050687267579485364
assay_envelope,both_exact,nesso_binary,0.5,mean_minus_availability,252,207,1976,0.6110789489757744,0.6239012383853654,-0.012822289409590999,-0.043931473973772076,0.013989933473389346,-0.00354251012145749,-0.021430216405907296,0.013632740193263356
assay_envelope,both_exact,nesso_binary,1.0,mean_relative_minus_mean,252,207,1976,0.6592945708025073,0.6287477954144621,0.03054677538804523,-0.0042605624526763485,0.06371965074041441,0.03188259109311741,0.008400695563730616,0.0570926204219335
assay_envelope,both_exact,nesso_binary,1.0,mean_minus_availability,252,207,1976,0.6287477954144621,0.6449233453201707,-0.016175549905708637,-0.04070680496429301,0.006164981282158817,-0.01568825910931174,-0.027180875458139245,-0.004724744393039721
assay_envelope,both_exact,raw_ad4,0.125,mean_relative_minus_mean,252,207,1976,0.5989614588820938,0.6082921047206762,-0.009330645838582348,-0.03212893061470297,0.014372331571517481,-0.003036437246963563,-0.015225033346241555,0.008997368837375829
assay_envelope,both_exact,raw_ad4,0.125,mean_minus_availability,252,207,1976,0.6082921047206762,0.6197370530703864,-0.011444948349710254,-0.03018652855684654,0.007404488775075806,-0.0075910931174089065,-0.016129662626704094,0.0009367221850131762
assay_envelope,both_exact,raw_ad4,0.25,mean_relative_minus_mean,252,207,1976,0.6117445238476984,0.6085395718332225,0.003204952014475823,-0.004891655874182125,0.013951136883564799,0.003036437246963563,-0.003855828179976543,0.010958934137274567
assay_envelope,both_exact,raw_ad4,0.25,mean_minus_availability,252,207,1976,0.6085395718332225,0.6164070791054918,-0.007867507272269177,-0.022497111134015896,0.0029839447002145423,0.003036437246963563,-0.004866214222092234,0.011716883421206794
assay_envelope,both_exact,raw_ad4,0.5,mean_relative_minus_mean,252,207,1976,0.6512559457003901,0.6363151545691229,0.014940791131267322,0.0030246186193775768,0.03141653369166597,0.004554655870445344,0.00041754303714954547,0.009398959843555073
assay_envelope,both_exact,raw_ad4,0.5,mean_minus_availability,252,207,1976,0.6363151545691229,0.6239012383853654,0.012413916183757454,-0.005957152306886138,0.031824428977940376,0.011133603238866396,0.00045286786654098423,0.022486886911627393
assay_envelope,both_exact,raw_ad4,1.0,mean_relative_minus_mean,252,207,1976,0.6468613764248684,0.6473798834909945,-0.0005185070661261148,-0.004099944417722197,0.002123065956468358,0.0010121457489878543,-0.002158097099226378,0.0042507927050689275
assay_envelope,both_exact,raw_ad4,1.0,mean_minus_availability,252,207,1976,0.6473798834909945,0.6449233453201707,0.0024565381708238853,-0.0009914576059700776,0.007210912580799954,0.0010121457489878543,-0.0014399586307138998,0.003723802054919074
assay_envelope,both_exact,raw_gnina_own,0.125,mean_relative_minus_mean,252,207,1976,0.6010169724455439,0.6167170571932478,-0.015700084747703798,-0.041324925440504486,0.010174515235965605,-0.006072874493927126,-0.028366942604250694,0.015086157132136449
assay_envelope,both_exact,raw_gnina_own,0.125,mean_minus_availability,252,207,1976,0.6167170571932478,0.6197370530703864,-0.003019995877138735,-0.030976400156729776,0.025273370004713774,-0.003036437246963563,-0.01676295293579074,0.010507266088764759
assay_envelope,both_exact,raw_gnina_own,0.25,mean_relative_minus_mean,252,207,1976,0.5891701405590294,0.5977393931759011,-0.008569252616871671,-0.04417051393560179,0.028623741691228388,-0.00708502024291498,-0.035081385213801795,0.02219109841188304
assay_envelope,both_exact,raw_gnina_own,0.25,mean_minus_availability,252,207,1976,0.5977393931759011,0.6164070791054918,-0.01866768592959069,-0.039635857050750664,-0.0004949344390833836,-0.0010121457489878543,-0.012030982433459214,0.009519530597960178
assay_envelope,both_exact,raw_gnina_own,0.5,mean_relative_minus_mean,252,207,1976,0.5975418394069189,0.639329137940249,-0.04178729853333028,-0.07502285494851521,-0.009659980729275004,-0.014676113360323886,-0.04047440990835943,0.01138970010656651
assay_envelope,both_exact,raw_gnina_own,0.5,mean_minus_availability,252,207,1976,0.639329137940249,0.6239012383853654,0.01542789955488368,-0.004484869041682587,0.03429938795362182,0.006578947368421052,-0.007634465883014096,0.019955819162371005
assay_envelope,both_exact,raw_gnina_own,1.0,mean_relative_minus_mean,252,207,1976,0.6607576139322171,0.651996915488979,0.008760698443238122,-0.019184062835304622,0.03776206003635189,0.0020242914979757085,-0.014586276921189698,0.01764060122256325
assay_envelope,both_exact,raw_gnina_own,1.0,mean_minus_availability,252,207,1976,0.651996915488979,0.6449233453201707,0.007073570168808264,-0.012516889381075426,0.027832396806874042,-0.0025303643724696357,-0.012033120692801099,0.007686036351345504
assay_envelope,both_exact,vina,0.125,mean_relative_minus_mean,252,207,1976,0.6172310787390153,0.5942101475831635,0.02302093115585179,-0.004983099167364977,0.05128461879531304,0.01062753036437247,-0.005395532916800884,0.02542895392682768
assay_envelope,both_exact,vina,0.125,mean_minus_availability,252,207,1976,0.5942101475831635,0.6197370530703864,-0.02552690548722295,-0.05140992491272603,0.0011829596035944875,-0.01720647773279352,-0.03405771992772015,-0.002439725319770902
assay_envelope,both_exact,vina,0.25,mean_relative_minus_mean,252,207,1976,0.6195614497201798,0.6070040923215526,0.01255735739862724,-0.01289278655244181,0.041434934161853766,0.00354251012145749,-0.010553374120869506,0.018458644959181758
assay_envelope,both_exact,vina,0.25,mean_minus_availability,252,207,1976,0.6070040923215526,0.6164070791054918,-0.009402986783939164,-0.03181535080930634,0.012174753632834639,0.0010121457489878543,-0.013667903674314995,0.013810030395136775
assay_envelope,both_exact,vina,0.5,mean_relative_minus_mean,252,207,1976,0.638855676950915,0.6461224108049506,-0.007266733854035441,-0.028083076925120826,0.013971597056330946,-0.005060728744939271,-0.014085562174416361,0.004702936028401052
assay_envelope,both_exact,vina,0.5,mean_minus_availability,252,207,1976,0.6461224108049506,0.6239012383853654,0.022221172419585117,0.002929832028787889,0.04243335252499642,0.012651821862348178,-0.00448888716582575,0.028495489741840276
assay_envelope,both_exact,vina,1.0,mean_relative_minus_mean,252,207,1976,0.6361816387610038,0.644280866106263,-0.008099227345259093,-0.0316763908806766,0.016030677844191,-0.005566801619433198,-0.015835166336631942,0.004484764613376657
assay_envelope,both_exact,vina,1.0,mean_minus_availability,252,207,1976,0.644280866106263,0.6449233453201707,-0.0006424792139077857,-0.011271485019863458,0.011819939317057234,0.0010121457489878543,-0.0051895109164839795,0.0076893551992914455
