policy,method,fraction,cells,exact_prediction_identity,different_finite_cells,maximum_absolute_difference,selected_ridge_identity
source_representative,target_prior,0.125,9300,True,0,0.0,True
source_representative,target_prior,0.25,9300,True,0,0.0,True
source_representative,target_prior,0.5,9300,True,0,0.0,True
source_representative,target_prior,1.0,9300,True,0,0.0,True
source_representative,chemistry,0.125,9300,True,0,0.0,True
source_representative,chemistry,0.25,9300,True,0,0.0,True
source_representative,chemistry,0.5,9300,True,0,0.0,True
source_representative,chemistry,1.0,9300,True,0,0.0,True
source_representative,availability__boltz_affinity,0.125,9300,True,0,0.0,True
source_representative,availability__boltz_affinity,0.25,9300,True,0,0.0,True
source_representative,availability__boltz_affinity,0.5,9300,True,0,0.0,True
source_representative,availability__boltz_affinity,1.0,9300,True,0,0.0,True
source_representative,plus__boltz_affinity,0.125,9300,True,0,0.0,True
source_representative,plus__boltz_affinity,0.25,9300,True,0,0.0,True
source_representative,plus__boltz_affinity,0.5,9300,True,0,0.0,True
source_representative,plus__boltz_affinity,1.0,9300,True,0,0.0,True
source_representative,availability__boltz_binary,0.125,9300,True,0,0.0,True
source_representative,availability__boltz_binary,0.25,9300,True,0,0.0,True
source_representative,availability__boltz_binary,0.5,9300,True,0,0.0,True
source_representative,availability__boltz_binary,1.0,9300,True,0,0.0,True
source_representative,plus__boltz_binary,0.125,9300,True,0,0.0,True
source_representative,plus__boltz_binary,0.25,9300,True,0,0.0,True
source_representative,plus__boltz_binary,0.5,9300,True,0,0.0,True
source_representative,plus__boltz_binary,1.0,9300,True,0,0.0,True
source_representative,availability__boltzina_vina_far_affinity,0.125,9300,True,0,0.0,True
source_representative,availability__boltzina_vina_far_affinity,0.25,9300,True,0,0.0,True
source_representative,availability__boltzina_vina_far_affinity,0.5,9300,True,0,0.0,True
source_representative,availability__boltzina_vina_far_affinity,1.0,9300,True,0,0.0,True
source_representative,plus__boltzina_vina_far_affinity,0.125,9300,True,0,0.0,True
source_representative,plus__boltzina_vina_far_affinity,0.25,9300,True,0,0.0,True
source_representative,plus__boltzina_vina_far_affinity,0.5,9300,True,0,0.0,True
source_representative,plus__boltzina_vina_far_affinity,1.0,9300,True,0,0.0,True
source_representative,availability__boltzina_vina_far_binary,0.125,9300,True,0,0.0,True
source_representative,availability__boltzina_vina_far_binary,0.25,9300,True,0,0.0,True
source_representative,availability__boltzina_vina_far_binary,0.5,9300,True,0,0.0,True
source_representative,availability__boltzina_vina_far_binary,1.0,9300,True,0,0.0,True
source_representative,plus__boltzina_vina_far_binary,0.125,9300,True,0,0.0,True
source_representative,plus__boltzina_vina_far_binary,0.25,9300,True,0,0.0,True
source_representative,plus__boltzina_vina_far_binary,0.5,9300,True,0,0.0,True
source_representative,plus__boltzina_vina_far_binary,1.0,9300,True,0,0.0,True
source_representative,availability__boltzina_vina_zero_affinity,0.125,9300,True,0,0.0,True
source_representative,availability__boltzina_vina_zero_affinity,0.25,9300,True,0,0.0,True
source_representative,availability__boltzina_vina_zero_affinity,0.5,9300,True,0,0.0,True
source_representative,availability__boltzina_vina_zero_affinity,1.0,9300,True,0,0.0,True
source_representative,plus__boltzina_vina_zero_affinity,0.125,9300,True,0,0.0,True
source_representative,plus__boltzina_vina_zero_affinity,0.25,9300,True,0,0.0,True
source_representative,plus__boltzina_vina_zero_affinity,0.5,9300,True,0,0.0,True
source_representative,plus__boltzina_vina_zero_affinity,1.0,9300,True,0,0.0,True
source_representative,availability__boltzina_vina_zero_binary,0.125,9300,True,0,0.0,True
source_representative,availability__boltzina_vina_zero_binary,0.25,9300,True,0,0.0,True
source_representative,availability__boltzina_vina_zero_binary,0.5,9300,True,0,0.0,True
source_representative,availability__boltzina_vina_zero_binary,1.0,9300,True,0,0.0,True
source_representative,plus__boltzina_vina_zero_binary,0.125,9300,True,0,0.0,True
source_representative,plus__boltzina_vina_zero_binary,0.25,9300,True,0,0.0,True
source_representative,plus__boltzina_vina_zero_binary,0.5,9300,True,0,0.0,True
source_representative,plus__boltzina_vina_zero_binary,1.0,9300,True,0,0.0,True
source_representative,availability__gnina,0.125,9300,True,0,0.0,True
source_representative,availability__gnina,0.25,9300,True,0,0.0,True
source_representative,availability__gnina,0.5,9300,True,0,0.0,True
source_representative,availability__gnina,1.0,9300,True,0,0.0,True
source_representative,plus__gnina,0.125,9300,True,0,0.0,True
source_representative,plus__gnina,0.25,9300,True,0,0.0,True
source_representative,plus__gnina,0.5,9300,True,0,0.0,True
source_representative,plus__gnina,1.0,9300,True,0,0.0,True
source_representative,availability__nesso_affinity,0.125,9300,True,0,0.0,True
source_representative,availability__nesso_affinity,0.25,9300,True,0,0.0,True
source_representative,availability__nesso_affinity,0.5,9300,True,0,0.0,True
source_representative,availability__nesso_affinity,1.0,9300,True,0,0.0,True
source_representative,plus__nesso_affinity,0.125,9300,True,0,0.0,True
source_representative,plus__nesso_affinity,0.25,9300,True,0,0.0,True
source_representative,plus__nesso_affinity,0.5,9300,True,0,0.0,True
source_representative,plus__nesso_affinity,1.0,9300,True,0,0.0,True
source_representative,availability__nesso_binary,0.125,9300,True,0,0.0,True
source_representative,availability__nesso_binary,0.25,9300,True,0,0.0,True
source_representative,availability__nesso_binary,0.5,9300,True,0,0.0,True
source_representative,availability__nesso_binary,1.0,9300,True,0,0.0,True
source_representative,plus__nesso_binary,0.125,9300,True,0,0.0,True
source_representative,plus__nesso_binary,0.25,9300,True,0,0.0,True
source_representative,plus__nesso_binary,0.5,9300,True,0,0.0,True
source_representative,plus__nesso_binary,1.0,9300,True,0,0.0,True
source_representative,availability__raw_ad4,0.125,9300,True,0,0.0,True
source_representative,availability__raw_ad4,0.25,9300,True,0,0.0,True
source_representative,availability__raw_ad4,0.5,9300,True,0,0.0,True
source_representative,availability__raw_ad4,1.0,9300,True,0,0.0,True
source_representative,plus__raw_ad4,0.125,9300,True,0,0.0,True
source_representative,plus__raw_ad4,0.25,9300,True,0,0.0,True
source_representative,plus__raw_ad4,0.5,9300,True,0,0.0,True
source_representative,plus__raw_ad4,1.0,9300,True,0,0.0,True
source_representative,availability__raw_gnina_own,0.125,9300,True,0,0.0,True
source_representative,availability__raw_gnina_own,0.25,9300,True,0,0.0,True
source_representative,availability__raw_gnina_own,0.5,9300,True,0,0.0,True
source_representative,availability__raw_gnina_own,1.0,9300,True,0,0.0,True
source_representative,plus__raw_gnina_own,0.125,9300,True,0,0.0,True
source_representative,plus__raw_gnina_own,0.25,9300,True,0,0.0,True
source_representative,plus__raw_gnina_own,0.5,9300,True,0,0.0,True
source_representative,plus__raw_gnina_own,1.0,9300,True,0,0.0,True
source_representative,availability__vina,0.125,9300,True,0,0.0,True
source_representative,availability__vina,0.25,9300,True,0,0.0,True
source_representative,availability__vina,0.5,9300,True,0,0.0,True
source_representative,availability__vina,1.0,9300,True,0,0.0,True
source_representative,plus__vina,0.125,9300,True,0,0.0,True
source_representative,plus__vina,0.25,9300,True,0,0.0,True
source_representative,plus__vina,0.5,9300,True,0,0.0,True
source_representative,plus__vina,1.0,9300,True,0,0.0,True
assay_envelope,target_prior,0.125,9300,True,0,0.0,True
assay_envelope,target_prior,0.25,9300,True,0,0.0,True
assay_envelope,target_prior,0.5,9300,True,0,0.0,True
assay_envelope,target_prior,1.0,9300,True,0,0.0,True
assay_envelope,chemistry,0.125,9300,True,0,0.0,True
assay_envelope,chemistry,0.25,9300,True,0,0.0,True
assay_envelope,chemistry,0.5,9300,True,0,0.0,True
assay_envelope,chemistry,1.0,9300,True,0,0.0,True
assay_envelope,availability__boltz_affinity,0.125,9300,True,0,0.0,True
assay_envelope,availability__boltz_affinity,0.25,9300,True,0,0.0,True
assay_envelope,availability__boltz_affinity,0.5,9300,True,0,0.0,True
assay_envelope,availability__boltz_affinity,1.0,9300,True,0,0.0,True
assay_envelope,plus__boltz_affinity,0.125,9300,True,0,0.0,True
assay_envelope,plus__boltz_affinity,0.25,9300,True,0,0.0,True
assay_envelope,plus__boltz_affinity,0.5,9300,True,0,0.0,True
assay_envelope,plus__boltz_affinity,1.0,9300,True,0,0.0,True
assay_envelope,availability__boltz_binary,0.125,9300,True,0,0.0,True
assay_envelope,availability__boltz_binary,0.25,9300,True,0,0.0,True
assay_envelope,availability__boltz_binary,0.5,9300,True,0,0.0,True
assay_envelope,availability__boltz_binary,1.0,9300,True,0,0.0,True
assay_envelope,plus__boltz_binary,0.125,9300,True,0,0.0,True
assay_envelope,plus__boltz_binary,0.25,9300,True,0,0.0,True
assay_envelope,plus__boltz_binary,0.5,9300,True,0,0.0,True
assay_envelope,plus__boltz_binary,1.0,9300,True,0,0.0,True
assay_envelope,availability__boltzina_vina_far_affinity,0.125,9300,True,0,0.0,True
assay_envelope,availability__boltzina_vina_far_affinity,0.25,9300,True,0,0.0,True
assay_envelope,availability__boltzina_vina_far_affinity,0.5,9300,True,0,0.0,True
assay_envelope,availability__boltzina_vina_far_affinity,1.0,9300,True,0,0.0,True
assay_envelope,plus__boltzina_vina_far_affinity,0.125,9300,True,0,0.0,True
assay_envelope,plus__boltzina_vina_far_affinity,0.25,9300,True,0,0.0,True
assay_envelope,plus__boltzina_vina_far_affinity,0.5,9300,True,0,0.0,True
assay_envelope,plus__boltzina_vina_far_affinity,1.0,9300,True,0,0.0,True
assay_envelope,availability__boltzina_vina_far_binary,0.125,9300,True,0,0.0,True
assay_envelope,availability__boltzina_vina_far_binary,0.25,9300,True,0,0.0,True
assay_envelope,availability__boltzina_vina_far_binary,0.5,9300,True,0,0.0,True
assay_envelope,availability__boltzina_vina_far_binary,1.0,9300,True,0,0.0,True
assay_envelope,plus__boltzina_vina_far_binary,0.125,9300,True,0,0.0,True
assay_envelope,plus__boltzina_vina_far_binary,0.25,9300,True,0,0.0,True
assay_envelope,plus__boltzina_vina_far_binary,0.5,9300,True,0,0.0,True
assay_envelope,plus__boltzina_vina_far_binary,1.0,9300,True,0,0.0,True
assay_envelope,availability__boltzina_vina_zero_affinity,0.125,9300,True,0,0.0,True
assay_envelope,availability__boltzina_vina_zero_affinity,0.25,9300,True,0,0.0,True
assay_envelope,availability__boltzina_vina_zero_affinity,0.5,9300,True,0,0.0,True
assay_envelope,availability__boltzina_vina_zero_affinity,1.0,9300,True,0,0.0,True
assay_envelope,plus__boltzina_vina_zero_affinity,0.125,9300,True,0,0.0,True
assay_envelope,plus__boltzina_vina_zero_affinity,0.25,9300,True,0,0.0,True
assay_envelope,plus__boltzina_vina_zero_affinity,0.5,9300,True,0,0.0,True
assay_envelope,plus__boltzina_vina_zero_affinity,1.0,9300,True,0,0.0,True
assay_envelope,availability__boltzina_vina_zero_binary,0.125,9300,True,0,0.0,True
assay_envelope,availability__boltzina_vina_zero_binary,0.25,9300,True,0,0.0,True
assay_envelope,availability__boltzina_vina_zero_binary,0.5,9300,True,0,0.0,True
assay_envelope,availability__boltzina_vina_zero_binary,1.0,9300,True,0,0.0,True
assay_envelope,plus__boltzina_vina_zero_binary,0.125,9300,True,0,0.0,True
assay_envelope,plus__boltzina_vina_zero_binary,0.25,9300,True,0,0.0,True
assay_envelope,plus__boltzina_vina_zero_binary,0.5,9300,True,0,0.0,True
assay_envelope,plus__boltzina_vina_zero_binary,1.0,9300,True,0,0.0,True
assay_envelope,availability__gnina,0.125,9300,True,0,0.0,True
assay_envelope,availability__gnina,0.25,9300,True,0,0.0,True
assay_envelope,availability__gnina,0.5,9300,True,0,0.0,True
assay_envelope,availability__gnina,1.0,9300,True,0,0.0,True
assay_envelope,plus__gnina,0.125,9300,True,0,0.0,True
assay_envelope,plus__gnina,0.25,9300,True,0,0.0,True
assay_envelope,plus__gnina,0.5,9300,True,0,0.0,True
assay_envelope,plus__gnina,1.0,9300,True,0,0.0,True
assay_envelope,availability__nesso_affinity,0.125,9300,True,0,0.0,True
assay_envelope,availability__nesso_affinity,0.25,9300,True,0,0.0,True
assay_envelope,availability__nesso_affinity,0.5,9300,True,0,0.0,True
assay_envelope,availability__nesso_affinity,1.0,9300,True,0,0.0,True
assay_envelope,plus__nesso_affinity,0.125,9300,True,0,0.0,True
assay_envelope,plus__nesso_affinity,0.25,9300,True,0,0.0,True
assay_envelope,plus__nesso_affinity,0.5,9300,True,0,0.0,True
assay_envelope,plus__nesso_affinity,1.0,9300,True,0,0.0,True
assay_envelope,availability__nesso_binary,0.125,9300,True,0,0.0,True
assay_envelope,availability__nesso_binary,0.25,9300,True,0,0.0,True
assay_envelope,availability__nesso_binary,0.5,9300,True,0,0.0,True
assay_envelope,availability__nesso_binary,1.0,9300,True,0,0.0,True
assay_envelope,plus__nesso_binary,0.125,9300,True,0,0.0,True
assay_envelope,plus__nesso_binary,0.25,9300,True,0,0.0,True
assay_envelope,plus__nesso_binary,0.5,9300,True,0,0.0,True
assay_envelope,plus__nesso_binary,1.0,9300,True,0,0.0,True
assay_envelope,availability__raw_ad4,0.125,9300,True,0,0.0,True
assay_envelope,availability__raw_ad4,0.25,9300,True,0,0.0,True
assay_envelope,availability__raw_ad4,0.5,9300,True,0,0.0,True
assay_envelope,availability__raw_ad4,1.0,9300,True,0,0.0,True
assay_envelope,plus__raw_ad4,0.125,9300,True,0,0.0,True
assay_envelope,plus__raw_ad4,0.25,9300,True,0,0.0,True
assay_envelope,plus__raw_ad4,0.5,9300,True,0,0.0,True
assay_envelope,plus__raw_ad4,1.0,9300,True,0,0.0,True
assay_envelope,availability__raw_gnina_own,0.125,9300,True,0,0.0,True
assay_envelope,availability__raw_gnina_own,0.25,9300,True,0,0.0,True
assay_envelope,availability__raw_gnina_own,0.5,9300,True,0,0.0,True
assay_envelope,availability__raw_gnina_own,1.0,9300,True,0,0.0,True
assay_envelope,plus__raw_gnina_own,0.125,9300,True,0,0.0,True
assay_envelope,plus__raw_gnina_own,0.25,9300,True,0,0.0,True
assay_envelope,plus__raw_gnina_own,0.5,9300,True,0,0.0,True
assay_envelope,plus__raw_gnina_own,1.0,9300,True,0,0.0,True
assay_envelope,availability__vina,0.125,9300,True,0,0.0,True
assay_envelope,availability__vina,0.25,9300,True,0,0.0,True
assay_envelope,availability__vina,0.5,9300,True,0,0.0,True
assay_envelope,availability__vina,1.0,9300,True,0,0.0,True
assay_envelope,plus__vina,0.125,9300,True,0,0.0,True
assay_envelope,plus__vina,0.25,9300,True,0,0.0,True
assay_envelope,plus__vina,0.5,9300,True,0,0.0,True
assay_envelope,plus__vina,1.0,9300,True,0,0.0,True
